id,timestamp,frequency_hz,anomaly_type,confidence_score,severity,description,detection_mode,spectrum_data_id,metadata
067ad061-ddf5-40af-9691-3be87230a8a0,2025-08-20T15:54:31.116889,98189195.61319321,amplitude,1.0,critical,"Peak at 98.189196 MHz, SNR=29.0 dB, score=1.00",lite,43537f9d-cc99-4609-928b-911b44229e0a,"{""peak_power"": 7511.57666015625, ""baseline_power"": 9.5025634765625, ""bin_index"": 621156, ""fft_size"": 1048576, ""interp_delta_bins"": 0.1539549217518048, ""freq_bin_hz"": 1.953125, ""dc_exclude_hz"": 5000.0, ""edge_exclude_hz"": 10000.0, ""novelty_enabled"": true, ""novelty_freq_tol_hz"": 5000.0, ""novelty_cooldown_s"": 3.0, ""novelty_score_delta"": 0.15, ""min_snr_db"": 8.0, ""min_prominence_db"": 6.0, ""local_window_bins"": 5, ""neighbor_support_db"": 3.0, ""method"": ""periodogram:hann+interp+dc_notch+edge_notch+guards+novelty+prominence""}"
b24f8d14-1d22-4213-9d57-9fcf13647c5c,2025-08-20T15:54:44.634313,98199327.52068,amplitude,1.0,critical,"Peak at 98.199328 MHz, SNR=29.0 dB, score=1.00",lite,142b27d6-e0cb-4b8b-a5ca-9fdebba14f41,"{""peak_power"": 7581.0029296875, ""baseline_power"": 9.451576232910156, ""bin_index"": 626344, ""fft_size"": 1048576, ""interp_delta_bins"": -0.3094118434982857, ""freq_bin_hz"": 1.953125, ""dc_exclude_hz"": 5000.0, ""edge_exclude_hz"": 10000.0, ""novelty_enabled"": true, ""novelty_freq_tol_hz"": 5000.0, ""novelty_cooldown_s"": 3.0, ""novelty_score_delta"": 0.15, ""min_snr_db"": 8.0, ""min_prominence_db"": 6.0, ""local_window_bins"": 5, ""neighbor_support_db"": 3.0, ""method"": ""periodogram:hann+interp+dc_notch+edge_notch+guards+novelty+prominence""}"
3764e964-8922-4234-b246-23e6adbc8345,2025-08-20T15:54:58.667840,98189947.74867065,amplitude,1.0,critical,"Peak at 98.189948 MHz, SNR=26.5 dB, score=1.00",lite,7462f318-03b0-47ef-a6bd-bf1d627dffb1,"{""peak_power"": 4181.189453125, ""baseline_power"": 9.395330429077148, ""bin_index"": 621541, ""fft_size"": 1048576, ""interp_delta_bins"": 0.24731937725421166, ""freq_bin_hz"": 1.953125, ""dc_exclude_hz"": 5000.0, ""edge_exclude_hz"": 10000.0, ""novelty_enabled"": true, ""novelty_freq_tol_hz"": 5000.0, ""novelty_cooldown_s"": 3.0, ""novelty_score_delta"": 0.15, ""min_snr_db"": 8.0, ""min_prominence_db"": 6.0, ""local_window_bins"": 5, ""neighbor_support_db"": 3.0, ""method"": ""periodogram:hann+interp+dc_notch+edge_notch+guards+novelty+prominence""}"
42202e49-2a6b-4a70-ab6d-d249f00dd5df,2025-08-20T15:55:18.905199,98191737.72696428,amplitude,1.0,critical,"Peak at 98.191738 MHz, SNR=28.6 dB, score=1.00",lite,87b9f7f3-9e37-4c92-9173-0ca127a1cff6,"{""peak_power"": 6867.4345703125, ""baseline_power"": 9.45817756652832, ""bin_index"": 622458, ""fft_size"": 1048576, ""interp_delta_bins"": -0.28379428555246183, ""freq_bin_hz"": 1.953125, ""dc_exclude_hz"": 5000.0, ""edge_exclude_hz"": 10000.0, ""novelty_enabled"": true, ""novelty_freq_tol_hz"": 5000.0, ""novelty_cooldown_s"": 3.0, ""novelty_score_delta"": 0.15, ""min_snr_db"": 8.0, ""min_prominence_db"": 6.0, ""local_window_bins"": 5, ""neighbor_support_db"": 3.0, ""method"": ""periodogram:hann+interp+dc_notch+edge_notch+guards+novelty+prominence""}"
28d51a6d-feba-4b42-bd3a-9df09348c816,2025-08-20T16:38:34.364648,98196775.66644649,amplitude,1.0,critical,"Peak at 98.196776 MHz, SNR=32.3 dB, score=1.00",lite,cfc27c3c-6615-4e71-b79e-3843abcb8741,"{""peak_power"": 16019.470703125, ""baseline_power"": 9.433960914611816, ""bin_index"": 625037, ""fft_size"": 1048576, ""interp_delta_bins"": 0.14122060486471996, ""freq_bin_hz"": 1.953125, ""dc_exclude_hz"": 5000.0, ""edge_exclude_hz"": 10000.0, ""novelty_enabled"": true, ""novelty_freq_tol_hz"": 5000.0, ""novelty_cooldown_s"": 3.0, ""novelty_score_delta"": 0.15, ""min_snr_db"": 8.0, ""min_prominence_db"": 6.0, ""local_window_bins"": 5, ""neighbor_support_db"": 3.0, ""method"": ""periodogram:hann+interp+dc_notch+edge_notch+guards+novelty+prominence""}"
03a7348c-e89d-4d86-a4ce-8bddfa4bb8a0,2025-08-20T16:38:40.919744,98192146.20555359,amplitude,1.0,critical,"Peak at 98.192146 MHz, SNR=29.4 dB, score=1.00",lite,c2b59a4d-aecd-4415-90b6-0510d5eae4f5,"{""peak_power"": 8309.751953125, ""baseline_power"": 9.436051368713379, ""bin_index"": 622667, ""fft_size"": 1048576, ""interp_delta_bins"": -0.14275656356607871, ""freq_bin_hz"": 1.953125, ""dc_exclude_hz"": 5000.0, ""edge_exclude_hz"": 10000.0, ""novelty_enabled"": true, ""novelty_freq_tol_hz"": 5000.0, ""novelty_cooldown_s"": 3.0, ""novelty_score_delta"": 0.15, ""min_snr_db"": 8.0, ""min_prominence_db"": 6.0, ""local_window_bins"": 5, ""neighbor_support_db"": 3.0, ""method"": ""periodogram:hann+interp+dc_notch+edge_notch+guards+novelty+prominence""}"
861f669c-75a1-45a2-ba14-2cb76f530926,2025-08-20T16:38:49.176300,98191408.85639016,amplitude,1.0,critical,"Peak at 98.191409 MHz, SNR=32.0 dB, score=1.00",lite,0da6f790-a5ad-4242-a4bd-1e39bca9d0c3,"{""peak_power"": 14954.94921875, ""baseline_power"": 9.349403381347656, ""bin_index"": 622289, ""fft_size"": 1048576, ""interp_delta_bins"": 0.33447176478766694, ""freq_bin_hz"": 1.953125, ""dc_exclude_hz"": 5000.0, ""edge_exclude_hz"": 10000.0, ""novelty_enabled"": true, ""novelty_freq_tol_hz"": 5000.0, ""novelty_cooldown_s"": 3.0, ""novelty_score_delta"": 0.15, ""min_snr_db"": 8.0, ""min_prominence_db"": 6.0, ""local_window_bins"": 5, ""neighbor_support_db"": 3.0, ""method"": ""periodogram:hann+interp+dc_notch+edge_notch+guards+novelty+prominence""}"
11510d70-19ce-41d4-95a8-04450c713386,2025-08-20T16:38:55.733538,98174872.62319878,amplitude,1.0,critical,"Peak at 98.174873 MHz, SNR=27.0 dB, score=1.00",lite,bf7617cb-0d55-4b33-a840-3434ea78af07,"{""peak_power"": 4721.4609375, ""baseline_power"": 9.413625717163086, ""bin_index"": 613823, ""fft_size"": 1048576, ""interp_delta_bins"": -0.2169222289192816, ""freq_bin_hz"": 1.953125, ""dc_exclude_hz"": 5000.0, ""edge_exclude_hz"": 10000.0, ""novelty_enabled"": true, ""novelty_freq_tol_hz"": 5000.0, ""novelty_cooldown_s"": 3.0, ""novelty_score_delta"": 0.15, ""min_snr_db"": 8.0, ""min_prominence_db"": 6.0, ""local_window_bins"": 5, ""neighbor_support_db"": 3.0, ""method"": ""periodogram:hann+interp+dc_notch+edge_notch+guards+novelty+prominence""}"
f126d865-f79f-4437-ac7e-5d1b5e93ad70,2025-08-20T16:39:19.177573,98197112.53050321,amplitude,1.0,critical,"Peak at 98.197113 MHz, SNR=28.8 dB, score=1.00",lite,8a7784e2-56ce-4fab-9966-474217f1d8f1,"{""peak_power"": 7260.80859375, ""baseline_power"": 9.474406242370605, ""bin_index"": 625210, ""fft_size"": 1048576, ""interp_delta_bins"": -0.3843823560551137, ""freq_bin_hz"": 1.953125, ""dc_exclude_hz"": 5000.0, ""edge_exclude_hz"": 10000.0, ""novelty_enabled"": true, ""novelty_freq_tol_hz"": 5000.0, ""novelty_cooldown_s"": 3.0, ""novelty_score_delta"": 0.15, ""min_snr_db"": 8.0, ""min_prominence_db"": 6.0, ""local_window_bins"": 5, ""neighbor_support_db"": 3.0, ""method"": ""periodogram:hann+interp+dc_notch+edge_notch+guards+novelty+prominence""}"
3c5636c4-021a-4b4e-b33c-ca9a0461c4b3,2025-08-20T16:39:25.736723,98186692.97576526,amplitude,1.0,critical,"Peak at 98.186693 MHz, SNR=29.4 dB, score=1.00",lite,d11b6b1a-9e97-4e49-8228-45268dbae922,"{""peak_power"": 8205.126953125, ""baseline_power"": 9.471719741821289, ""bin_index"": 619875, ""fft_size"": 1048576, ""interp_delta_bins"": -0.19640819101393828, ""freq_bin_hz"": 1.953125, ""dc_exclude_hz"": 5000.0, ""edge_exclude_hz"": 10000.0, ""novelty_enabled"": true, ""novelty_freq_tol_hz"": 5000.0, ""novelty_cooldown_s"": 3.0, ""novelty_score_delta"": 0.15, ""min_snr_db"": 8.0, ""min_prominence_db"": 6.0, ""local_window_bins"": 5, ""neighbor_support_db"": 3.0, ""method"": ""periodogram:hann+interp+dc_notch+edge_notch+guards+novelty+prominence""}"
bd3eb63e-9cc6-4560-90d5-0d9fb9479471,2025-08-20T16:39:34.150892,98192709.47547622,amplitude,1.0,critical,"Peak at 98.192709 MHz, SNR=27.6 dB, score=1.00",lite,d5df0b9b-0fce-413a-9b03-68217cd260b1,"{""peak_power"": 5453.19140625, ""baseline_power"": 9.490459442138672, ""bin_index"": 622955, ""fft_size"": 1048576, ""interp_delta_bins"": 0.2514438221401965, ""freq_bin_hz"": 1.953125, ""dc_exclude_hz"": 5000.0, ""edge_exclude_hz"": 10000.0, ""novelty_enabled"": true, ""novelty_freq_tol_hz"": 5000.0, ""novelty_cooldown_s"": 3.0, ""novelty_score_delta"": 0.15, ""min_snr_db"": 8.0, ""min_prominence_db"": 6.0, ""local_window_bins"": 5, ""neighbor_support_db"": 3.0, ""method"": ""periodogram:hann+interp+dc_notch+edge_notch+guards+novelty+prominence""}"
b03ed1d8-c51a-45e7-aff7-1c057515fc25,2025-08-20T16:39:40.711863,98198133.52227257,amplitude,1.0,critical,"Peak at 98.198134 MHz, SNR=27.7 dB, score=1.00",lite,d6c95ddd-3dee-480c-a3c6-b3b72bd859cb,"{""peak_power"": 5535.7529296875, ""baseline_power"": 9.399779319763184, ""bin_index"": 625732, ""fft_size"": 1048576, ""interp_delta_bins"": 0.36340355379522066, ""freq_bin_hz"": 1.953125, ""dc_exclude_hz"": 5000.0, ""edge_exclude_hz"": 10000.0, ""novelty_enabled"": true, ""novelty_freq_tol_hz"": 5000.0, ""novelty_cooldown_s"": 3.0, ""novelty_score_delta"": 0.15, ""min_snr_db"": 8.0, ""min_prominence_db"": 6.0, ""local_window_bins"": 5, ""neighbor_support_db"": 3.0, ""method"": ""periodogram:hann+interp+dc_notch+edge_notch+guards+novelty+prominence""}"
05730682-7ed3-44c6-869c-6465ec353232,2025-08-20T16:39:48.775737,98194811.88107173,amplitude,1.0,critical,"Peak at 98.194812 MHz, SNR=28.4 dB, score=1.00",lite,4c67852d-cb65-4675-8cc8-dfff5ea9bab4,"{""peak_power"": 6543.638671875, ""baseline_power"": 9.45584487915039, ""bin_index"": 624032, ""fft_size"": 1048576, ""interp_delta_bins"": -0.31689127710444326, ""freq_bin_hz"": 1.953125, ""dc_exclude_hz"": 5000.0, ""edge_exclude_hz"": 10000.0, ""novelty_enabled"": true, ""novelty_freq_tol_hz"": 5000.0, ""novelty_cooldown_s"": 3.0, ""novelty_score_delta"": 0.15, ""min_snr_db"": 8.0, ""min_prominence_db"": 6.0, ""local_window_bins"": 5, ""neighbor_support_db"": 3.0, ""method"": ""periodogram:hann+interp+dc_notch+edge_notch+guards+novelty+prominence""}"
18f64e6c-921f-479a-8e00-632be5dd7800,2025-08-20T16:39:55.331188,98197985.28375803,amplitude,1.0,critical,"Peak at 98.197985 MHz, SNR=27.6 dB, score=1.00",lite,88ff2b7e-896e-4368-88ee-61deb464ad29,"{""peak_power"": 5452.103515625, ""baseline_power"": 9.392740249633789, ""bin_index"": 625656, ""fft_size"": 1048576, ""interp_delta_bins"": 0.4652841087077005, ""freq_bin_hz"": 1.953125, ""dc_exclude_hz"": 5000.0, ""edge_exclude_hz"": 10000.0, ""novelty_enabled"": true, ""novelty_freq_tol_hz"": 5000.0, ""novelty_cooldown_s"": 3.0, ""novelty_score_delta"": 0.15, ""min_snr_db"": 8.0, ""min_prominence_db"": 6.0, ""local_window_bins"": 5, ""neighbor_support_db"": 3.0, ""method"": ""periodogram:hann+interp+dc_notch+edge_notch+guards+novelty+prominence""}"
1a096d12-ecbb-43ac-aa00-69468dec998b,2025-08-20T16:40:03.785795,98170998.24168107,amplitude,1.0,critical,"Peak at 98.170998 MHz, SNR=26.8 dB, score=1.00",lite,67325d51-dd69-4ecd-8358-c7c36f79ac73,"{""peak_power"": 4534.759765625, ""baseline_power"": 9.487740516662598, ""bin_index"": 611839, ""fft_size"": 1048576, ""interp_delta_bins"": 0.09974070536674629, ""freq_bin_hz"": 1.953125, ""dc_exclude_hz"": 5000.0, ""edge_exclude_hz"": 10000.0, ""novelty_enabled"": true, ""novelty_freq_tol_hz"": 5000.0, ""novelty_cooldown_s"": 3.0, ""novelty_score_delta"": 0.15, ""min_snr_db"": 8.0, ""min_prominence_db"": 6.0, ""local_window_bins"": 5, ""neighbor_support_db"": 3.0, ""method"": ""periodogram:hann+interp+dc_notch+edge_notch+guards+novelty+prominence""}"
cc382138-e219-4944-ae3e-7f508fe88be0,2025-08-20T16:40:10.348471,98175319.21636494,amplitude,1.0,critical,"Peak at 98.175319 MHz, SNR=27.3 dB, score=1.00",lite,9f8e6fdb-9102-4f43-aaac-f08738ce241b,"{""peak_power"": 5117.75390625, ""baseline_power"": 9.433966636657715, ""bin_index"": 614051, ""fft_size"": 1048576, ""interp_delta_bins"": 0.4387788468879718, ""freq_bin_hz"": 1.953125, ""dc_exclude_hz"": 5000.0, ""edge_exclude_hz"": 10000.0, ""novelty_enabled"": true, ""novelty_freq_tol_hz"": 5000.0, ""novelty_cooldown_s"": 3.0, ""novelty_score_delta"": 0.15, ""min_snr_db"": 8.0, ""min_prominence_db"": 6.0, ""local_window_bins"": 5, ""neighbor_support_db"": 3.0, ""method"": ""periodogram:hann+interp+dc_notch+edge_notch+guards+novelty+prominence""}"
1e6160d6-191e-4f63-89a7-6c351c3e2785,2025-08-20T16:40:25.429438,98186724.80417988,amplitude,1.0,critical,"Peak at 98.186725 MHz, SNR=27.9 dB, score=1.00",lite,32e62d14-df96-4791-a6b9-7229eb3da2d9,"{""peak_power"": 5842.52734375, ""baseline_power"": 9.477065086364746, ""bin_index"": 619891, ""fft_size"": 1048576, ""interp_delta_bins"": 0.09974009676021085, ""freq_bin_hz"": 1.953125, ""dc_exclude_hz"": 5000.0, ""edge_exclude_hz"": 10000.0, ""novelty_enabled"": true, ""novelty_freq_tol_hz"": 5000.0, ""novelty_cooldown_s"": 3.0, ""novelty_score_delta"": 0.15, ""min_snr_db"": 8.0, ""min_prominence_db"": 6.0, ""local_window_bins"": 5, ""neighbor_support_db"": 3.0, ""method"": ""periodogram:hann+interp+dc_notch+edge_notch+guards+novelty+prominence""}"
05668f01-ee52-4d12-97eb-9adaa5c19c7d,2025-08-20T16:40:33.657482,98179344.38650404,amplitude,1.0,critical,"Peak at 98.179344 MHz, SNR=27.4 dB, score=1.00",lite,674bb297-2c72-47bf-ad23-e79524d00e96,"{""peak_power"": 6472.947265625, ""baseline_power"": 11.850364685058594, ""bin_index"": 616112, ""fft_size"": 1048576, ""interp_delta_bins"": 0.3258900694293472, ""freq_bin_hz"": 1.953125, ""dc_exclude_hz"": 5000.0, ""edge_exclude_hz"": 10000.0, ""novelty_enabled"": true, ""novelty_freq_tol_hz"": 5000.0, ""novelty_cooldown_s"": 3.0, ""novelty_score_delta"": 0.15, ""min_snr_db"": 8.0, ""min_prominence_db"": 6.0, ""local_window_bins"": 5, ""neighbor_support_db"": 3.0, ""method"": ""periodogram:hann+interp+dc_notch+edge_notch+guards+novelty+prominence""}"
4bbb0164-4f00-4cad-97dd-d17c14ae0fc2,2025-08-20T16:40:41.278543,98187699.85846506,amplitude,1.0,critical,"Peak at 98.187700 MHz, SNR=28.0 dB, score=1.00",lite,bcec29e4-09bb-455c-a84b-08131305ffa7,"{""peak_power"": 6007.662109375, ""baseline_power"": 9.42724895477295, ""bin_index"": 620390, ""fft_size"": 1048576, ""interp_delta_bins"": 0.32753410857981186, ""freq_bin_hz"": 1.953125, ""dc_exclude_hz"": 5000.0, ""edge_exclude_hz"": 10000.0, ""novelty_enabled"": true, ""novelty_freq_tol_hz"": 5000.0, ""novelty_cooldown_s"": 3.0, ""novelty_score_delta"": 0.15, ""min_snr_db"": 8.0, ""min_prominence_db"": 6.0, ""local_window_bins"": 5, ""neighbor_support_db"": 3.0, ""method"": ""periodogram:hann+interp+dc_notch+edge_notch+guards+novelty+prominence""}"
444b4ccd-c21d-469b-a905-8d8e29af9e09,2025-08-20T16:40:55.431693,98193201.80485259,amplitude,1.0,critical,"Peak at 98.193202 MHz, SNR=28.8 dB, score=1.00",lite,11352eed-7233-4399-9248-c31cdb812d63,"{""peak_power"": 7097.0341796875, ""baseline_power"": 9.413518905639648, ""bin_index"": 623207, ""fft_size"": 1048576, ""interp_delta_bins"": 0.3240845271221036, ""freq_bin_hz"": 1.953125, ""dc_exclude_hz"": 5000.0, ""edge_exclude_hz"": 10000.0, ""novelty_enabled"": true, ""novelty_freq_tol_hz"": 5000.0, ""novelty_cooldown_s"": 3.0, ""novelty_score_delta"": 0.15, ""min_snr_db"": 8.0, ""min_prominence_db"": 6.0, ""local_window_bins"": 5, ""neighbor_support_db"": 3.0, ""method"": ""periodogram:hann+interp+dc_notch+edge_notch+guards+novelty+prominence""}"
05504070-bab5-41af-b2bf-db6decc87b18,2025-08-20T16:41:08.528626,98209932.90068987,amplitude,1.0,critical,"Peak at 98.209933 MHz, SNR=28.0 dB, score=1.00",lite,1f845026-f963-4872-a28f-1c219d565ed0,"{""peak_power"": 5962.90087890625, ""baseline_power"": 9.403776168823242, ""bin_index"": 631774, ""fft_size"": 1048576, ""interp_delta_bins"": -0.35484678516838963, ""freq_bin_hz"": 1.953125, ""dc_exclude_hz"": 5000.0, ""edge_exclude_hz"": 10000.0, ""novelty_enabled"": true, ""novelty_freq_tol_hz"": 5000.0, ""novelty_cooldown_s"": 3.0, ""novelty_score_delta"": 0.15, ""min_snr_db"": 8.0, ""min_prominence_db"": 6.0, ""local_window_bins"": 5, ""neighbor_support_db"": 3.0, ""method"": ""periodogram:hann+interp+dc_notch+edge_notch+guards+novelty+prominence""}"
6ec1a2e0-057d-4da6-add5-17e4c7cc91cb,2025-08-20T16:41:28.495528,98202910.13292505,amplitude,1.0,critical,"Peak at 98.202910 MHz, SNR=29.3 dB, score=1.00",lite,d1f7d8ea-233d-415e-89d1-c410bcad15bf,"{""peak_power"": 7924.34765625, ""baseline_power"": 9.384052276611328, ""bin_index"": 628178, ""fft_size"": 1048576, ""interp_delta_bins"": -0.011942374393386563, ""freq_bin_hz"": 1.953125, ""dc_exclude_hz"": 5000.0, ""edge_exclude_hz"": 10000.0, ""novelty_enabled"": true, ""novelty_freq_tol_hz"": 5000.0, ""novelty_cooldown_s"": 3.0, ""novelty_score_delta"": 0.15, ""min_snr_db"": 8.0, ""min_prominence_db"": 6.0, ""local_window_bins"": 5, ""neighbor_support_db"": 3.0, ""method"": ""periodogram:hann+interp+dc_notch+edge_notch+guards+novelty+prominence""}"
c36374e5-bc34-4076-8742-dd1d99dfef48,2025-08-20T16:41:41.953382,98176497.10178484,amplitude,1.0,critical,"Peak at 98.176497 MHz, SNR=30.0 dB, score=1.00",lite,642bf00c-0e3d-4ac5-9a0d-54d9ed04de1e,"{""peak_power"": 9426.9326171875, ""baseline_power"": 9.378179550170898, ""bin_index"": 614655, ""fft_size"": 1048576, ""interp_delta_bins"": -0.48388615880664854, ""freq_bin_hz"": 1.953125, ""dc_exclude_hz"": 5000.0, ""edge_exclude_hz"": 10000.0, ""novelty_enabled"": true, ""novelty_freq_tol_hz"": 5000.0, ""novelty_cooldown_s"": 3.0, ""novelty_score_delta"": 0.15, ""min_snr_db"": 8.0, ""min_prominence_db"": 6.0, ""local_window_bins"": 5, ""neighbor_support_db"": 3.0, ""method"": ""periodogram:hann+interp+dc_notch+edge_notch+guards+novelty+prominence""}"
f0382bbf-2d30-4bfa-96e8-e949b38aacfa,2025-08-20T16:41:48.503803,98170922.9657333,amplitude,1.0,critical,"Peak at 98.170923 MHz, SNR=28.2 dB, score=1.00",lite,3a080449-15d9-4774-81d4-38557049b626,"{""peak_power"": 6284.3076171875, ""baseline_power"": 9.41553020477295, ""bin_index"": 611801, ""fft_size"": 1048576, ""interp_delta_bins"": -0.4415445501887351, ""freq_bin_hz"": 1.953125, ""dc_exclude_hz"": 5000.0, ""edge_exclude_hz"": 10000.0, ""novelty_enabled"": true, ""novelty_freq_tol_hz"": 5000.0, ""novelty_cooldown_s"": 3.0, ""novelty_score_delta"": 0.15, ""min_snr_db"": 8.0, ""min_prominence_db"": 6.0, ""local_window_bins"": 5, ""neighbor_support_db"": 3.0, ""method"": ""periodogram:hann+interp+dc_notch+edge_notch+guards+novelty+prominence""}"
05e7bb2e-bfae-43a6-8c65-670cd4e4292b,2025-08-20T16:41:55.398225,98190892.68164204,amplitude,1.0,critical,"Peak at 98.190893 MHz, SNR=26.7 dB, score=1.00",lite,e66afac0-6e01-4ea0-8778-8c8c5b02c903,"{""peak_power"": 4467.84912109375, ""baseline_power"": 9.450346946716309, ""bin_index"": 622025, ""fft_size"": 1048576, ""interp_delta_bins"": 0.053000725345301314, ""freq_bin_hz"": 1.953125, ""dc_exclude_hz"": 5000.0, ""edge_exclude_hz"": 10000.0, ""novelty_enabled"": true, ""novelty_freq_tol_hz"": 5000.0, ""novelty_cooldown_s"": 3.0, ""novelty_score_delta"": 0.15, ""min_snr_db"": 8.0, ""min_prominence_db"": 6.0, ""local_window_bins"": 5, ""neighbor_support_db"": 3.0, ""method"": ""periodogram:hann+interp+dc_notch+edge_notch+guards+novelty+prominence""}"
e30c4d08-3369-4008-bc74-d04f97049a80,2025-08-20T16:42:01.934900,98184207.62125905,amplitude,1.0,critical,"Peak at 98.184208 MHz, SNR=27.1 dB, score=1.00",lite,a8e30ec2-8eab-4b89-84c0-bacf64639849,"{""peak_power"": 4837.54150390625, ""baseline_power"": 9.442797660827637, ""bin_index"": 618602, ""fft_size"": 1048576, ""interp_delta_bins"": 0.30208463625351417, ""freq_bin_hz"": 1.953125, ""dc_exclude_hz"": 5000.0, ""edge_exclude_hz"": 10000.0, ""novelty_enabled"": true, ""novelty_freq_tol_hz"": 5000.0, ""novelty_cooldown_s"": 3.0, ""novelty_score_delta"": 0.15, ""min_snr_db"": 8.0, ""min_prominence_db"": 6.0, ""local_window_bins"": 5, ""neighbor_support_db"": 3.0, ""method"": ""periodogram:hann+interp+dc_notch+edge_notch+guards+novelty+prominence""}"
0a54d353-94ee-4250-bcd3-772500ef9f93,2025-08-20T16:42:08.492872,98199730.79264557,amplitude,1.0,critical,"Peak at 98.199731 MHz, SNR=26.6 dB, score=1.00",lite,bd11244c-741a-4ff4-8f07-fbaebad0a5b0,"{""peak_power"": 4363.4013671875, ""baseline_power"": 9.459186553955078, ""bin_index"": 626550, ""fft_size"": 1048576, ""interp_delta_bins"": 0.1658345369715204, ""freq_bin_hz"": 1.953125, ""dc_exclude_hz"": 5000.0, ""edge_exclude_hz"": 10000.0, ""novelty_enabled"": true, ""novelty_freq_tol_hz"": 5000.0, ""novelty_cooldown_s"": 3.0, ""novelty_score_delta"": 0.15, ""min_snr_db"": 8.0, ""min_prominence_db"": 6.0, ""local_window_bins"": 5, ""neighbor_support_db"": 3.0, ""method"": ""periodogram:hann+interp+dc_notch+edge_notch+guards+novelty+prominence""}"
a3cd1175-1a9e-4bff-9e9d-53b3c227014d,2025-08-20T16:42:15.393618,98214885.70728421,amplitude,1.0,critical,"Peak at 98.214886 MHz, SNR=26.6 dB, score=1.00",lite,da8a9e4f-459c-477a-9ba8-7fd639cc692a,"{""peak_power"": 4344.86328125, ""baseline_power"": 9.449405670166016, ""bin_index"": 634309, ""fft_size"": 1048576, ""interp_delta_bins"": 0.4821295133912249, ""freq_bin_hz"": 1.953125, ""dc_exclude_hz"": 5000.0, ""edge_exclude_hz"": 10000.0, ""novelty_enabled"": true, ""novelty_freq_tol_hz"": 5000.0, ""novelty_cooldown_s"": 3.0, ""novelty_score_delta"": 0.15, ""min_snr_db"": 8.0, ""min_prominence_db"": 6.0, ""local_window_bins"": 5, ""neighbor_support_db"": 3.0, ""method"": ""periodogram:hann+interp+dc_notch+edge_notch+guards+novelty+prominence""}"
12a0b08b-92e4-4d78-ad63-30cabd4718a5,2025-08-20T16:42:21.949305,98183123.2440681,amplitude,1.0,critical,"Peak at 98.183123 MHz, SNR=26.9 dB, score=1.00",lite,85003833-db37-4c0d-b589-8389a16226a3,"{""peak_power"": 4622.0595703125, ""baseline_power"": 9.503890037536621, ""bin_index"": 618047, ""fft_size"": 1048576, ""interp_delta_bins"": 0.10096286627875517, ""freq_bin_hz"": 1.953125, ""dc_exclude_hz"": 5000.0, ""edge_exclude_hz"": 10000.0, ""novelty_enabled"": true, ""novelty_freq_tol_hz"": 5000.0, ""novelty_cooldown_s"": 3.0, ""novelty_score_delta"": 0.15, ""min_snr_db"": 8.0, ""min_prominence_db"": 6.0, ""local_window_bins"": 5, ""neighbor_support_db"": 3.0, ""method"": ""periodogram:hann+interp+dc_notch+edge_notch+guards+novelty+prominence""}"
a4774b25-e87d-499e-b33a-f655c2589fa0,2025-08-20T16:42:35.382295,98182580.15508129,amplitude,1.0,critical,"Peak at 98.182580 MHz, SNR=27.4 dB, score=1.00",lite,b8eada4e-d2d5-4314-9cfe-a87a8bcddef7,"{""peak_power"": 5216.34765625, ""baseline_power"": 9.43093490600586, ""bin_index"": 617769, ""fft_size"": 1048576, ""interp_delta_bins"": 0.039401621486360616, ""freq_bin_hz"": 1.953125, ""dc_exclude_hz"": 5000.0, ""edge_exclude_hz"": 10000.0, ""novelty_enabled"": true, ""novelty_freq_tol_hz"": 5000.0, ""novelty_cooldown_s"": 3.0, ""novelty_score_delta"": 0.15, ""min_snr_db"": 8.0, ""min_prominence_db"": 6.0, ""local_window_bins"": 5, ""neighbor_support_db"": 3.0, ""method"": ""periodogram:hann+interp+dc_notch+edge_notch+guards+novelty+prominence""}"
596177d1-c396-4ed3-b20d-cbd856cb7139,2025-08-20T16:42:41.943317,98201468.69793017,amplitude,1.0,critical,"Peak at 98.201469 MHz, SNR=27.1 dB, score=1.00",lite,4c5ef024-c7cf-4c7e-b594-7cfb6cf27188,"{""peak_power"": 4869.67236328125, ""baseline_power"": 9.487351417541504, ""bin_index"": 627440, ""fft_size"": 1048576, ""interp_delta_bins"": -0.026659751481061658, ""freq_bin_hz"": 1.953125, ""dc_exclude_hz"": 5000.0, ""edge_exclude_hz"": 10000.0, ""novelty_enabled"": true, ""novelty_freq_tol_hz"": 5000.0, ""novelty_cooldown_s"": 3.0, ""novelty_score_delta"": 0.15, ""min_snr_db"": 8.0, ""min_prominence_db"": 6.0, ""local_window_bins"": 5, ""neighbor_support_db"": 3.0, ""method"": ""periodogram:hann+interp+dc_notch+edge_notch+guards+novelty+prominence""}"
b0090998-eb7c-4d07-a713-619a6d587441,2025-08-20T16:43:08.496306,98218548.73533121,amplitude,1.0,critical,"Peak at 98.218549 MHz, SNR=26.7 dB, score=1.00",lite,251b17d6-0332-4944-bcf7-23988db6ffa0,"{""peak_power"": 4391.798828125, ""baseline_power"": 9.488546371459961, ""bin_index"": 636185, ""fft_size"": 1048576, ""interp_delta_bins"": -0.0475104222971963, ""freq_bin_hz"": 1.953125, ""dc_exclude_hz"": 5000.0, ""edge_exclude_hz"": 10000.0, ""novelty_enabled"": true, ""novelty_freq_tol_hz"": 5000.0, ""novelty_cooldown_s"": 3.0, ""novelty_score_delta"": 0.15, ""min_snr_db"": 8.0, ""min_prominence_db"": 6.0, ""local_window_bins"": 5, ""neighbor_support_db"": 3.0, ""method"": ""periodogram:hann+interp+dc_notch+edge_notch+guards+novelty+prominence""}"
0b772026-d50a-4fef-ae67-b78e1905c2e9,2025-08-20T16:43:21.944670,98187467.32344557,amplitude,1.0,critical,"Peak at 98.187467 MHz, SNR=27.6 dB, score=1.00",lite,7c5df382-f9ea-4ad4-9cc1-7b1526c21cb4,"{""peak_power"": 5473.2392578125, ""baseline_power"": 9.43872356414795, ""bin_index"": 620271, ""fft_size"": 1048576, ""interp_delta_bins"": 0.2696041318101979, ""freq_bin_hz"": 1.953125, ""dc_exclude_hz"": 5000.0, ""edge_exclude_hz"": 10000.0, ""novelty_enabled"": true, ""novelty_freq_tol_hz"": 5000.0, ""novelty_cooldown_s"": 3.0, ""novelty_score_delta"": 0.15, ""min_snr_db"": 8.0, ""min_prominence_db"": 6.0, ""local_window_bins"": 5, ""neighbor_support_db"": 3.0, ""method"": ""periodogram:hann+interp+dc_notch+edge_notch+guards+novelty+prominence""}"
a3fc5f8b-198b-4d57-be7a-b985fe09cd77,2025-08-20T16:43:28.494161,98182562.35999392,amplitude,1.0,critical,"Peak at 98.182562 MHz, SNR=27.4 dB, score=1.00",lite,0d24dd65-5a37-4905-b428-4205f1d3e088,"{""peak_power"": 5229.66015625, ""baseline_power"": 9.44894790649414, ""bin_index"": 617760, ""fft_size"": 1048576, ""interp_delta_bins"": -0.07168311421839549, ""freq_bin_hz"": 1.953125, ""dc_exclude_hz"": 5000.0, ""edge_exclude_hz"": 10000.0, ""novelty_enabled"": true, ""novelty_freq_tol_hz"": 5000.0, ""novelty_cooldown_s"": 3.0, ""novelty_score_delta"": 0.15, ""min_snr_db"": 8.0, ""min_prominence_db"": 6.0, ""local_window_bins"": 5, ""neighbor_support_db"": 3.0, ""method"": ""periodogram:hann+interp+dc_notch+edge_notch+guards+novelty+prominence""}"
37428186-5f23-434b-a237-250b1045b5dc,2025-08-20T16:43:35.395802,98203702.4829176,amplitude,1.0,critical,"Peak at 98.203702 MHz, SNR=27.4 dB, score=1.00",lite,51aca647-1b45-4812-85a5-5a63e225b613,"{""peak_power"": 5250.07568359375, ""baseline_power"": 9.446693420410156, ""bin_index"": 628584, ""fft_size"": 1048576, ""interp_delta_bins"": -0.32874618390162286, ""freq_bin_hz"": 1.953125, ""dc_exclude_hz"": 5000.0, ""edge_exclude_hz"": 10000.0, ""novelty_enabled"": true, ""novelty_freq_tol_hz"": 5000.0, ""novelty_cooldown_s"": 3.0, ""novelty_score_delta"": 0.15, ""min_snr_db"": 8.0, ""min_prominence_db"": 6.0, ""local_window_bins"": 5, ""neighbor_support_db"": 3.0, ""method"": ""periodogram:hann+interp+dc_notch+edge_notch+guards+novelty+prominence""}"
5b864b5b-ee6f-423b-abaa-fbb63999b982,2025-08-20T16:43:48.517629,98188782.03685017,amplitude,1.0,critical,"Peak at 98.188782 MHz, SNR=27.1 dB, score=1.00",lite,2e3da405-bb25-43dc-8829-e1e20ae38a14,"{""peak_power"": 4850.9677734375, ""baseline_power"": 9.437264442443848, ""bin_index"": 620944, ""fft_size"": 1048576, ""interp_delta_bins"": 0.4028672856628575, ""freq_bin_hz"": 1.953125, ""dc_exclude_hz"": 5000.0, ""edge_exclude_hz"": 10000.0, ""novelty_enabled"": true, ""novelty_freq_tol_hz"": 5000.0, ""novelty_cooldown_s"": 3.0, ""novelty_score_delta"": 0.15, ""min_snr_db"": 8.0, ""min_prominence_db"": 6.0, ""local_window_bins"": 5, ""neighbor_support_db"": 3.0, ""method"": ""periodogram:hann+interp+dc_notch+edge_notch+guards+novelty+prominence""}"
350ba81c-f624-4381-8bb9-b983c851b9f6,2025-08-20T16:43:55.392754,98189270.61338674,amplitude,1.0,critical,"Peak at 98.189271 MHz, SNR=26.3 dB, score=1.00",lite,ec1c3a4b-8229-4519-a804-8d3d53e979f9,"{""peak_power"": 4003.144287109375, ""baseline_power"": 9.489666938781738, ""bin_index"": 621195, ""fft_size"": 1048576, ""interp_delta_bins"": -0.4459459889005139, ""freq_bin_hz"": 1.953125, ""dc_exclude_hz"": 5000.0, ""edge_exclude_hz"": 10000.0, ""novelty_enabled"": true, ""novelty_freq_tol_hz"": 5000.0, ""novelty_cooldown_s"": 3.0, ""novelty_score_delta"": 0.15, ""min_snr_db"": 8.0, ""min_prominence_db"": 6.0, ""local_window_bins"": 5, ""neighbor_support_db"": 3.0, ""method"": ""periodogram:hann+interp+dc_notch+edge_notch+guards+novelty+prominence""}"
b7142d24-da24-4090-93cf-fe0fe1902b5c,2025-08-20T16:44:01.932913,98228973.01622397,amplitude,1.0,critical,"Peak at 98.228973 MHz, SNR=26.7 dB, score=1.00",lite,94d13719-7e64-43e4-9a0d-bc60375ad1ac,"{""peak_power"": 4440.14697265625, ""baseline_power"": 9.41762924194336, ""bin_index"": 641522, ""fft_size"": 1048576, ""interp_delta_bins"": 0.18430666817806077, ""freq_bin_hz"": 1.953125, ""dc_exclude_hz"": 5000.0, ""edge_exclude_hz"": 10000.0, ""novelty_enabled"": true, ""novelty_freq_tol_hz"": 5000.0, ""novelty_cooldown_s"": 3.0, ""novelty_score_delta"": 0.15, ""min_snr_db"": 8.0, ""min_prominence_db"": 6.0, ""local_window_bins"": 5, ""neighbor_support_db"": 3.0, ""method"": ""periodogram:hann+interp+dc_notch+edge_notch+guards+novelty+prominence""}"
485950a7-7447-42ad-a994-eb38d4a75b3b,2025-08-20T16:44:08.552834,98156503.69687593,amplitude,1.0,critical,"Peak at 98.156504 MHz, SNR=26.4 dB, score=1.00",lite,27180589-35d4-43bf-b746-a61707e48e0d,"{""peak_power"": 4106.125, ""baseline_power"": 9.47440242767334, ""bin_index"": 604418, ""fft_size"": 1048576, ""interp_delta_bins"": -0.10719952368971021, ""freq_bin_hz"": 1.953125, ""dc_exclude_hz"": 5000.0, ""edge_exclude_hz"": 10000.0, ""novelty_enabled"": true, ""novelty_freq_tol_hz"": 5000.0, ""novelty_cooldown_s"": 3.0, ""novelty_score_delta"": 0.15, ""min_snr_db"": 8.0, ""min_prominence_db"": 6.0, ""local_window_bins"": 5, ""neighbor_support_db"": 3.0, ""method"": ""periodogram:hann+interp+dc_notch+edge_notch+guards+novelty+prominence""}"
683c52c1-23b7-4020-a5e3-04df3c354991,2025-08-20T16:44:15.390177,98208814.73569153,amplitude,1.0,critical,"Peak at 98.208815 MHz, SNR=26.8 dB, score=1.00",lite,61205fc8-7dad-4418-8fec-64fa934bc98e,"{""peak_power"": 4516.6611328125, ""baseline_power"": 9.437431335449219, ""bin_index"": 631201, ""fft_size"": 1048576, ""interp_delta_bins"": 0.1446740681547941, ""freq_bin_hz"": 1.953125, ""dc_exclude_hz"": 5000.0, ""edge_exclude_hz"": 10000.0, ""novelty_enabled"": true, ""novelty_freq_tol_hz"": 5000.0, ""novelty_cooldown_s"": 3.0, ""novelty_score_delta"": 0.15, ""min_snr_db"": 8.0, ""min_prominence_db"": 6.0, ""local_window_bins"": 5, ""neighbor_support_db"": 3.0, ""method"": ""periodogram:hann+interp+dc_notch+edge_notch+guards+novelty+prominence""}"
1e72c619-d3eb-4f18-94d4-4fc6bbe24114,2025-08-20T16:44:21.939395,98197152.66719808,amplitude,1.0,critical,"Peak at 98.197153 MHz, SNR=29.5 dB, score=1.00",lite,8aa6248b-e2b3-4e52-95b8-48cbb4598fde,"{""peak_power"": 8130.2294921875, ""baseline_power"": 9.225982666015625, ""bin_index"": 625230, ""fft_size"": 1048576, ""interp_delta_bins"": 0.16560541396904324, ""freq_bin_hz"": 1.953125, ""dc_exclude_hz"": 5000.0, ""edge_exclude_hz"": 10000.0, ""novelty_enabled"": true, ""novelty_freq_tol_hz"": 5000.0, ""novelty_cooldown_s"": 3.0, ""novelty_score_delta"": 0.15, ""min_snr_db"": 8.0, ""min_prominence_db"": 6.0, ""local_window_bins"": 5, ""neighbor_support_db"": 3.0, ""method"": ""periodogram:hann+interp+dc_notch+edge_notch+guards+novelty+prominence""}"
9c3112fb-d07c-4de7-9f39-fc886585997c,2025-08-20T16:44:41.927732,98191891.95375669,amplitude,1.0,critical,"Peak at 98.191892 MHz, SNR=28.4 dB, score=1.00",lite,8af68a33-00d9-40db-a291-4adfd6702cc3,"{""peak_power"": 6508.7373046875, ""baseline_power"": 9.380720138549805, ""bin_index"": 622537, ""fft_size"": 1048576, ""interp_delta_bins"": -0.3196765755011231, ""freq_bin_hz"": 1.953125, ""dc_exclude_hz"": 5000.0, ""edge_exclude_hz"": 10000.0, ""novelty_enabled"": true, ""novelty_freq_tol_hz"": 5000.0, ""novelty_cooldown_s"": 3.0, ""novelty_score_delta"": 0.15, ""min_snr_db"": 8.0, ""min_prominence_db"": 6.0, ""local_window_bins"": 5, ""neighbor_support_db"": 3.0, ""method"": ""periodogram:hann+interp+dc_notch+edge_notch+guards+novelty+prominence""}"
cea79b4a-3900-4e4f-a7f0-619ec12c4957,2025-08-20T16:44:55.403232,98193970.33934577,amplitude,1.0,critical,"Peak at 98.193970 MHz, SNR=28.8 dB, score=1.00",lite,7437722f-b299-4802-859e-0fc1daa4cd6f,"{""peak_power"": 7023.736328125, ""baseline_power"": 9.36334228515625, ""bin_index"": 623601, ""fft_size"": 1048576, ""interp_delta_bins"": -0.1862549665481733, ""freq_bin_hz"": 1.953125, ""dc_exclude_hz"": 5000.0, ""edge_exclude_hz"": 10000.0, ""novelty_enabled"": true, ""novelty_freq_tol_hz"": 5000.0, ""novelty_cooldown_s"": 3.0, ""novelty_score_delta"": 0.15, ""min_snr_db"": 8.0, ""min_prominence_db"": 6.0, ""local_window_bins"": 5, ""neighbor_support_db"": 3.0, ""method"": ""periodogram:hann+interp+dc_notch+edge_notch+guards+novelty+prominence""}"
16427dae-b3f7-4fe8-9ca1-e9f0e5cf69c8,2025-08-20T16:45:01.942385,98208858.85243641,amplitude,1.0,critical,"Peak at 98.208859 MHz, SNR=26.8 dB, score=1.00",lite,c4251b9b-3237-469e-af94-5d33281d4730,"{""peak_power"": 4495.96728515625, ""baseline_power"": 9.419900894165039, ""bin_index"": 631224, ""fft_size"": 1048576, ""interp_delta_bins"": -0.2675525570351606, ""freq_bin_hz"": 1.953125, ""dc_exclude_hz"": 5000.0, ""edge_exclude_hz"": 10000.0, ""novelty_enabled"": true, ""novelty_freq_tol_hz"": 5000.0, ""novelty_cooldown_s"": 3.0, ""novelty_score_delta"": 0.15, ""min_snr_db"": 8.0, ""min_prominence_db"": 6.0, ""local_window_bins"": 5, ""neighbor_support_db"": 3.0, ""method"": ""periodogram:hann+interp+dc_notch+edge_notch+guards+novelty+prominence""}"
c2ab16c6-ec0b-4ff2-b2b9-498c03559d2d,2025-08-20T16:45:08.708465,98181623.60854027,amplitude,1.0,critical,"Peak at 98.181624 MHz, SNR=27.8 dB, score=1.00",lite,c0988453-7a92-49c7-bc2e-4ac7fcccde1b,"{""peak_power"": 5648.716796875, ""baseline_power"": 9.35551643371582, ""bin_index"": 617279, ""fft_size"": 1048576, ""interp_delta_bins"": 0.28757261931772277, ""freq_bin_hz"": 1.953125, ""dc_exclude_hz"": 5000.0, ""edge_exclude_hz"": 10000.0, ""novelty_enabled"": true, ""novelty_freq_tol_hz"": 5000.0, ""novelty_cooldown_s"": 3.0, ""novelty_score_delta"": 0.15, ""min_snr_db"": 8.0, ""min_prominence_db"": 6.0, ""local_window_bins"": 5, ""neighbor_support_db"": 3.0, ""method"": ""periodogram:hann+interp+dc_notch+edge_notch+guards+novelty+prominence""}"
2505193c-e2db-447b-98aa-6979189100bc,2025-08-20T16:45:15.393720,98159129.16910382,amplitude,1.0,critical,"Peak at 98.159129 MHz, SNR=28.1 dB, score=1.00",lite,fc6835c5-26d5-44fb-bc56-64cf0d8449e7,"{""peak_power"": 6061.310546875, ""baseline_power"": 9.357179641723633, ""bin_index"": 605762, ""fft_size"": 1048576, ""interp_delta_bins"": 0.13458115374236246, ""freq_bin_hz"": 1.953125, ""dc_exclude_hz"": 5000.0, ""edge_exclude_hz"": 10000.0, ""novelty_enabled"": true, ""novelty_freq_tol_hz"": 5000.0, ""novelty_cooldown_s"": 3.0, ""novelty_score_delta"": 0.15, ""min_snr_db"": 8.0, ""min_prominence_db"": 6.0, ""local_window_bins"": 5, ""neighbor_support_db"": 3.0, ""method"": ""periodogram:hann+interp+dc_notch+edge_notch+guards+novelty+prominence""}"
e823f881-c5e5-4b73-bec5-f37147b1268a,2025-08-20T16:45:21.952427,98186494.16984622,amplitude,1.0,critical,"Peak at 98.186494 MHz, SNR=26.6 dB, score=1.00",lite,a433d67c-c743-468b-bc27-fc114498ad67,"{""peak_power"": 4306.2841796875, ""baseline_power"": 9.416977882385254, ""bin_index"": 619773, ""fft_size"": 1048576, ""interp_delta_bins"": 0.014961269117559682, ""freq_bin_hz"": 1.953125, ""dc_exclude_hz"": 5000.0, ""edge_exclude_hz"": 10000.0, ""novelty_enabled"": true, ""novelty_freq_tol_hz"": 5000.0, ""novelty_cooldown_s"": 3.0, ""novelty_score_delta"": 0.15, ""min_snr_db"": 8.0, ""min_prominence_db"": 6.0, ""local_window_bins"": 5, ""neighbor_support_db"": 3.0, ""method"": ""periodogram:hann+interp+dc_notch+edge_notch+guards+novelty+prominence""}"
36630d33-b3bf-45ef-a31a-2e62eae520cc,2025-08-20T16:45:28.711179,98206261.94949657,amplitude,1.0,critical,"Peak at 98.206262 MHz, SNR=29.2 dB, score=1.00",lite,19e9fe8b-59e7-4292-a613-235759ca3ff7,"{""peak_power"": 7749.92529296875, ""baseline_power"": 9.405924797058105, ""bin_index"": 629894, ""fft_size"": 1048576, ""interp_delta_bins"": 0.11814224274065804, ""freq_bin_hz"": 1.953125, ""dc_exclude_hz"": 5000.0, ""edge_exclude_hz"": 10000.0, ""novelty_enabled"": true, ""novelty_freq_tol_hz"": 5000.0, ""novelty_cooldown_s"": 3.0, ""novelty_score_delta"": 0.15, ""min_snr_db"": 8.0, ""min_prominence_db"": 6.0, ""local_window_bins"": 5, ""neighbor_support_db"": 3.0, ""method"": ""periodogram:hann+interp+dc_notch+edge_notch+guards+novelty+prominence""}"
3a02cc23-aeb7-4378-bc65-0990448f1a36,2025-08-20T16:45:35.396582,98207216.673631,amplitude,1.0,critical,"Peak at 98.207217 MHz, SNR=29.5 dB, score=1.00",lite,072c6ae2-a879-4d33-9788-2c1f77d33bbe,"{""peak_power"": 8337.71875, ""baseline_power"": 9.3130464553833, ""bin_index"": 630383, ""fft_size"": 1048576, ""interp_delta_bins"": -0.06310093245899995, ""freq_bin_hz"": 1.953125, ""dc_exclude_hz"": 5000.0, ""edge_exclude_hz"": 10000.0, ""novelty_enabled"": true, ""novelty_freq_tol_hz"": 5000.0, ""novelty_cooldown_s"": 3.0, ""novelty_score_delta"": 0.15, ""min_snr_db"": 8.0, ""min_prominence_db"": 6.0, ""local_window_bins"": 5, ""neighbor_support_db"": 3.0, ""method"": ""periodogram:hann+interp+dc_notch+edge_notch+guards+novelty+prominence""}"
3a87153a-9511-4780-b4b0-3c81bc92578f,2025-08-20T16:45:41.936064,98186140.78180894,amplitude,1.0,critical,"Peak at 98.186141 MHz, SNR=27.6 dB, score=1.00",lite,3a1725fe-9f6d-4e04-b2e6-e57904c28435,"{""peak_power"": 5389.03955078125, ""baseline_power"": 9.433594703674316, ""bin_index"": 619592, ""fft_size"": 1048576, ""interp_delta_bins"": 0.08028617695881372, ""freq_bin_hz"": 1.953125, ""dc_exclude_hz"": 5000.0, ""edge_exclude_hz"": 10000.0, ""novelty_enabled"": true, ""novelty_freq_tol_hz"": 5000.0, ""novelty_cooldown_s"": 3.0, ""novelty_score_delta"": 0.15, ""min_snr_db"": 8.0, ""min_prominence_db"": 6.0, ""local_window_bins"": 5, ""neighbor_support_db"": 3.0, ""method"": ""periodogram:hann+interp+dc_notch+edge_notch+guards+novelty+prominence""}"
5c9c4893-762e-46e0-a16c-85a7ff000f16,2025-08-20T16:45:55.390838,98190049.26032315,amplitude,1.0,critical,"Peak at 98.190049 MHz, SNR=28.0 dB, score=1.00",lite,f38c1a43-7a8a-4c7b-bd9f-cf2e221236e5,"{""peak_power"": 5958.79736328125, ""baseline_power"": 9.346906661987305, ""bin_index"": 621593, ""fft_size"": 1048576, ""interp_delta_bins"": 0.221285457132, ""freq_bin_hz"": 1.953125, ""dc_exclude_hz"": 5000.0, ""edge_exclude_hz"": 10000.0, ""novelty_enabled"": true, ""novelty_freq_tol_hz"": 5000.0, ""novelty_cooldown_s"": 3.0, ""novelty_score_delta"": 0.15, ""min_snr_db"": 8.0, ""min_prominence_db"": 6.0, ""local_window_bins"": 5, ""neighbor_support_db"": 3.0, ""method"": ""periodogram:hann+interp+dc_notch+edge_notch+guards+novelty+prominence""}"
c47a9ed2-47da-4d71-aa3b-5d3eb88d4bc9,2025-08-20T16:46:08.842666,98187134.9962286,amplitude,1.0,critical,"Peak at 98.187135 MHz, SNR=26.3 dB, score=1.00",lite,f9d80a57-8db5-4d83-acc9-25056aee1270,"{""peak_power"": 3995.294189453125, ""baseline_power"": 9.390868186950684, ""bin_index"": 620101, ""fft_size"": 1048576, ""interp_delta_bins"": 0.11806904259623634, ""freq_bin_hz"": 1.953125, ""dc_exclude_hz"": 5000.0, ""edge_exclude_hz"": 10000.0, ""novelty_enabled"": true, ""novelty_freq_tol_hz"": 5000.0, ""novelty_cooldown_s"": 3.0, ""novelty_score_delta"": 0.15, ""min_snr_db"": 8.0, ""min_prominence_db"": 6.0, ""local_window_bins"": 5, ""neighbor_support_db"": 3.0, ""method"": ""periodogram:hann+interp+dc_notch+edge_notch+guards+novelty+prominence""}"
29362a3b-5d41-48d2-b4aa-88658780c688,2025-08-20T16:46:21.922708,98192270.92771074,amplitude,1.0,critical,"Peak at 98.192271 MHz, SNR=29.4 dB, score=1.00",lite,e56f2238-3843-4ed7-8ff0-cc6ddf9cc445,"{""peak_power"": 8108.90625, ""baseline_power"": 9.36252212524414, ""bin_index"": 622731, ""fft_size"": 1048576, ""interp_delta_bins"": -0.2850121027716131, ""freq_bin_hz"": 1.953125, ""dc_exclude_hz"": 5000.0, ""edge_exclude_hz"": 10000.0, ""novelty_enabled"": true, ""novelty_freq_tol_hz"": 5000.0, ""novelty_cooldown_s"": 3.0, ""novelty_score_delta"": 0.15, ""min_snr_db"": 8.0, ""min_prominence_db"": 6.0, ""local_window_bins"": 5, ""neighbor_support_db"": 3.0, ""method"": ""periodogram:hann+interp+dc_notch+edge_notch+guards+novelty+prominence""}"
9547b61d-f602-4da3-990e-4f067cf9081f,2025-08-20T16:46:28.860002,98186743.57200213,amplitude,1.0,critical,"Peak at 98.186744 MHz, SNR=27.8 dB, score=1.00",lite,5ad8f999-4e86-47d2-9050-ad4ae3b52f3a,"{""peak_power"": 5702.52001953125, ""baseline_power"": 9.372550964355469, ""bin_index"": 619901, ""fft_size"": 1048576, ""interp_delta_bins"": -0.2911349087963652, ""freq_bin_hz"": 1.953125, ""dc_exclude_hz"": 5000.0, ""edge_exclude_hz"": 10000.0, ""novelty_enabled"": true, ""novelty_freq_tol_hz"": 5000.0, ""novelty_cooldown_s"": 3.0, ""novelty_score_delta"": 0.15, ""min_snr_db"": 8.0, ""min_prominence_db"": 6.0, ""local_window_bins"": 5, ""neighbor_support_db"": 3.0, ""method"": ""periodogram:hann+interp+dc_notch+edge_notch+guards+novelty+prominence""}"
0fac5f0b-f0b2-4478-9a8f-15ec896c0d2a,2025-08-20T16:46:35.401044,98188269.46652047,amplitude,1.0,critical,"Peak at 98.188269 MHz, SNR=30.0 dB, score=1.00",lite,6288b0a7-546a-46da-8f04-d45f4126feba,"{""peak_power"": 9244.4150390625, ""baseline_power"": 9.263530731201172, ""bin_index"": 620682, ""fft_size"": 1048576, ""interp_delta_bins"": -0.033141516980921465, ""freq_bin_hz"": 1.953125, ""dc_exclude_hz"": 5000.0, ""edge_exclude_hz"": 10000.0, ""novelty_enabled"": true, ""novelty_freq_tol_hz"": 5000.0, ""novelty_cooldown_s"": 3.0, ""novelty_score_delta"": 0.15, ""min_snr_db"": 8.0, ""min_prominence_db"": 6.0, ""local_window_bins"": 5, ""neighbor_support_db"": 3.0, ""method"": ""periodogram:hann+interp+dc_notch+edge_notch+guards+novelty+prominence""}"
69f700d5-a90a-44b5-a036-7e5bb06e21e7,2025-08-20T16:46:48.884367,98183425.76759441,amplitude,1.0,critical,"Peak at 98.183426 MHz, SNR=28.6 dB, score=1.00",lite,daa29018-fcd1-4411-b246-e92ea41001ef,"{""peak_power"": 6789.7353515625, ""baseline_power"": 9.453371047973633, ""bin_index"": 618202, ""fft_size"": 1048576, ""interp_delta_bins"": -0.006991662604932113, ""freq_bin_hz"": 1.953125, ""dc_exclude_hz"": 5000.0, ""edge_exclude_hz"": 10000.0, ""novelty_enabled"": true, ""novelty_freq_tol_hz"": 5000.0, ""novelty_cooldown_s"": 3.0, ""novelty_score_delta"": 0.15, ""min_snr_db"": 8.0, ""min_prominence_db"": 6.0, ""local_window_bins"": 5, ""neighbor_support_db"": 3.0, ""method"": ""periodogram:hann+interp+dc_notch+edge_notch+guards+novelty+prominence""}"
47f3616b-bc98-4023-a7b1-e11cb0da43ee,2025-08-20T16:46:55.410338,98204568.59954871,amplitude,1.0,critical,"Peak at 98.204569 MHz, SNR=27.0 dB, score=1.00",lite,754410f0-68a3-4c15-aa70-9e2ab1ae6833,"{""peak_power"": 4741.84765625, ""baseline_power"": 9.431802749633789, ""bin_index"": 629027, ""fft_size"": 1048576, ""interp_delta_bins"": 0.12296894320023763, ""freq_bin_hz"": 1.953125, ""dc_exclude_hz"": 5000.0, ""edge_exclude_hz"": 10000.0, ""novelty_enabled"": true, ""novelty_freq_tol_hz"": 5000.0, ""novelty_cooldown_s"": 3.0, ""novelty_score_delta"": 0.15, ""min_snr_db"": 8.0, ""min_prominence_db"": 6.0, ""local_window_bins"": 5, ""neighbor_support_db"": 3.0, ""method"": ""periodogram:hann+interp+dc_notch+edge_notch+guards+novelty+prominence""}"
fcb05a16-2d16-4d22-9b89-2acadd63a27e,2025-08-20T16:47:01.943876,98189365.67261387,amplitude,1.0,critical,"Peak at 98.189366 MHz, SNR=29.4 dB, score=1.00",lite,7daa83a1-7170-49b5-bc7e-745299372ab9,"{""peak_power"": 8120.50048828125, ""baseline_power"": 9.375473976135254, ""bin_index"": 621243, ""fft_size"": 1048576, ""interp_delta_bins"": 0.22437830357595778, ""freq_bin_hz"": 1.953125, ""dc_exclude_hz"": 5000.0, ""edge_exclude_hz"": 10000.0, ""novelty_enabled"": true, ""novelty_freq_tol_hz"": 5000.0, ""novelty_cooldown_s"": 3.0, ""novelty_score_delta"": 0.15, ""min_snr_db"": 8.0, ""min_prominence_db"": 6.0, ""local_window_bins"": 5, ""neighbor_support_db"": 3.0, ""method"": ""periodogram:hann+interp+dc_notch+edge_notch+guards+novelty+prominence""}"
48a4a7fd-d212-4785-b6cd-4201aef77d48,2025-08-20T16:47:08.979576,98185814.12255381,amplitude,1.0,critical,"Peak at 98.185814 MHz, SNR=28.4 dB, score=1.00",lite,62bd0df7-97cd-4f52-96df-5827b4018f07,"{""peak_power"": 6500.10009765625, ""baseline_power"": 9.409682273864746, ""bin_index"": 619425, ""fft_size"": 1048576, ""interp_delta_bins"": -0.1692524509613003, ""freq_bin_hz"": 1.953125, ""dc_exclude_hz"": 5000.0, ""edge_exclude_hz"": 10000.0, ""novelty_enabled"": true, ""novelty_freq_tol_hz"": 5000.0, ""novelty_cooldown_s"": 3.0, ""novelty_score_delta"": 0.15, ""min_snr_db"": 8.0, ""min_prominence_db"": 6.0, ""local_window_bins"": 5, ""neighbor_support_db"": 3.0, ""method"": ""periodogram:hann+interp+dc_notch+edge_notch+guards+novelty+prominence""}"
2976e984-0ad2-424a-be75-01e6d5587154,2025-08-20T16:47:15.514755,98186709.21146871,amplitude,1.0,critical,"Peak at 98.186709 MHz, SNR=27.5 dB, score=1.00",lite,406bb6fd-1126-4666-80f5-84c62526f6f4,"{""peak_power"": 5243.85546875, ""baseline_power"": 9.421001434326172, ""bin_index"": 619883, ""fft_size"": 1048576, ""interp_delta_bins"": 0.11627198197641543, ""freq_bin_hz"": 1.953125, ""dc_exclude_hz"": 5000.0, ""edge_exclude_hz"": 10000.0, ""novelty_enabled"": true, ""novelty_freq_tol_hz"": 5000.0, ""novelty_cooldown_s"": 3.0, ""novelty_score_delta"": 0.15, ""min_snr_db"": 8.0, ""min_prominence_db"": 6.0, ""local_window_bins"": 5, ""neighbor_support_db"": 3.0, ""method"": ""periodogram:hann+interp+dc_notch+edge_notch+guards+novelty+prominence""}"
2ddccd43-cc91-4297-8b98-c5acc9ddccd1,2025-08-20T16:47:42.069806,98188784.02330388,amplitude,1.0,critical,"Peak at 98.188784 MHz, SNR=27.8 dB, score=1.00",lite,435aa5c0-1f03-4fc4-8c6e-8af1bb32008f,"{""peak_power"": 5703.6630859375, ""baseline_power"": 9.376337051391602, ""bin_index"": 620945, ""fft_size"": 1048576, ""interp_delta_bins"": 0.41993158580258305, ""freq_bin_hz"": 1.953125, ""dc_exclude_hz"": 5000.0, ""edge_exclude_hz"": 10000.0, ""novelty_enabled"": true, ""novelty_freq_tol_hz"": 5000.0, ""novelty_cooldown_s"": 3.0, ""novelty_score_delta"": 0.15, ""min_snr_db"": 8.0, ""min_prominence_db"": 6.0, ""local_window_bins"": 5, ""neighbor_support_db"": 3.0, ""method"": ""periodogram:hann+interp+dc_notch+edge_notch+guards+novelty+prominence""}"
e1faaf35-7b48-4112-a8c3-af3bec77a7a5,2025-08-20T16:47:49.064785,98206138.83314501,amplitude,1.0,critical,"Peak at 98.206139 MHz, SNR=28.3 dB, score=1.00",lite,5be803ad-d1dc-4bc6-8306-4580895768fb,"{""peak_power"": 6347.1357421875, ""baseline_power"": 9.357818603515625, ""bin_index"": 629831, ""fft_size"": 1048576, ""interp_delta_bins"": 0.08257024542030274, ""freq_bin_hz"": 1.953125, ""dc_exclude_hz"": 5000.0, ""edge_exclude_hz"": 10000.0, ""novelty_enabled"": true, ""novelty_freq_tol_hz"": 5000.0, ""novelty_cooldown_s"": 3.0, ""novelty_score_delta"": 0.15, ""min_snr_db"": 8.0, ""min_prominence_db"": 6.0, ""local_window_bins"": 5, ""neighbor_support_db"": 3.0, ""method"": ""periodogram:hann+interp+dc_notch+edge_notch+guards+novelty+prominence""}"
2ec7605a-cc03-4899-ac79-7930cf7d05b4,2025-08-20T16:47:55.597434,98193101.40337597,amplitude,1.0,critical,"Peak at 98.193101 MHz, SNR=27.1 dB, score=1.00",lite,2c617266-00f3-4b85-8b3a-fd964f403eca,"{""peak_power"": 4849.9208984375, ""baseline_power"": 9.352766990661621, ""bin_index"": 623156, ""fft_size"": 1048576, ""interp_delta_bins"": -0.08147150640346575, ""freq_bin_hz"": 1.953125, ""dc_exclude_hz"": 5000.0, ""edge_exclude_hz"": 10000.0, ""novelty_enabled"": true, ""novelty_freq_tol_hz"": 5000.0, ""novelty_cooldown_s"": 3.0, ""novelty_score_delta"": 0.15, ""min_snr_db"": 8.0, ""min_prominence_db"": 6.0, ""local_window_bins"": 5, ""neighbor_support_db"": 3.0, ""method"": ""periodogram:hann+interp+dc_notch+edge_notch+guards+novelty+prominence""}"
2af3b4cd-131f-4aaa-b018-c85685835fce,2025-08-20T16:48:02.142594,98190969.4228885,amplitude,1.0,critical,"Peak at 98.190969 MHz, SNR=28.4 dB, score=1.00",lite,fb25aeaa-38d8-48d2-8328-f0817f96cdab,"{""peak_power"": 6388.02490234375, ""baseline_power"": 9.28225326538086, ""bin_index"": 622064, ""fft_size"": 1048576, ""interp_delta_bins"": 0.3445189162339424, ""freq_bin_hz"": 1.953125, ""dc_exclude_hz"": 5000.0, ""edge_exclude_hz"": 10000.0, ""novelty_enabled"": true, ""novelty_freq_tol_hz"": 5000.0, ""novelty_cooldown_s"": 3.0, ""novelty_score_delta"": 0.15, ""min_snr_db"": 8.0, ""min_prominence_db"": 6.0, ""local_window_bins"": 5, ""neighbor_support_db"": 3.0, ""method"": ""periodogram:hann+interp+dc_notch+edge_notch+guards+novelty+prominence""}"
3883523a-d766-417b-9855-46a17bc8afa6,2025-08-20T16:48:22.122350,98175464.17145167,amplitude,1.0,critical,"Peak at 98.175464 MHz, SNR=27.8 dB, score=1.00",lite,03ea1f7b-e7dd-406c-9a70-32a17871b110,"{""peak_power"": 5707.5537109375, ""baseline_power"": 9.387685775756836, ""bin_index"": 614126, ""fft_size"": 1048576, ""interp_delta_bins"": -0.3442167421175327, ""freq_bin_hz"": 1.953125, ""dc_exclude_hz"": 5000.0, ""edge_exclude_hz"": 10000.0, ""novelty_enabled"": true, ""novelty_freq_tol_hz"": 5000.0, ""novelty_cooldown_s"": 3.0, ""novelty_score_delta"": 0.15, ""min_snr_db"": 8.0, ""min_prominence_db"": 6.0, ""local_window_bins"": 5, ""neighbor_support_db"": 3.0, ""method"": ""periodogram:hann+interp+dc_notch+edge_notch+guards+novelty+prominence""}"
01aa1800-8935-4c92-9091-376760bd3689,2025-08-20T16:48:29.144540,98184239.65164205,amplitude,1.0,critical,"Peak at 98.184240 MHz, SNR=27.4 dB, score=1.00",lite,46bd02e9-5753-4357-aa66-d83efedf201c,"{""peak_power"": 5151.2138671875, ""baseline_power"": 9.359601974487305, ""bin_index"": 618619, ""fft_size"": 1048576, ""interp_delta_bins"": -0.29835926887353004, ""freq_bin_hz"": 1.953125, ""dc_exclude_hz"": 5000.0, ""edge_exclude_hz"": 10000.0, ""novelty_enabled"": true, ""novelty_freq_tol_hz"": 5000.0, ""novelty_cooldown_s"": 3.0, ""novelty_score_delta"": 0.15, ""min_snr_db"": 8.0, ""min_prominence_db"": 6.0, ""local_window_bins"": 5, ""neighbor_support_db"": 3.0, ""method"": ""periodogram:hann+interp+dc_notch+edge_notch+guards+novelty+prominence""}"
0aef1207-4acb-4fff-8e1f-7b5bb0960727,2025-08-20T16:48:49.194893,98182574.86841574,amplitude,1.0,critical,"Peak at 98.182575 MHz, SNR=28.4 dB, score=1.00",lite,a0b2c062-81d4-48b7-b6d8-c03f6bc7cc7f,"{""peak_power"": 6555.89306640625, ""baseline_power"": 9.370651245117188, ""bin_index"": 617766, ""fft_size"": 1048576, ""interp_delta_bins"": 0.3326288627713457, ""freq_bin_hz"": 1.953125, ""dc_exclude_hz"": 5000.0, ""edge_exclude_hz"": 10000.0, ""novelty_enabled"": true, ""novelty_freq_tol_hz"": 5000.0, ""novelty_cooldown_s"": 3.0, ""novelty_score_delta"": 0.15, ""min_snr_db"": 8.0, ""min_prominence_db"": 6.0, ""local_window_bins"": 5, ""neighbor_support_db"": 3.0, ""method"": ""periodogram:hann+interp+dc_notch+edge_notch+guards+novelty+prominence""}"
089a303a-531d-4ae5-b119-9ad28788e485,2025-08-20T16:48:55.739194,98192092.186607,amplitude,1.0,critical,"Peak at 98.192092 MHz, SNR=27.9 dB, score=1.00",lite,eb67ff51-b70e-4413-ab04-a8db5eadd12b,"{""peak_power"": 5741.146484375, ""baseline_power"": 9.370315551757812, ""bin_index"": 622639, ""fft_size"": 1048576, ""interp_delta_bins"": 0.1995427839717568, ""freq_bin_hz"": 1.953125, ""dc_exclude_hz"": 5000.0, ""edge_exclude_hz"": 10000.0, ""novelty_enabled"": true, ""novelty_freq_tol_hz"": 5000.0, ""novelty_cooldown_s"": 3.0, ""novelty_score_delta"": 0.15, ""min_snr_db"": 8.0, ""min_prominence_db"": 6.0, ""local_window_bins"": 5, ""neighbor_support_db"": 3.0, ""method"": ""periodogram:hann+interp+dc_notch+edge_notch+guards+novelty+prominence""}"
53ec22ef-e794-4a5c-8ce5-cc0a979b69f2,2025-08-20T16:49:02.275022,98188744.96225613,amplitude,1.0,critical,"Peak at 98.188745 MHz, SNR=28.9 dB, score=1.00",lite,4d544c0f-841b-4b05-b889-9c5857c78489,"{""peak_power"": 7198.96240234375, ""baseline_power"": 9.36410140991211, ""bin_index"": 620925, ""fft_size"": 1048576, ""interp_delta_bins"": 0.4206751379119045, ""freq_bin_hz"": 1.953125, ""dc_exclude_hz"": 5000.0, ""edge_exclude_hz"": 10000.0, ""novelty_enabled"": true, ""novelty_freq_tol_hz"": 5000.0, ""novelty_cooldown_s"": 3.0, ""novelty_score_delta"": 0.15, ""min_snr_db"": 8.0, ""min_prominence_db"": 6.0, ""local_window_bins"": 5, ""neighbor_support_db"": 3.0, ""method"": ""periodogram:hann+interp+dc_notch+edge_notch+guards+novelty+prominence""}"
b5a0bca1-7eae-4950-bb35-393817e1c41e,2025-08-20T16:49:09.244465,98199977.24578951,amplitude,1.0,critical,"Peak at 98.199977 MHz, SNR=26.4 dB, score=1.00",lite,d50950ce-62d0-463c-b087-125925fa7e70,"{""peak_power"": 4124.37060546875, ""baseline_power"": 9.400012016296387, ""bin_index"": 626676, ""fft_size"": 1048576, ""interp_delta_bins"": 0.34984423145650007, ""freq_bin_hz"": 1.953125, ""dc_exclude_hz"": 5000.0, ""edge_exclude_hz"": 10000.0, ""novelty_enabled"": true, ""novelty_freq_tol_hz"": 5000.0, ""novelty_cooldown_s"": 3.0, ""novelty_score_delta"": 0.15, ""min_snr_db"": 8.0, ""min_prominence_db"": 6.0, ""local_window_bins"": 5, ""neighbor_support_db"": 3.0, ""method"": ""periodogram:hann+interp+dc_notch+edge_notch+guards+novelty+prominence""}"
e04b2931-5bea-4335-942f-2db45cb7506a,2025-08-20T16:49:15.786007,98182752.57169245,amplitude,1.0,critical,"Peak at 98.182753 MHz, SNR=27.9 dB, score=1.00",lite,e70992e9-0933-484d-8890-95e36237d99b,"{""peak_power"": 5798.25, ""baseline_power"": 9.381598472595215, ""bin_index"": 617857, ""fft_size"": 1048576, ""interp_delta_bins"": 0.3167065335817195, ""freq_bin_hz"": 1.953125, ""dc_exclude_hz"": 5000.0, ""edge_exclude_hz"": 10000.0, ""novelty_enabled"": true, ""novelty_freq_tol_hz"": 5000.0, ""novelty_cooldown_s"": 3.0, ""novelty_score_delta"": 0.15, ""min_snr_db"": 8.0, ""min_prominence_db"": 6.0, ""local_window_bins"": 5, ""neighbor_support_db"": 3.0, ""method"": ""periodogram:hann+interp+dc_notch+edge_notch+guards+novelty+prominence""}"
2bd45d03-d89b-4655-a679-02d23b16be9e,2025-08-20T16:49:29.283912,98183638.9279758,amplitude,1.0,critical,"Peak at 98.183639 MHz, SNR=28.7 dB, score=1.00",lite,1d8b573e-ddfa-4580-a803-d0d685051dfc,"{""peak_power"": 6908.01904296875, ""baseline_power"": 9.36931037902832, ""bin_index"": 618311, ""fft_size"": 1048576, ""interp_delta_bins"": 0.1311236140830963, ""freq_bin_hz"": 1.953125, ""dc_exclude_hz"": 5000.0, ""edge_exclude_hz"": 10000.0, ""novelty_enabled"": true, ""novelty_freq_tol_hz"": 5000.0, ""novelty_cooldown_s"": 3.0, ""novelty_score_delta"": 0.15, ""min_snr_db"": 8.0, ""min_prominence_db"": 6.0, ""local_window_bins"": 5, ""neighbor_support_db"": 3.0, ""method"": ""periodogram:hann+interp+dc_notch+edge_notch+guards+novelty+prominence""}"
143209dc-aa36-4209-92a5-78c7ee4f9c31,2025-08-20T16:49:55.878791,98189717.30877535,amplitude,1.0,critical,"Peak at 98.189717 MHz, SNR=28.5 dB, score=1.00",lite,7a0fd2ab-99ff-46c6-87f1-a577f18675f9,"{""peak_power"": 6718.5283203125, ""baseline_power"": 9.383888244628906, ""bin_index"": 621423, ""fft_size"": 1048576, ""interp_delta_bins"": 0.26209298283232346, ""freq_bin_hz"": 1.953125, ""dc_exclude_hz"": 5000.0, ""edge_exclude_hz"": 10000.0, ""novelty_enabled"": true, ""novelty_freq_tol_hz"": 5000.0, ""novelty_cooldown_s"": 3.0, ""novelty_score_delta"": 0.15, ""min_snr_db"": 8.0, ""min_prominence_db"": 6.0, ""local_window_bins"": 5, ""neighbor_support_db"": 3.0, ""method"": ""periodogram:hann+interp+dc_notch+edge_notch+guards+novelty+prominence""}"
3a90f4e6-1f9c-48b3-a130-9633521c0cd0,2025-08-20T16:50:02.409840,98175015.87136957,amplitude,1.0,critical,"Peak at 98.175016 MHz, SNR=27.1 dB, score=1.00",lite,aada264a-95f3-42a7-9291-b77972d62258,"{""peak_power"": 4828.0419921875, ""baseline_power"": 9.416351318359375, ""bin_index"": 613896, ""fft_size"": 1048576, ""interp_delta_bins"": 0.12614121930926808, ""freq_bin_hz"": 1.953125, ""dc_exclude_hz"": 5000.0, ""edge_exclude_hz"": 10000.0, ""novelty_enabled"": true, ""novelty_freq_tol_hz"": 5000.0, ""novelty_cooldown_s"": 3.0, ""novelty_score_delta"": 0.15, ""min_snr_db"": 8.0, ""min_prominence_db"": 6.0, ""local_window_bins"": 5, ""neighbor_support_db"": 3.0, ""method"": ""periodogram:hann+interp+dc_notch+edge_notch+guards+novelty+prominence""}"
98a9edbf-56cc-4a0f-9218-49da403189ea,2025-08-20T16:50:10.397080,98208823.51932746,amplitude,1.0,critical,"Peak at 98.208824 MHz, SNR=28.1 dB, score=1.00",lite,b6f56699-f448-4fc3-8e09-e0b16033174c,"{""peak_power"": 6107.62939453125, ""baseline_power"": 9.41586685180664, ""bin_index"": 631206, ""fft_size"": 1048576, ""interp_delta_bins"": -0.3581043382942183, ""freq_bin_hz"": 1.953125, ""dc_exclude_hz"": 5000.0, ""edge_exclude_hz"": 10000.0, ""novelty_enabled"": true, ""novelty_freq_tol_hz"": 5000.0, ""novelty_cooldown_s"": 3.0, ""novelty_score_delta"": 0.15, ""min_snr_db"": 8.0, ""min_prominence_db"": 6.0, ""local_window_bins"": 5, ""neighbor_support_db"": 3.0, ""method"": ""periodogram:hann+interp+dc_notch+edge_notch+guards+novelty+prominence""}"
fac9a50c-d1de-47d5-ae38-c32457d2bc66,2025-08-20T16:50:24.425798,98227969.66721183,amplitude,1.0,critical,"Peak at 98.227970 MHz, SNR=26.3 dB, score=1.00",lite,5808d0f3-087d-4e12-9603-fb0014359db1,"{""peak_power"": 4001.86279296875, ""baseline_power"": 9.37364387512207, ""bin_index"": 641008, ""fft_size"": 1048576, ""interp_delta_bins"": 0.46961245878647234, ""freq_bin_hz"": 1.953125, ""dc_exclude_hz"": 5000.0, ""edge_exclude_hz"": 10000.0, ""novelty_enabled"": true, ""novelty_freq_tol_hz"": 5000.0, ""novelty_cooldown_s"": 3.0, ""novelty_score_delta"": 0.15, ""min_snr_db"": 8.0, ""min_prominence_db"": 6.0, ""local_window_bins"": 5, ""neighbor_support_db"": 3.0, ""method"": ""periodogram:hann+interp+dc_notch+edge_notch+guards+novelty+prominence""}"
d23159eb-786f-44fb-a1fc-0c666ab23f75,2025-08-20T16:50:30.953521,98184286.11131698,amplitude,1.0,critical,"Peak at 98.184286 MHz, SNR=27.7 dB, score=1.00",lite,add6373d-8eb9-4477-98be-858368a5bbaf,"{""peak_power"": 5607.79345703125, ""baseline_power"": 9.42725658416748, ""bin_index"": 618642, ""fft_size"": 1048576, ""interp_delta_bins"": 0.4889942915613117, ""freq_bin_hz"": 1.953125, ""dc_exclude_hz"": 5000.0, ""edge_exclude_hz"": 10000.0, ""novelty_enabled"": true, ""novelty_freq_tol_hz"": 5000.0, ""novelty_cooldown_s"": 3.0, ""novelty_score_delta"": 0.15, ""min_snr_db"": 8.0, ""min_prominence_db"": 6.0, ""local_window_bins"": 5, ""neighbor_support_db"": 3.0, ""method"": ""periodogram:hann+interp+dc_notch+edge_notch+guards+novelty+prominence""}"
7902298b-bee2-4c24-9956-35a784d3cc05,2025-08-20T16:50:52.019457,98200965.45683621,amplitude,1.0,critical,"Peak at 98.200965 MHz, SNR=27.2 dB, score=1.00",lite,8ef98475-d914-4d46-802c-dd3d1f488167,"{""peak_power"": 4892.05078125, ""baseline_power"": 9.336163520812988, ""bin_index"": 627182, ""fft_size"": 1048576, ""interp_delta_bins"": 0.3139001426173438, ""freq_bin_hz"": 1.953125, ""dc_exclude_hz"": 5000.0, ""edge_exclude_hz"": 10000.0, ""novelty_enabled"": true, ""novelty_freq_tol_hz"": 5000.0, ""novelty_cooldown_s"": 3.0, ""novelty_score_delta"": 0.15, ""min_snr_db"": 8.0, ""min_prominence_db"": 6.0, ""local_window_bins"": 5, ""neighbor_support_db"": 3.0, ""method"": ""periodogram:hann+interp+dc_notch+edge_notch+guards+novelty+prominence""}"
889b58b2-0b0a-45b8-aaad-ebc1125c92f6,2025-08-20T16:51:00.549090,98184457.02503984,amplitude,1.0,critical,"Peak at 98.184457 MHz, SNR=29.6 dB, score=1.00",lite,136330e9-d57c-4fd4-b232-c3040c83fea3,"{""peak_power"": 8493.8447265625, ""baseline_power"": 9.339540481567383, ""bin_index"": 618730, ""fft_size"": 1048576, ""interp_delta_bins"": -0.003179602819606652, ""freq_bin_hz"": 1.953125, ""dc_exclude_hz"": 5000.0, ""edge_exclude_hz"": 10000.0, ""novelty_enabled"": true, ""novelty_freq_tol_hz"": 5000.0, ""novelty_cooldown_s"": 3.0, ""novelty_score_delta"": 0.15, ""min_snr_db"": 8.0, ""min_prominence_db"": 6.0, ""local_window_bins"": 5, ""neighbor_support_db"": 3.0, ""method"": ""periodogram:hann+interp+dc_notch+edge_notch+guards+novelty+prominence""}"
01a13f44-a887-4d99-b2b2-c81f089d97db,2025-08-20T16:51:07.096527,98195841.2736091,amplitude,1.0,critical,"Peak at 98.195841 MHz, SNR=27.9 dB, score=1.00",lite,cdcdc465-8e77-4001-a9f7-e7f758573b6e,"{""peak_power"": 5702.09716796875, ""baseline_power"": 9.337140083312988, ""bin_index"": 624559, ""fft_size"": 1048576, ""interp_delta_bins"": -0.2679121402321474, ""freq_bin_hz"": 1.953125, ""dc_exclude_hz"": 5000.0, ""edge_exclude_hz"": 10000.0, ""novelty_enabled"": true, ""novelty_freq_tol_hz"": 5000.0, ""novelty_cooldown_s"": 3.0, ""novelty_score_delta"": 0.15, ""min_snr_db"": 8.0, ""min_prominence_db"": 6.0, ""local_window_bins"": 5, ""neighbor_support_db"": 3.0, ""method"": ""periodogram:hann+interp+dc_notch+edge_notch+guards+novelty+prominence""}"
c6488c17-bb09-453c-b1e1-ed18496dc583,2025-08-20T16:51:15.573758,98196669.98352984,amplitude,1.0,critical,"Peak at 98.196670 MHz, SNR=27.0 dB, score=1.00",lite,cca39a3e-74c6-4cd7-8f64-c46e5661f655,"{""peak_power"": 4713.126953125, ""baseline_power"": 9.403441429138184, ""bin_index"": 624983, ""fft_size"": 1048576, ""interp_delta_bins"": 0.03156727438170056, ""freq_bin_hz"": 1.953125, ""dc_exclude_hz"": 5000.0, ""edge_exclude_hz"": 10000.0, ""novelty_enabled"": true, ""novelty_freq_tol_hz"": 5000.0, ""novelty_cooldown_s"": 3.0, ""novelty_score_delta"": 0.15, ""min_snr_db"": 8.0, ""min_prominence_db"": 6.0, ""local_window_bins"": 5, ""neighbor_support_db"": 3.0, ""method"": ""periodogram:hann+interp+dc_notch+edge_notch+guards+novelty+prominence""}"
1552141b-f25b-47e2-ac47-43e21dae941e,2025-08-20T16:51:30.621820,98200923.14728972,amplitude,1.0,critical,"Peak at 98.200923 MHz, SNR=26.5 dB, score=1.00",lite,8cf9d027-cace-43a1-bcad-ad0cd32295f3,"{""peak_power"": 4175.99951171875, ""baseline_power"": 9.382996559143066, ""bin_index"": 627161, ""fft_size"": 1048576, ""interp_delta_bins"": -0.3485876649050277, ""freq_bin_hz"": 1.953125, ""dc_exclude_hz"": 5000.0, ""edge_exclude_hz"": 10000.0, ""novelty_enabled"": true, ""novelty_freq_tol_hz"": 5000.0, ""novelty_cooldown_s"": 3.0, ""novelty_score_delta"": 0.15, ""min_snr_db"": 8.0, ""min_prominence_db"": 6.0, ""local_window_bins"": 5, ""neighbor_support_db"": 3.0, ""method"": ""periodogram:hann+interp+dc_notch+edge_notch+guards+novelty+prominence""}"
bd2d99f7-47aa-4290-b373-9bd85f148d6e,2025-08-20T16:51:45.648508,98200834.75985008,amplitude,1.0,critical,"Peak at 98.200835 MHz, SNR=28.6 dB, score=1.00",lite,538d8eba-65b8-4dcd-9807-f9e1b428ab97,"{""peak_power"": 6757.552734375, ""baseline_power"": 9.434162139892578, ""bin_index"": 627115, ""fft_size"": 1048576, ""interp_delta_bins"": 0.39704324466314883, ""freq_bin_hz"": 1.953125, ""dc_exclude_hz"": 5000.0, ""edge_exclude_hz"": 10000.0, ""novelty_enabled"": true, ""novelty_freq_tol_hz"": 5000.0, ""novelty_cooldown_s"": 3.0, ""novelty_score_delta"": 0.15, ""min_snr_db"": 8.0, ""min_prominence_db"": 6.0, ""local_window_bins"": 5, ""neighbor_support_db"": 3.0, ""method"": ""periodogram:hann+interp+dc_notch+edge_notch+guards+novelty+prominence""}"
538a52db-f15c-479e-84a5-04d068359275,2025-08-20T16:51:52.194360,98206728.01468416,amplitude,1.0,critical,"Peak at 98.206728 MHz, SNR=25.9 dB, score=1.00",lite,73c37652-9f9d-4b0c-bbf8-04699ea41dcc,"{""peak_power"": 3613.49560546875, ""baseline_power"": 9.376805305480957, ""bin_index"": 630133, ""fft_size"": 1048576, ""interp_delta_bins"": -0.2564817092154743, ""freq_bin_hz"": 1.953125, ""dc_exclude_hz"": 5000.0, ""edge_exclude_hz"": 10000.0, ""novelty_enabled"": true, ""novelty_freq_tol_hz"": 5000.0, ""novelty_cooldown_s"": 3.0, ""novelty_score_delta"": 0.15, ""min_snr_db"": 8.0, ""min_prominence_db"": 6.0, ""local_window_bins"": 5, ""neighbor_support_db"": 3.0, ""method"": ""periodogram:hann+interp+dc_notch+edge_notch+guards+novelty+prominence""}"
3258c4cf-4711-482e-ae84-97587c4da100,2025-08-20T16:52:00.689041,98188805.52868293,amplitude,1.0,critical,"Peak at 98.188806 MHz, SNR=27.5 dB, score=1.00",lite,5e7e6427-a015-4d52-ac13-4a84801c0189,"{""peak_power"": 5268.34423828125, ""baseline_power"": 9.378401756286621, ""bin_index"": 620956, ""fft_size"": 1048576, ""interp_delta_bins"": 0.4306856627632207, ""freq_bin_hz"": 1.953125, ""dc_exclude_hz"": 5000.0, ""edge_exclude_hz"": 10000.0, ""novelty_enabled"": true, ""novelty_freq_tol_hz"": 5000.0, ""novelty_cooldown_s"": 3.0, ""novelty_score_delta"": 0.15, ""min_snr_db"": 8.0, ""min_prominence_db"": 6.0, ""local_window_bins"": 5, ""neighbor_support_db"": 3.0, ""method"": ""periodogram:hann+interp+dc_notch+edge_notch+guards+novelty+prominence""}"
d240b927-cbd1-41d1-ad36-7a1a24b4521e,2025-08-20T16:52:07.238624,98197797.893699,amplitude,1.0,critical,"Peak at 98.197798 MHz, SNR=27.0 dB, score=1.00",lite,849f2a89-dff1-4e58-8b2c-39a9a64e517f,"{""peak_power"": 4694.0498046875, ""baseline_power"": 9.407336235046387, ""bin_index"": 625561, ""fft_size"": 1048576, ""interp_delta_bins"": -0.47842611170072513, ""freq_bin_hz"": 1.953125, ""dc_exclude_hz"": 5000.0, ""edge_exclude_hz"": 10000.0, ""novelty_enabled"": true, ""novelty_freq_tol_hz"": 5000.0, ""novelty_cooldown_s"": 3.0, ""novelty_score_delta"": 0.15, ""min_snr_db"": 8.0, ""min_prominence_db"": 6.0, ""local_window_bins"": 5, ""neighbor_support_db"": 3.0, ""method"": ""periodogram:hann+interp+dc_notch+edge_notch+guards+novelty+prominence""}"
613850a4-eed4-4fc3-a93d-e2d8059fd0d2,2025-08-20T16:52:15.693397,98199985.87586005,amplitude,1.0,critical,"Peak at 98.199986 MHz, SNR=27.2 dB, score=1.00",lite,27597f90-9e53-4860-ba8e-6fa28d5ae39f,"{""peak_power"": 4858.3681640625, ""baseline_power"": 9.318451881408691, ""bin_index"": 626681, ""fft_size"": 1048576, ""interp_delta_bins"": -0.23155965277100052, ""freq_bin_hz"": 1.953125, ""dc_exclude_hz"": 5000.0, ""edge_exclude_hz"": 10000.0, ""novelty_enabled"": true, ""novelty_freq_tol_hz"": 5000.0, ""novelty_cooldown_s"": 3.0, ""novelty_score_delta"": 0.15, ""min_snr_db"": 8.0, ""min_prominence_db"": 6.0, ""local_window_bins"": 5, ""neighbor_support_db"": 3.0, ""method"": ""periodogram:hann+interp+dc_notch+edge_notch+guards+novelty+prominence""}"
5ca27285-7a45-421e-87f4-0fcf3f7421f8,2025-08-20T16:52:22.238040,98207662.1266186,amplitude,1.0,critical,"Peak at 98.207662 MHz, SNR=29.6 dB, score=1.00",lite,419ecbba-a245-48bb-9892-fc15e3353dbb,"{""peak_power"": 8400.671875, ""baseline_power"": 9.285602569580078, ""bin_index"": 630611, ""fft_size"": 1048576, ""interp_delta_bins"": 0.008828717702279307, ""freq_bin_hz"": 1.953125, ""dc_exclude_hz"": 5000.0, ""edge_exclude_hz"": 10000.0, ""novelty_enabled"": true, ""novelty_freq_tol_hz"": 5000.0, ""novelty_cooldown_s"": 3.0, ""novelty_score_delta"": 0.15, ""min_snr_db"": 8.0, ""min_prominence_db"": 6.0, ""local_window_bins"": 5, ""neighbor_support_db"": 3.0, ""method"": ""periodogram:hann+interp+dc_notch+edge_notch+guards+novelty+prominence""}"
fd19010b-27e5-46e8-a21a-3ce83f442b76,2025-08-20T16:52:37.304071,98192739.70656799,amplitude,1.0,critical,"Peak at 98.192740 MHz, SNR=26.7 dB, score=1.00",lite,33d613be-6f8d-4c61-a95d-28b0edb61bdc,"{""peak_power"": 4384.4892578125, ""baseline_power"": 9.388736724853516, ""bin_index"": 622971, ""fft_size"": 1048576, ""interp_delta_bins"": -0.2702371933409021, ""freq_bin_hz"": 1.953125, ""dc_exclude_hz"": 5000.0, ""edge_exclude_hz"": 10000.0, ""novelty_enabled"": true, ""novelty_freq_tol_hz"": 5000.0, ""novelty_cooldown_s"": 3.0, ""novelty_score_delta"": 0.15, ""min_snr_db"": 8.0, ""min_prominence_db"": 6.0, ""local_window_bins"": 5, ""neighbor_support_db"": 3.0, ""method"": ""periodogram:hann+interp+dc_notch+edge_notch+guards+novelty+prominence""}"
d176d8f4-9f63-4013-85da-6b641b3690c8,2025-08-20T16:52:52.318000,98215439.26943329,amplitude,1.0,critical,"Peak at 98.215439 MHz, SNR=27.2 dB, score=1.00",lite,99f97641-5007-4d21-aced-a379fb0fc0cf,"{""peak_power"": 4893.15380859375, ""baseline_power"": 9.407952308654785, ""bin_index"": 634593, ""fft_size"": 1048576, ""interp_delta_bins"": -0.09405015237688222, ""freq_bin_hz"": 1.953125, ""dc_exclude_hz"": 5000.0, ""edge_exclude_hz"": 10000.0, ""novelty_enabled"": true, ""novelty_freq_tol_hz"": 5000.0, ""novelty_cooldown_s"": 3.0, ""novelty_score_delta"": 0.15, ""min_snr_db"": 8.0, ""min_prominence_db"": 6.0, ""local_window_bins"": 5, ""neighbor_support_db"": 3.0, ""method"": ""periodogram:hann+interp+dc_notch+edge_notch+guards+novelty+prominence""}"
b9a88de3-0c17-4475-b538-567802b7334e,2025-08-20T16:53:00.826022,98181891.90152867,amplitude,1.0,critical,"Peak at 98.181892 MHz, SNR=26.8 dB, score=1.00",lite,52083deb-d891-4172-99e2-378d467264d8,"{""peak_power"": 4429.162109375, ""baseline_power"": 9.342510223388672, ""bin_index"": 617417, ""fft_size"": 1048576, ""interp_delta_bins"": -0.34641731762169975, ""freq_bin_hz"": 1.953125, ""dc_exclude_hz"": 5000.0, ""edge_exclude_hz"": 10000.0, ""novelty_enabled"": true, ""novelty_freq_tol_hz"": 5000.0, ""novelty_cooldown_s"": 3.0, ""novelty_score_delta"": 0.15, ""min_snr_db"": 8.0, ""min_prominence_db"": 6.0, ""local_window_bins"": 5, ""neighbor_support_db"": 3.0, ""method"": ""periodogram:hann+interp+dc_notch+edge_notch+guards+novelty+prominence""}"
bb57d9a2-0f71-48e4-8e49-2e7cf1569232,2025-08-20T16:53:07.372947,98174708.74049243,amplitude,1.0,critical,"Peak at 98.174709 MHz, SNR=26.6 dB, score=1.00",lite,8d85f881-a5d1-4ca8-aa1e-5305cedcb0db,"{""peak_power"": 4252.06005859375, ""baseline_power"": 9.406806945800781, ""bin_index"": 613739, ""fft_size"": 1048576, ""interp_delta_bins"": -0.12486787071594763, ""freq_bin_hz"": 1.953125, ""dc_exclude_hz"": 5000.0, ""edge_exclude_hz"": 10000.0, ""novelty_enabled"": true, ""novelty_freq_tol_hz"": 5000.0, ""novelty_cooldown_s"": 3.0, ""novelty_score_delta"": 0.15, ""min_snr_db"": 8.0, ""min_prominence_db"": 6.0, ""local_window_bins"": 5, ""neighbor_support_db"": 3.0, ""method"": ""periodogram:hann+interp+dc_notch+edge_notch+guards+novelty+prominence""}"
e42e9676-b95b-4a80-a81b-69f6394fc2a0,2025-08-20T16:53:15.837798,98194204.81982432,amplitude,1.0,critical,"Peak at 98.194205 MHz, SNR=27.3 dB, score=1.00",lite,393aadf4-ab87-412a-a48e-99d289e2d314,"{""peak_power"": 5078.64111328125, ""baseline_power"": 9.427038192749023, ""bin_index"": 623721, ""fft_size"": 1048576, ""interp_delta_bins"": -0.13224994905563167, ""freq_bin_hz"": 1.953125, ""dc_exclude_hz"": 5000.0, ""edge_exclude_hz"": 10000.0, ""novelty_enabled"": true, ""novelty_freq_tol_hz"": 5000.0, ""novelty_cooldown_s"": 3.0, ""novelty_score_delta"": 0.15, ""min_snr_db"": 8.0, ""min_prominence_db"": 6.0, ""local_window_bins"": 5, ""neighbor_support_db"": 3.0, ""method"": ""periodogram:hann+interp+dc_notch+edge_notch+guards+novelty+prominence""}"
92092550-69d3-4ba4-b6a3-2ce77c97c171,2025-08-20T16:53:22.363362,98202032.8972328,amplitude,1.0,critical,"Peak at 98.202033 MHz, SNR=26.8 dB, score=1.00",lite,d1cd6415-2948-46d5-a76a-f1e4cc5644c1,"{""peak_power"": 4455.6162109375, ""baseline_power"": 9.39668083190918, ""bin_index"": 627729, ""fft_size"": 1048576, ""interp_delta_bins"": -0.15661680868544894, ""freq_bin_hz"": 1.953125, ""dc_exclude_hz"": 5000.0, ""edge_exclude_hz"": 10000.0, ""novelty_enabled"": true, ""novelty_freq_tol_hz"": 5000.0, ""novelty_cooldown_s"": 3.0, ""novelty_score_delta"": 0.15, ""min_snr_db"": 8.0, ""min_prominence_db"": 6.0, ""local_window_bins"": 5, ""neighbor_support_db"": 3.0, ""method"": ""periodogram:hann+interp+dc_notch+edge_notch+guards+novelty+prominence""}"
844e54c1-afb2-4710-b9cd-164752954545,2025-08-20T16:53:30.902074,98185084.32792063,amplitude,1.0,critical,"Peak at 98.185084 MHz, SNR=27.0 dB, score=1.00",lite,a655c283-546d-4ccf-8922-38123d667adf,"{""peak_power"": 4767.8916015625, ""baseline_power"": 9.404699325561523, ""bin_index"": 619051, ""fft_size"": 1048576, ""interp_delta_bins"": 0.17589536281943696, ""freq_bin_hz"": 1.953125, ""dc_exclude_hz"": 5000.0, ""edge_exclude_hz"": 10000.0, ""novelty_enabled"": true, ""novelty_freq_tol_hz"": 5000.0, ""novelty_cooldown_s"": 3.0, ""novelty_score_delta"": 0.15, ""min_snr_db"": 8.0, ""min_prominence_db"": 6.0, ""local_window_bins"": 5, ""neighbor_support_db"": 3.0, ""method"": ""periodogram:hann+interp+dc_notch+edge_notch+guards+novelty+prominence""}"
2aa1232b-4ce0-4b6c-b733-9dbcf901b124,2025-08-20T16:53:45.930465,98181949.53497127,amplitude,1.0,critical,"Peak at 98.181950 MHz, SNR=28.0 dB, score=1.00",lite,ff0a4f06-f059-4a13-8c34-6a6e4afd69af,"{""peak_power"": 5982.27587890625, ""baseline_power"": 9.373034477233887, ""bin_index"": 617446, ""fft_size"": 1048576, ""interp_delta_bins"": 0.16190528884933914, ""freq_bin_hz"": 1.953125, ""dc_exclude_hz"": 5000.0, ""edge_exclude_hz"": 10000.0, ""novelty_enabled"": true, ""novelty_freq_tol_hz"": 5000.0, ""novelty_cooldown_s"": 3.0, ""novelty_score_delta"": 0.15, ""min_snr_db"": 8.0, ""min_prominence_db"": 6.0, ""local_window_bins"": 5, ""neighbor_support_db"": 3.0, ""method"": ""periodogram:hann+interp+dc_notch+edge_notch+guards+novelty+prominence""}"
31f9f3ba-cefe-40bb-9b3b-da0cc058c97e,2025-08-20T16:54:07.515881,98198496.01600972,amplitude,1.0,critical,"Peak at 98.198496 MHz, SNR=29.3 dB, score=1.00",lite,beb68a13-5ac8-48b1-976a-fa62f12085e9,"{""peak_power"": 7987.21337890625, ""baseline_power"": 9.363333702087402, ""bin_index"": 625918, ""fft_size"": 1048576, ""interp_delta_bins"": -0.039803024125706875, ""freq_bin_hz"": 1.953125, ""dc_exclude_hz"": 5000.0, ""edge_exclude_hz"": 10000.0, ""novelty_enabled"": true, ""novelty_freq_tol_hz"": 5000.0, ""novelty_cooldown_s"": 3.0, ""novelty_score_delta"": 0.15, ""min_snr_db"": 8.0, ""min_prominence_db"": 6.0, ""local_window_bins"": 5, ""neighbor_support_db"": 3.0, ""method"": ""periodogram:hann+interp+dc_notch+edge_notch+guards+novelty+prominence""}"
161e30b8-4e86-4d13-b1c1-c73026f9e644,2025-08-20T16:54:22.525925,98193094.31768721,amplitude,1.0,critical,"Peak at 98.193094 MHz, SNR=28.7 dB, score=1.00",lite,629ca7af-e10d-4cc6-8ec8-ad9facb14e50,"{""peak_power"": 6921.2724609375, ""baseline_power"": 9.378201484680176, ""bin_index"": 623152, ""fft_size"": 1048576, ""interp_delta_bins"": 0.2906558534362659, ""freq_bin_hz"": 1.953125, ""dc_exclude_hz"": 5000.0, ""edge_exclude_hz"": 10000.0, ""novelty_enabled"": true, ""novelty_freq_tol_hz"": 5000.0, ""novelty_cooldown_s"": 3.0, ""novelty_score_delta"": 0.15, ""min_snr_db"": 8.0, ""min_prominence_db"": 6.0, ""local_window_bins"": 5, ""neighbor_support_db"": 3.0, ""method"": ""periodogram:hann+interp+dc_notch+edge_notch+guards+novelty+prominence""}"
255dbe0e-1ac5-48a0-90f5-a58e8c8f3af6,2025-08-20T16:54:31.022418,98198781.4533376,amplitude,1.0,critical,"Peak at 98.198781 MHz, SNR=26.9 dB, score=1.00",lite,6f6b7225-24db-4d12-b264-a230c7e56733,"{""peak_power"": 4592.04248046875, ""baseline_power"": 9.399625778198242, ""bin_index"": 626064, ""fft_size"": 1048576, ""interp_delta_bins"": 0.10410884660843424, ""freq_bin_hz"": 1.953125, ""dc_exclude_hz"": 5000.0, ""edge_exclude_hz"": 10000.0, ""novelty_enabled"": true, ""novelty_freq_tol_hz"": 5000.0, ""novelty_cooldown_s"": 3.0, ""novelty_score_delta"": 0.15, ""min_snr_db"": 8.0, ""min_prominence_db"": 6.0, ""local_window_bins"": 5, ""neighbor_support_db"": 3.0, ""method"": ""periodogram:hann+interp+dc_notch+edge_notch+guards+novelty+prominence""}"
68788be8-cfc2-4069-b42b-5979a627a4c0,2025-08-20T16:54:37.547724,98194976.93632275,amplitude,1.0,critical,"Peak at 98.194977 MHz, SNR=28.2 dB, score=1.00",lite,d0a78e2b-b113-4cb1-925e-f45f5d3d6bb4,"{""peak_power"": 6113.974609375, ""baseline_power"": 9.354114532470703, ""bin_index"": 624116, ""fft_size"": 1048576, ""interp_delta_bins"": 0.19139724475093706, ""freq_bin_hz"": 1.953125, ""dc_exclude_hz"": 5000.0, ""edge_exclude_hz"": 10000.0, ""novelty_enabled"": true, ""novelty_freq_tol_hz"": 5000.0, ""novelty_cooldown_s"": 3.0, ""novelty_score_delta"": 0.15, ""min_snr_db"": 8.0, ""min_prominence_db"": 6.0, ""local_window_bins"": 5, ""neighbor_support_db"": 3.0, ""method"": ""periodogram:hann+interp+dc_notch+edge_notch+guards+novelty+prominence""}"
bf564771-cd34-45a2-a3d6-84d4dcd0452d,2025-08-20T16:54:52.603493,98189098.1503481,amplitude,1.0,critical,"Peak at 98.189098 MHz, SNR=26.9 dB, score=1.00",lite,72bda741-2d65-435e-a40b-83e4808163cc,"{""peak_power"": 4606.6357421875, ""baseline_power"": 9.387907028198242, ""bin_index"": 621106, ""fft_size"": 1048576, ""interp_delta_bins"": 0.2529782236344405, ""freq_bin_hz"": 1.953125, ""dc_exclude_hz"": 5000.0, ""edge_exclude_hz"": 10000.0, ""novelty_enabled"": true, ""novelty_freq_tol_hz"": 5000.0, ""novelty_cooldown_s"": 3.0, ""novelty_score_delta"": 0.15, ""min_snr_db"": 8.0, ""min_prominence_db"": 6.0, ""local_window_bins"": 5, ""neighbor_support_db"": 3.0, ""method"": ""periodogram:hann+interp+dc_notch+edge_notch+guards+novelty+prominence""}"
1696a089-50b6-432d-bff8-23d162bfa4b3,2025-08-20T16:55:01.130493,98177050.42304923,amplitude,1.0,critical,"Peak at 98.177050 MHz, SNR=28.9 dB, score=1.00",lite,d9a3ef6d-fa8a-44ba-8a5b-3a4a6ff0039c,"{""peak_power"": 7222.158203125, ""baseline_power"": 9.325765609741211, ""bin_index"": 614938, ""fft_size"": 1048576, ""interp_delta_bins"": -0.18339879492312122, ""freq_bin_hz"": 1.953125, ""dc_exclude_hz"": 5000.0, ""edge_exclude_hz"": 10000.0, ""novelty_enabled"": true, ""novelty_freq_tol_hz"": 5000.0, ""novelty_cooldown_s"": 3.0, ""novelty_score_delta"": 0.15, ""min_snr_db"": 8.0, ""min_prominence_db"": 6.0, ""local_window_bins"": 5, ""neighbor_support_db"": 3.0, ""method"": ""periodogram:hann+interp+dc_notch+edge_notch+guards+novelty+prominence""}"
63259c0a-be8b-4493-812e-38df5e1f07f3,2025-08-20T16:55:07.653377,98191399.01476482,amplitude,1.0,critical,"Peak at 98.191399 MHz, SNR=28.6 dB, score=1.00",lite,abe07fb9-c048-4f4b-ac9a-679b7681b89b,"{""peak_power"": 6715.83447265625, ""baseline_power"": 9.357705116271973, ""bin_index"": 622284, ""fft_size"": 1048576, ""interp_delta_bins"": 0.2955595872137152, ""freq_bin_hz"": 1.953125, ""dc_exclude_hz"": 5000.0, ""edge_exclude_hz"": 10000.0, ""novelty_enabled"": true, ""novelty_freq_tol_hz"": 5000.0, ""novelty_cooldown_s"": 3.0, ""novelty_score_delta"": 0.15, ""min_snr_db"": 8.0, ""min_prominence_db"": 6.0, ""local_window_bins"": 5, ""neighbor_support_db"": 3.0, ""method"": ""periodogram:hann+interp+dc_notch+edge_notch+guards+novelty+prominence""}"
4759a10a-2f65-4623-8860-e8d52ae97299,2025-08-20T16:55:16.150218,98195757.67384332,amplitude,1.0,critical,"Peak at 98.195758 MHz, SNR=27.9 dB, score=1.00",lite,9126f537-4433-471c-9db6-7e2e1a145beb,"{""peak_power"": 5730.14501953125, ""baseline_power"": 9.365139961242676, ""bin_index"": 624516, ""fft_size"": 1048576, ""interp_delta_bins"": -0.07099222097960234, ""freq_bin_hz"": 1.953125, ""dc_exclude_hz"": 5000.0, ""edge_exclude_hz"": 10000.0, ""novelty_enabled"": true, ""novelty_freq_tol_hz"": 5000.0, ""novelty_cooldown_s"": 3.0, ""novelty_score_delta"": 0.15, ""min_snr_db"": 8.0, ""min_prominence_db"": 6.0, ""local_window_bins"": 5, ""neighbor_support_db"": 3.0, ""method"": ""periodogram:hann+interp+dc_notch+edge_notch+guards+novelty+prominence""}"
9e3713af-df4a-4e97-b37b-3c82ffb71de9,2025-08-20T16:55:22.694265,98178015.55645122,amplitude,1.0,critical,"Peak at 98.178016 MHz, SNR=26.8 dB, score=1.00",lite,898c70b5-1fa1-45fc-a816-a9a91073a7c7,"{""peak_power"": 4474.0927734375, ""baseline_power"": 9.38344955444336, ""bin_index"": 615432, ""fft_size"": 1048576, ""interp_delta_bins"": -0.035096978143119045, ""freq_bin_hz"": 1.953125, ""dc_exclude_hz"": 5000.0, ""edge_exclude_hz"": 10000.0, ""novelty_enabled"": true, ""novelty_freq_tol_hz"": 5000.0, ""novelty_cooldown_s"": 3.0, ""novelty_score_delta"": 0.15, ""min_snr_db"": 8.0, ""min_prominence_db"": 6.0, ""local_window_bins"": 5, ""neighbor_support_db"": 3.0, ""method"": ""periodogram:hann+interp+dc_notch+edge_notch+guards+novelty+prominence""}"
963b8a69-1398-485f-9f73-c6160d095794,2025-08-20T16:55:31.197632,98185613.34688368,amplitude,1.0,critical,"Peak at 98.185613 MHz, SNR=27.1 dB, score=1.00",lite,da4dfcbf-c493-4aad-a31a-3f9d321e7db6,"{""peak_power"": 4778.7109375, ""baseline_power"": 9.396852493286133, ""bin_index"": 619322, ""fft_size"": 1048576, ""interp_delta_bins"": 0.033604447750990286, ""freq_bin_hz"": 1.953125, ""dc_exclude_hz"": 5000.0, ""edge_exclude_hz"": 10000.0, ""novelty_enabled"": true, ""novelty_freq_tol_hz"": 5000.0, ""novelty_cooldown_s"": 3.0, ""novelty_score_delta"": 0.15, ""min_snr_db"": 8.0, ""min_prominence_db"": 6.0, ""local_window_bins"": 5, ""neighbor_support_db"": 3.0, ""method"": ""periodogram:hann+interp+dc_notch+edge_notch+guards+novelty+prominence""}"
761105ea-7676-4de5-96ad-8b0ce6c5e997,2025-08-20T16:55:37.719043,98188623.2991956,amplitude,1.0,critical,"Peak at 98.188623 MHz, SNR=30.0 dB, score=1.00",lite,df5373e0-09d3-4590-92b9-9138015ec92b,"{""peak_power"": 9306.880859375, ""baseline_power"": 9.365631103515625, ""bin_index"": 620863, ""fft_size"": 1048576, ""interp_delta_bins"": 0.12918814722283473, ""freq_bin_hz"": 1.953125, ""dc_exclude_hz"": 5000.0, ""edge_exclude_hz"": 10000.0, ""novelty_enabled"": true, ""novelty_freq_tol_hz"": 5000.0, ""novelty_cooldown_s"": 3.0, ""novelty_score_delta"": 0.15, ""min_snr_db"": 8.0, ""min_prominence_db"": 6.0, ""local_window_bins"": 5, ""neighbor_support_db"": 3.0, ""method"": ""periodogram:hann+interp+dc_notch+edge_notch+guards+novelty+prominence""}"
577c2ab4-6ffc-48d2-b1fa-81891ffd673c,2025-08-20T16:56:01.252922,98223501.24223024,amplitude,1.0,critical,"Peak at 98.223501 MHz, SNR=27.1 dB, score=1.00",lite,f554c01a-faa0-44d0-ac69-81b042c13828,"{""peak_power"": 4780.833984375, ""baseline_power"": 9.40288257598877, ""bin_index"": 638721, ""fft_size"": 1048576, ""interp_delta_bins"": -0.36397811934030744, ""freq_bin_hz"": 1.953125, ""dc_exclude_hz"": 5000.0, ""edge_exclude_hz"": 10000.0, ""novelty_enabled"": true, ""novelty_freq_tol_hz"": 5000.0, ""novelty_cooldown_s"": 3.0, ""novelty_score_delta"": 0.15, ""min_snr_db"": 8.0, ""min_prominence_db"": 6.0, ""local_window_bins"": 5, ""neighbor_support_db"": 3.0, ""method"": ""periodogram:hann+interp+dc_notch+edge_notch+guards+novelty+prominence""}"
66862b9e-a5ae-4a33-9fb7-07206948929f,2025-08-20T16:56:07.803422,98185267.65905912,amplitude,1.0,critical,"Peak at 98.185268 MHz, SNR=28.5 dB, score=1.00",lite,7cfce4e8-b2fa-4385-9884-84199a90e062,"{""peak_power"": 6660.203125, ""baseline_power"": 9.404852867126465, ""bin_index"": 619145, ""fft_size"": 1048576, ""interp_delta_bins"": 0.04143826932078747, ""freq_bin_hz"": 1.953125, ""dc_exclude_hz"": 5000.0, ""edge_exclude_hz"": 10000.0, ""novelty_enabled"": true, ""novelty_freq_tol_hz"": 5000.0, ""novelty_cooldown_s"": 3.0, ""novelty_score_delta"": 0.15, ""min_snr_db"": 8.0, ""min_prominence_db"": 6.0, ""local_window_bins"": 5, ""neighbor_support_db"": 3.0, ""method"": ""periodogram:hann+interp+dc_notch+edge_notch+guards+novelty+prominence""}"
dcef44e7-c094-4e97-8957-38c72291bbcc,2025-08-20T16:56:31.334405,98205297.6736834,amplitude,1.0,critical,"Peak at 98.205298 MHz, SNR=28.6 dB, score=1.00",lite,99c80619-3e68-4c0f-9a2c-9ae4a960a22e,"{""peak_power"": 6758.7568359375, ""baseline_power"": 9.352356910705566, ""bin_index"": 629400, ""fft_size"": 1048576, ""interp_delta_bins"": 0.40892590004411045, ""freq_bin_hz"": 1.953125, ""dc_exclude_hz"": 5000.0, ""edge_exclude_hz"": 10000.0, ""novelty_enabled"": true, ""novelty_freq_tol_hz"": 5000.0, ""novelty_cooldown_s"": 3.0, ""novelty_score_delta"": 0.15, ""min_snr_db"": 8.0, ""min_prominence_db"": 6.0, ""local_window_bins"": 5, ""neighbor_support_db"": 3.0, ""method"": ""periodogram:hann+interp+dc_notch+edge_notch+guards+novelty+prominence""}"
bcc375cc-1b17-411d-a65d-0839c7a13b09,2025-08-20T16:56:46.351300,98200203.54157257,amplitude,1.0,critical,"Peak at 98.200204 MHz, SNR=28.3 dB, score=1.00",lite,cb9056fc-61c4-456e-9c9b-ec2cb7126779,"{""peak_power"": 6414.5703125, ""baseline_power"": 9.389398574829102, ""bin_index"": 626792, ""fft_size"": 1048576, ""interp_delta_bins"": 0.21328515730158062, ""freq_bin_hz"": 1.953125, ""dc_exclude_hz"": 5000.0, ""edge_exclude_hz"": 10000.0, ""novelty_enabled"": true, ""novelty_freq_tol_hz"": 5000.0, ""novelty_cooldown_s"": 3.0, ""novelty_score_delta"": 0.15, ""min_snr_db"": 8.0, ""min_prominence_db"": 6.0, ""local_window_bins"": 5, ""neighbor_support_db"": 3.0, ""method"": ""periodogram:hann+interp+dc_notch+edge_notch+guards+novelty+prominence""}"
1c5fc61d-1494-496c-92fd-99e0aed4ab89,2025-08-20T16:57:01.385701,98197013.85095508,amplitude,1.0,critical,"Peak at 98.197014 MHz, SNR=27.6 dB, score=1.00",lite,5a79d9dd-2e21-4549-b94e-1962b78a0d0f,"{""peak_power"": 5432.21044921875, ""baseline_power"": 9.368526458740234, ""bin_index"": 625159, ""fft_size"": 1048576, ""interp_delta_bins"": 0.09168900678639721, ""freq_bin_hz"": 1.953125, ""dc_exclude_hz"": 5000.0, ""edge_exclude_hz"": 10000.0, ""novelty_enabled"": true, ""novelty_freq_tol_hz"": 5000.0, ""novelty_cooldown_s"": 3.0, ""novelty_score_delta"": 0.15, ""min_snr_db"": 8.0, ""min_prominence_db"": 6.0, ""local_window_bins"": 5, ""neighbor_support_db"": 3.0, ""method"": ""periodogram:hann+interp+dc_notch+edge_notch+guards+novelty+prominence""}"
c0c47770-4b8b-4b20-9d9c-e7de1fee3b7d,2025-08-20T16:57:07.933554,98163119.25929087,amplitude,1.0,critical,"Peak at 98.163119 MHz, SNR=27.2 dB, score=1.00",lite,3620aceb-31bc-4902-b99f-7e33f411ccdf,"{""peak_power"": 4890.701171875, ""baseline_power"": 9.404541015625, ""bin_index"": 607805, ""fft_size"": 1048576, ""interp_delta_bins"": 0.06075692951438847, ""freq_bin_hz"": 1.953125, ""dc_exclude_hz"": 5000.0, ""edge_exclude_hz"": 10000.0, ""novelty_enabled"": true, ""novelty_freq_tol_hz"": 5000.0, ""novelty_cooldown_s"": 3.0, ""novelty_score_delta"": 0.15, ""min_snr_db"": 8.0, ""min_prominence_db"": 6.0, ""local_window_bins"": 5, ""neighbor_support_db"": 3.0, ""method"": ""periodogram:hann+interp+dc_notch+edge_notch+guards+novelty+prominence""}"
bed40c90-89f5-4447-bd24-cab8502da347,2025-08-20T16:57:16.398041,98192284.37983836,amplitude,1.0,critical,"Peak at 98.192284 MHz, SNR=26.4 dB, score=1.00",lite,f2058164-a00a-4ff8-b45c-35691fafbdd1,"{""peak_power"": 4094.713623046875, ""baseline_power"": 9.343974113464355, ""bin_index"": 622738, ""fft_size"": 1048576, ""interp_delta_bins"": -0.3975227572160724, ""freq_bin_hz"": 1.953125, ""dc_exclude_hz"": 5000.0, ""edge_exclude_hz"": 10000.0, ""novelty_enabled"": true, ""novelty_freq_tol_hz"": 5000.0, ""novelty_cooldown_s"": 3.0, ""novelty_score_delta"": 0.15, ""min_snr_db"": 8.0, ""min_prominence_db"": 6.0, ""local_window_bins"": 5, ""neighbor_support_db"": 3.0, ""method"": ""periodogram:hann+interp+dc_notch+edge_notch+guards+novelty+prominence""}"
8f574c14-38a6-4e91-b6c7-f92a9ca5645c,2025-08-20T16:57:37.950435,98205333.6926854,amplitude,1.0,critical,"Peak at 98.205334 MHz, SNR=26.0 dB, score=1.00",lite,85400ca9-16ef-4cba-b5bb-0f538f4b60b2,"{""peak_power"": 3750.798583984375, ""baseline_power"": 9.337037086486816, ""bin_index"": 629419, ""fft_size"": 1048576, ""interp_delta_bins"": -0.14934507914831383, ""freq_bin_hz"": 1.953125, ""dc_exclude_hz"": 5000.0, ""edge_exclude_hz"": 10000.0, ""novelty_enabled"": true, ""novelty_freq_tol_hz"": 5000.0, ""novelty_cooldown_s"": 3.0, ""novelty_score_delta"": 0.15, ""min_snr_db"": 8.0, ""min_prominence_db"": 6.0, ""local_window_bins"": 5, ""neighbor_support_db"": 3.0, ""method"": ""periodogram:hann+interp+dc_notch+edge_notch+guards+novelty+prominence""}"
ce995df0-8408-49e7-b424-bed50522a81c,2025-08-20T16:57:46.418671,98186174.0821463,amplitude,1.0,critical,"Peak at 98.186174 MHz, SNR=26.4 dB, score=1.00",lite,9f7cb3d0-81a7-40d2-a654-db9718892fa9,"{""peak_power"": 4100.099609375, ""baseline_power"": 9.352469444274902, ""bin_index"": 619609, ""fft_size"": 1048576, ""interp_delta_bins"": 0.13005890617578944, ""freq_bin_hz"": 1.953125, ""dc_exclude_hz"": 5000.0, ""edge_exclude_hz"": 10000.0, ""novelty_enabled"": true, ""novelty_freq_tol_hz"": 5000.0, ""novelty_cooldown_s"": 3.0, ""novelty_score_delta"": 0.15, ""min_snr_db"": 8.0, ""min_prominence_db"": 6.0, ""local_window_bins"": 5, ""neighbor_support_db"": 3.0, ""method"": ""periodogram:hann+interp+dc_notch+edge_notch+guards+novelty+prominence""}"
54cd6909-3f29-4f27-b6ab-4d42a39bec1e,2025-08-20T16:57:52.949488,98206073.61306076,amplitude,1.0,critical,"Peak at 98.206074 MHz, SNR=28.0 dB, score=1.00",lite,5c1f21da-e170-497e-90fa-1565a87ed01f,"{""peak_power"": 5845.302734375, ""baseline_power"": 9.319066047668457, ""bin_index"": 629798, ""fft_size"": 1048576, ""interp_delta_bins"": -0.3101128908884694, ""freq_bin_hz"": 1.953125, ""dc_exclude_hz"": 5000.0, ""edge_exclude_hz"": 10000.0, ""novelty_enabled"": true, ""novelty_freq_tol_hz"": 5000.0, ""novelty_cooldown_s"": 3.0, ""novelty_score_delta"": 0.15, ""min_snr_db"": 8.0, ""min_prominence_db"": 6.0, ""local_window_bins"": 5, ""neighbor_support_db"": 3.0, ""method"": ""periodogram:hann+interp+dc_notch+edge_notch+guards+novelty+prominence""}"
6a45e451-d62c-40d7-a9da-bbd4ca4a50be,2025-08-20T16:58:07.964391,98206173.09573586,amplitude,1.0,critical,"Peak at 98.206173 MHz, SNR=25.8 dB, score=1.00",lite,abb18134-d28a-4ec7-a952-03a4bcfaf1a4,"{""peak_power"": 3609.4736328125, ""baseline_power"": 9.401019096374512, ""bin_index"": 629849, ""fft_size"": 1048576, ""interp_delta_bins"": -0.3749832370061388, ""freq_bin_hz"": 1.953125, ""dc_exclude_hz"": 5000.0, ""edge_exclude_hz"": 10000.0, ""novelty_enabled"": true, ""novelty_freq_tol_hz"": 5000.0, ""novelty_cooldown_s"": 3.0, ""novelty_score_delta"": 0.15, ""min_snr_db"": 8.0, ""min_prominence_db"": 6.0, ""local_window_bins"": 5, ""neighbor_support_db"": 3.0, ""method"": ""periodogram:hann+interp+dc_notch+edge_notch+guards+novelty+prominence""}"
8ddfc6ca-bcba-4fc3-9784-b76fba4901ad,2025-08-20T16:58:22.959283,98190764.08417355,amplitude,1.0,critical,"Peak at 98.190764 MHz, SNR=28.5 dB, score=1.00",lite,69d3ee57-cffd-40a8-aa53-62294356c662,"{""peak_power"": 6619.2001953125, ""baseline_power"": 9.271055221557617, ""bin_index"": 621959, ""fft_size"": 1048576, ""interp_delta_bins"": 0.2110968549424355, ""freq_bin_hz"": 1.953125, ""dc_exclude_hz"": 5000.0, ""edge_exclude_hz"": 10000.0, ""novelty_enabled"": true, ""novelty_freq_tol_hz"": 5000.0, ""novelty_cooldown_s"": 3.0, ""novelty_score_delta"": 0.15, ""min_snr_db"": 8.0, ""min_prominence_db"": 6.0, ""local_window_bins"": 5, ""neighbor_support_db"": 3.0, ""method"": ""periodogram:hann+interp+dc_notch+edge_notch+guards+novelty+prominence""}"
8b82235f-511f-439c-9307-9ce810c08e8a,2025-08-20T16:58:31.399476,98200037.23054905,amplitude,1.0,critical,"Peak at 98.200037 MHz, SNR=27.9 dB, score=1.00",lite,69140427-1c96-41d3-aaf6-868c1b59e037,"{""peak_power"": 5793.28515625, ""baseline_power"": 9.337251663208008, ""bin_index"": 626707, ""fft_size"": 1048576, ""interp_delta_bins"": 0.06204111569638288, ""freq_bin_hz"": 1.953125, ""dc_exclude_hz"": 5000.0, ""edge_exclude_hz"": 10000.0, ""novelty_enabled"": true, ""novelty_freq_tol_hz"": 5000.0, ""novelty_cooldown_s"": 3.0, ""novelty_score_delta"": 0.15, ""min_snr_db"": 8.0, ""min_prominence_db"": 6.0, ""local_window_bins"": 5, ""neighbor_support_db"": 3.0, ""method"": ""periodogram:hann+interp+dc_notch+edge_notch+guards+novelty+prominence""}"
b9981402-3db6-4d92-811a-d32c7ee9ede5,2025-08-20T16:58:52.961242,98190197.64397195,amplitude,1.0,critical,"Peak at 98.190198 MHz, SNR=26.6 dB, score=1.00",lite,243c7209-2657-4da6-9899-ecff0e7e691d,"{""peak_power"": 4319.48291015625, ""baseline_power"": 9.377223014831543, ""bin_index"": 621669, ""fft_size"": 1048576, ""interp_delta_bins"": 0.19371363878425216, ""freq_bin_hz"": 1.953125, ""dc_exclude_hz"": 5000.0, ""edge_exclude_hz"": 10000.0, ""novelty_enabled"": true, ""novelty_freq_tol_hz"": 5000.0, ""novelty_cooldown_s"": 3.0, ""novelty_score_delta"": 0.15, ""min_snr_db"": 8.0, ""min_prominence_db"": 6.0, ""local_window_bins"": 5, ""neighbor_support_db"": 3.0, ""method"": ""periodogram:hann+interp+dc_notch+edge_notch+guards+novelty+prominence""}"
5fea2226-5c0d-4303-a56c-d0472efc88b6,2025-08-20T16:59:01.403730,98190047.87654893,amplitude,1.0,critical,"Peak at 98.190048 MHz, SNR=27.0 dB, score=1.00",lite,dbf88fb1-cb94-4e1a-9226-9ab75040c29b,"{""peak_power"": 4695.1943359375, ""baseline_power"": 9.348590850830078, ""bin_index"": 621593, ""fft_size"": 1048576, ""interp_delta_bins"": -0.48720694873527354, ""freq_bin_hz"": 1.953125, ""dc_exclude_hz"": 5000.0, ""edge_exclude_hz"": 10000.0, ""novelty_enabled"": true, ""novelty_freq_tol_hz"": 5000.0, ""novelty_cooldown_s"": 3.0, ""novelty_score_delta"": 0.15, ""min_snr_db"": 8.0, ""min_prominence_db"": 6.0, ""local_window_bins"": 5, ""neighbor_support_db"": 3.0, ""method"": ""periodogram:hann+interp+dc_notch+edge_notch+guards+novelty+prominence""}"
0cdc7f39-4b3c-4278-8abb-335c5831a166,2025-08-20T16:59:07.926381,98203383.51305616,amplitude,1.0,critical,"Peak at 98.203384 MHz, SNR=28.2 dB, score=1.00",lite,3b456f5d-45c6-44cd-8b44-57f55828e5c7,"{""peak_power"": 6174.65673828125, ""baseline_power"": 9.328634262084961, ""bin_index"": 628420, ""fft_size"": 1048576, ""interp_delta_bins"": 0.3586847536683075, ""freq_bin_hz"": 1.953125, ""dc_exclude_hz"": 5000.0, ""edge_exclude_hz"": 10000.0, ""novelty_enabled"": true, ""novelty_freq_tol_hz"": 5000.0, ""novelty_cooldown_s"": 3.0, ""novelty_score_delta"": 0.15, ""min_snr_db"": 8.0, ""min_prominence_db"": 6.0, ""local_window_bins"": 5, ""neighbor_support_db"": 3.0, ""method"": ""periodogram:hann+interp+dc_notch+edge_notch+guards+novelty+prominence""}"
84d250dd-5284-4bc0-9c31-7c89a5515ba2,2025-08-20T16:59:22.965784,98195052.22116137,amplitude,1.0,critical,"Peak at 98.195052 MHz, SNR=27.8 dB, score=1.00",lite,0410f452-fec9-48dd-80d3-929ef8c8daa0,"{""peak_power"": 5649.5439453125, ""baseline_power"": 9.38707160949707, ""bin_index"": 624155, ""fft_size"": 1048576, ""interp_delta_bins"": -0.2627653835098503, ""freq_bin_hz"": 1.953125, ""dc_exclude_hz"": 5000.0, ""edge_exclude_hz"": 10000.0, ""novelty_enabled"": true, ""novelty_freq_tol_hz"": 5000.0, ""novelty_cooldown_s"": 3.0, ""novelty_score_delta"": 0.15, ""min_snr_db"": 8.0, ""min_prominence_db"": 6.0, ""local_window_bins"": 5, ""neighbor_support_db"": 3.0, ""method"": ""periodogram:hann+interp+dc_notch+edge_notch+guards+novelty+prominence""}"
35751397-da89-4fb5-85b4-17e343469f84,2025-08-20T16:59:46.415754,98186785.48273775,amplitude,1.0,critical,"Peak at 98.186785 MHz, SNR=27.5 dB, score=1.00",lite,4c534c30-f71b-4e2e-9da0-40c3d6a0be32,"{""peak_power"": 5215.921875, ""baseline_power"": 9.28042221069336, ""bin_index"": 619922, ""fft_size"": 1048576, ""interp_delta_bins"": 0.1671617285443008, ""freq_bin_hz"": 1.953125, ""dc_exclude_hz"": 5000.0, ""edge_exclude_hz"": 10000.0, ""novelty_enabled"": true, ""novelty_freq_tol_hz"": 5000.0, ""novelty_cooldown_s"": 3.0, ""novelty_score_delta"": 0.15, ""min_snr_db"": 8.0, ""min_prominence_db"": 6.0, ""local_window_bins"": 5, ""neighbor_support_db"": 3.0, ""method"": ""periodogram:hann+interp+dc_notch+edge_notch+guards+novelty+prominence""}"
96eb4bfd-940f-47db-be3e-ae939928546b,2025-08-20T16:59:52.957237,98194290.46664111,amplitude,1.0,critical,"Peak at 98.194290 MHz, SNR=26.8 dB, score=1.00",lite,db079120-cdd5-41e7-9287-7f325834c784,"{""peak_power"": 4528.4091796875, ""baseline_power"": 9.353071212768555, ""bin_index"": 623765, ""fft_size"": 1048576, ""interp_delta_bins"": -0.2810797519164444, ""freq_bin_hz"": 1.953125, ""dc_exclude_hz"": 5000.0, ""edge_exclude_hz"": 10000.0, ""novelty_enabled"": true, ""novelty_freq_tol_hz"": 5000.0, ""novelty_cooldown_s"": 3.0, ""novelty_score_delta"": 0.15, ""min_snr_db"": 8.0, ""min_prominence_db"": 6.0, ""local_window_bins"": 5, ""neighbor_support_db"": 3.0, ""method"": ""periodogram:hann+interp+dc_notch+edge_notch+guards+novelty+prominence""}"
6658614e-1f28-4089-b0fa-7835408708a7,2025-08-20T17:00:01.410960,98204989.99450119,amplitude,1.0,critical,"Peak at 98.204990 MHz, SNR=27.7 dB, score=1.00",lite,072bf278-56db-418e-922f-88c717717fa3,"{""peak_power"": 5482.96240234375, ""baseline_power"": 9.37414264678955, ""bin_index"": 629243, ""fft_size"": 1048576, ""interp_delta_bins"": -0.12281538954671355, ""freq_bin_hz"": 1.953125, ""dc_exclude_hz"": 5000.0, ""edge_exclude_hz"": 10000.0, ""novelty_enabled"": true, ""novelty_freq_tol_hz"": 5000.0, ""novelty_cooldown_s"": 3.0, ""novelty_score_delta"": 0.15, ""min_snr_db"": 8.0, ""min_prominence_db"": 6.0, ""local_window_bins"": 5, ""neighbor_support_db"": 3.0, ""method"": ""periodogram:hann+interp+dc_notch+edge_notch+guards+novelty+prominence""}"
d95d4aab-66e3-4a11-816e-ea94de36cc2b,2025-08-20T17:00:07.964260,98195268.76925272,amplitude,1.0,critical,"Peak at 98.195269 MHz, SNR=28.2 dB, score=1.00",lite,1eba7ebd-7426-4f86-8d67-b720855f5630,"{""peak_power"": 6114.14453125, ""baseline_power"": 9.325225830078125, ""bin_index"": 624266, ""fft_size"": 1048576, ""interp_delta_bins"": -0.3901426080137274, ""freq_bin_hz"": 1.953125, ""dc_exclude_hz"": 5000.0, ""edge_exclude_hz"": 10000.0, ""novelty_enabled"": true, ""novelty_freq_tol_hz"": 5000.0, ""novelty_cooldown_s"": 3.0, ""novelty_score_delta"": 0.15, ""min_snr_db"": 8.0, ""min_prominence_db"": 6.0, ""local_window_bins"": 5, ""neighbor_support_db"": 3.0, ""method"": ""periodogram:hann+interp+dc_notch+edge_notch+guards+novelty+prominence""}"
a6a82abc-c286-43a9-a460-fb04f296a6d1,2025-08-20T17:00:31.407939,98176619.63940041,amplitude,1.0,critical,"Peak at 98.176620 MHz, SNR=28.0 dB, score=1.00",lite,e338cd27-df70-4ed7-8961-903cafa6e8ed,"{""peak_power"": 5828.8291015625, ""baseline_power"": 9.344446182250977, ""bin_index"": 614717, ""fft_size"": 1048576, ""interp_delta_bins"": 0.25537301210326496, ""freq_bin_hz"": 1.953125, ""dc_exclude_hz"": 5000.0, ""edge_exclude_hz"": 10000.0, ""novelty_enabled"": true, ""novelty_freq_tol_hz"": 5000.0, ""novelty_cooldown_s"": 3.0, ""novelty_score_delta"": 0.15, ""min_snr_db"": 8.0, ""min_prominence_db"": 6.0, ""local_window_bins"": 5, ""neighbor_support_db"": 3.0, ""method"": ""periodogram:hann+interp+dc_notch+edge_notch+guards+novelty+prominence""}"
c85f3e36-c232-4b20-aea5-ff5910a1820a,2025-08-20T17:00:37.943599,98196020.19501586,amplitude,1.0,critical,"Peak at 98.196020 MHz, SNR=28.3 dB, score=1.00",lite,284010ee-9b8e-4067-a4fa-50a09d616655,"{""peak_power"": 6376.90771484375, ""baseline_power"": 9.336141586303711, ""bin_index"": 624650, ""fft_size"": 1048576, ""interp_delta_bins"": 0.33984812443122636, ""freq_bin_hz"": 1.953125, ""dc_exclude_hz"": 5000.0, ""edge_exclude_hz"": 10000.0, ""novelty_enabled"": true, ""novelty_freq_tol_hz"": 5000.0, ""novelty_cooldown_s"": 3.0, ""novelty_score_delta"": 0.15, ""min_snr_db"": 8.0, ""min_prominence_db"": 6.0, ""local_window_bins"": 5, ""neighbor_support_db"": 3.0, ""method"": ""periodogram:hann+interp+dc_notch+edge_notch+guards+novelty+prominence""}"
37ca2479-a5f9-4e17-a6fb-3a32783e2b80,2025-08-20T17:00:52.963067,98199988.02703205,amplitude,1.0,critical,"Peak at 98.199988 MHz, SNR=27.8 dB, score=1.00",lite,6bdce532-2d55-407e-9ff5-14321e4da8a4,"{""peak_power"": 5563.5927734375, ""baseline_power"": 9.306241035461426, ""bin_index"": 626682, ""fft_size"": 1048576, ""interp_delta_bins"": -0.1301595884396172, ""freq_bin_hz"": 1.953125, ""dc_exclude_hz"": 5000.0, ""edge_exclude_hz"": 10000.0, ""novelty_enabled"": true, ""novelty_freq_tol_hz"": 5000.0, ""novelty_cooldown_s"": 3.0, ""novelty_score_delta"": 0.15, ""min_snr_db"": 8.0, ""min_prominence_db"": 6.0, ""local_window_bins"": 5, ""neighbor_support_db"": 3.0, ""method"": ""periodogram:hann+interp+dc_notch+edge_notch+guards+novelty+prominence""}"
5a02212b-e312-435b-81c3-351ab91b7a45,2025-08-20T17:01:07.959711,98191582.43072848,amplitude,1.0,critical,"Peak at 98.191582 MHz, SNR=27.5 dB, score=1.00",lite,0d88ba0b-66e5-40cf-a3b3-6b69cbf3abb0,"{""peak_power"": 5316.55859375, ""baseline_power"": 9.35577392578125, ""bin_index"": 622378, ""fft_size"": 1048576, ""interp_delta_bins"": 0.20453298144594978, ""freq_bin_hz"": 1.953125, ""dc_exclude_hz"": 5000.0, ""edge_exclude_hz"": 10000.0, ""novelty_enabled"": true, ""novelty_freq_tol_hz"": 5000.0, ""novelty_cooldown_s"": 3.0, ""novelty_score_delta"": 0.15, ""min_snr_db"": 8.0, ""min_prominence_db"": 6.0, ""local_window_bins"": 5, ""neighbor_support_db"": 3.0, ""method"": ""periodogram:hann+interp+dc_notch+edge_notch+guards+novelty+prominence""}"
f1f7709a-14e5-4a28-b310-a67ac0d5c031,2025-08-20T17:01:16.399769,98203599.7834418,amplitude,1.0,critical,"Peak at 98.203600 MHz, SNR=26.5 dB, score=1.00",lite,f460fe68-409f-4d09-9af6-b0d075ef223c,"{""peak_power"": 4190.513671875, ""baseline_power"": 9.361593246459961, ""bin_index"": 628531, ""fft_size"": 1048576, ""interp_delta_bins"": 0.08912220225842808, ""freq_bin_hz"": 1.953125, ""dc_exclude_hz"": 5000.0, ""edge_exclude_hz"": 10000.0, ""novelty_enabled"": true, ""novelty_freq_tol_hz"": 5000.0, ""novelty_cooldown_s"": 3.0, ""novelty_score_delta"": 0.15, ""min_snr_db"": 8.0, ""min_prominence_db"": 6.0, ""local_window_bins"": 5, ""neighbor_support_db"": 3.0, ""method"": ""periodogram:hann+interp+dc_notch+edge_notch+guards+novelty+prominence""}"
bde1970b-4002-4a3a-834e-1f3f2f5c93fd,2025-08-20T17:01:31.420482,98164935.651699,amplitude,1.0,critical,"Peak at 98.164936 MHz, SNR=31.0 dB, score=1.00",lite,413314c6-e19c-4594-8b83-e12417c5b17b,"{""peak_power"": 11780.826171875, ""baseline_power"": 9.30068588256836, ""bin_index"": 608735, ""fft_size"": 1048576, ""interp_delta_bins"": 0.05366989337020054, ""freq_bin_hz"": 1.953125, ""dc_exclude_hz"": 5000.0, ""edge_exclude_hz"": 10000.0, ""novelty_enabled"": true, ""novelty_freq_tol_hz"": 5000.0, ""novelty_cooldown_s"": 3.0, ""novelty_score_delta"": 0.15, ""min_snr_db"": 8.0, ""min_prominence_db"": 6.0, ""local_window_bins"": 5, ""neighbor_support_db"": 3.0, ""method"": ""periodogram:hann+interp+dc_notch+edge_notch+guards+novelty+prominence""}"
54b5c1bc-6aa3-4012-b122-107b641a5305,2025-08-20T17:01:46.426254,98205576.39558256,amplitude,1.0,critical,"Peak at 98.205576 MHz, SNR=26.7 dB, score=1.00",lite,489b289b-b2f9-45d9-8f2b-168bb628e460,"{""peak_power"": 4415.904296875, ""baseline_power"": 9.383016586303711, ""bin_index"": 629543, ""fft_size"": 1048576, ""interp_delta_bins"": 0.11453827053438953, ""freq_bin_hz"": 1.953125, ""dc_exclude_hz"": 5000.0, ""edge_exclude_hz"": 10000.0, ""novelty_enabled"": true, ""novelty_freq_tol_hz"": 5000.0, ""novelty_cooldown_s"": 3.0, ""novelty_score_delta"": 0.15, ""min_snr_db"": 8.0, ""min_prominence_db"": 6.0, ""local_window_bins"": 5, ""neighbor_support_db"": 3.0, ""method"": ""periodogram:hann+interp+dc_notch+edge_notch+guards+novelty+prominence""}"
fdb89a3e-58d1-4ce0-8ba4-feaf6180e8c6,2025-08-20T17:01:52.969562,98209311.05655117,amplitude,1.0,critical,"Peak at 98.209311 MHz, SNR=27.1 dB, score=1.00",lite,5bf4b134-8051-4f7f-872a-25e99a6aba25,"{""peak_power"": 4809.37353515625, ""baseline_power"": 9.327800750732422, ""bin_index"": 631455, ""fft_size"": 1048576, ""interp_delta_bins"": 0.2609542036068239, ""freq_bin_hz"": 1.953125, ""dc_exclude_hz"": 5000.0, ""edge_exclude_hz"": 10000.0, ""novelty_enabled"": true, ""novelty_freq_tol_hz"": 5000.0, ""novelty_cooldown_s"": 3.0, ""novelty_score_delta"": 0.15, ""min_snr_db"": 8.0, ""min_prominence_db"": 6.0, ""local_window_bins"": 5, ""neighbor_support_db"": 3.0, ""method"": ""periodogram:hann+interp+dc_notch+edge_notch+guards+novelty+prominence""}"
8375b471-311c-4163-b982-3b6686d6b2a8,2025-08-20T17:02:01.432689,98196142.96705665,amplitude,1.0,critical,"Peak at 98.196143 MHz, SNR=28.2 dB, score=1.00",lite,9f56355a-e45b-4543-a7c0-eb893db377a1,"{""peak_power"": 6147.607421875, ""baseline_power"": 9.290550231933594, ""bin_index"": 624713, ""fft_size"": 1048576, ""interp_delta_bins"": 0.19913299966070647, ""freq_bin_hz"": 1.953125, ""dc_exclude_hz"": 5000.0, ""edge_exclude_hz"": 10000.0, ""novelty_enabled"": true, ""novelty_freq_tol_hz"": 5000.0, ""novelty_cooldown_s"": 3.0, ""novelty_score_delta"": 0.15, ""min_snr_db"": 8.0, ""min_prominence_db"": 6.0, ""local_window_bins"": 5, ""neighbor_support_db"": 3.0, ""method"": ""periodogram:hann+interp+dc_notch+edge_notch+guards+novelty+prominence""}"
f872561a-016e-4b6a-a9e2-9459b5c1f45e,2025-08-20T17:02:16.413934,98188422.8791771,amplitude,1.0,critical,"Peak at 98.188423 MHz, SNR=28.3 dB, score=1.00",lite,db748e69-b607-465d-bdad-19c050e34b73,"{""peak_power"": 6372.90673828125, ""baseline_power"": 9.351424217224121, ""bin_index"": 620761, ""fft_size"": 1048576, ""interp_delta_bins"": -0.4858613248715083, ""freq_bin_hz"": 1.953125, ""dc_exclude_hz"": 5000.0, ""edge_exclude_hz"": 10000.0, ""novelty_enabled"": true, ""novelty_freq_tol_hz"": 5000.0, ""novelty_cooldown_s"": 3.0, ""novelty_score_delta"": 0.15, ""min_snr_db"": 8.0, ""min_prominence_db"": 6.0, ""local_window_bins"": 5, ""neighbor_support_db"": 3.0, ""method"": ""periodogram:hann+interp+dc_notch+edge_notch+guards+novelty+prominence""}"
47e9c4c1-ed29-4a08-bd27-0d9374e8d2c7,2025-08-20T17:02:31.410806,98187283.32094812,amplitude,1.0,critical,"Peak at 98.187283 MHz, SNR=28.1 dB, score=1.00",lite,fed691c3-dfb5-4571-a49d-df7275069ed4,"{""peak_power"": 6056.19873046875, ""baseline_power"": 9.338232040405273, ""bin_index"": 620177, ""fft_size"": 1048576, ""interp_delta_bins"": 0.0603254374062645, ""freq_bin_hz"": 1.953125, ""dc_exclude_hz"": 5000.0, ""edge_exclude_hz"": 10000.0, ""novelty_enabled"": true, ""novelty_freq_tol_hz"": 5000.0, ""novelty_cooldown_s"": 3.0, ""novelty_score_delta"": 0.15, ""min_snr_db"": 8.0, ""min_prominence_db"": 6.0, ""local_window_bins"": 5, ""neighbor_support_db"": 3.0, ""method"": ""periodogram:hann+interp+dc_notch+edge_notch+guards+novelty+prominence""}"
c8aa81cb-9e24-4329-a4f4-4967360afc07,2025-08-20T17:02:46.420488,98185830.3330605,amplitude,1.0,critical,"Peak at 98.185830 MHz, SNR=27.2 dB, score=1.00",lite,3fcccdd0-ace8-4a3c-ba3f-fbb1561d780e,"{""peak_power"": 4929.86083984375, ""baseline_power"": 9.31950855255127, ""bin_index"": 619433, ""fft_size"": 1048576, ""interp_delta_bins"": 0.13052697476700628, ""freq_bin_hz"": 1.953125, ""dc_exclude_hz"": 5000.0, ""edge_exclude_hz"": 10000.0, ""novelty_enabled"": true, ""novelty_freq_tol_hz"": 5000.0, ""novelty_cooldown_s"": 3.0, ""novelty_score_delta"": 0.15, ""min_snr_db"": 8.0, ""min_prominence_db"": 6.0, ""local_window_bins"": 5, ""neighbor_support_db"": 3.0, ""method"": ""periodogram:hann+interp+dc_notch+edge_notch+guards+novelty+prominence""}"
a5f9ac11-3754-4b03-b258-88d0cc59f238,2025-08-20T17:02:52.946168,98205562.01242915,amplitude,1.0,critical,"Peak at 98.205562 MHz, SNR=26.6 dB, score=1.00",lite,0696f71c-e1a7-4650-81eb-8cbbac6ed935,"{""peak_power"": 4244.26513671875, ""baseline_power"": 9.348388671875, ""bin_index"": 629536, ""fft_size"": 1048576, ""interp_delta_bins"": -0.24963627476580627, ""freq_bin_hz"": 1.953125, ""dc_exclude_hz"": 5000.0, ""edge_exclude_hz"": 10000.0, ""novelty_enabled"": true, ""novelty_freq_tol_hz"": 5000.0, ""novelty_cooldown_s"": 3.0, ""novelty_score_delta"": 0.15, ""min_snr_db"": 8.0, ""min_prominence_db"": 6.0, ""local_window_bins"": 5, ""neighbor_support_db"": 3.0, ""method"": ""periodogram:hann+interp+dc_notch+edge_notch+guards+novelty+prominence""}"
0ce7b58f-85b5-4d8a-b04a-5cf48f5e8169,2025-08-20T17:03:07.944900,98202525.59614591,amplitude,1.0,critical,"Peak at 98.202526 MHz, SNR=28.3 dB, score=1.00",lite,13a3eea7-c660-4d46-b826-1798526cce2f,"{""peak_power"": 6362.12939453125, ""baseline_power"": 9.34385871887207, ""bin_index"": 627981, ""fft_size"": 1048576, ""interp_delta_bins"": 0.10522670571589268, ""freq_bin_hz"": 1.953125, ""dc_exclude_hz"": 5000.0, ""edge_exclude_hz"": 10000.0, ""novelty_enabled"": true, ""novelty_freq_tol_hz"": 5000.0, ""novelty_cooldown_s"": 3.0, ""novelty_score_delta"": 0.15, ""min_snr_db"": 8.0, ""min_prominence_db"": 6.0, ""local_window_bins"": 5, ""neighbor_support_db"": 3.0, ""method"": ""periodogram:hann+interp+dc_notch+edge_notch+guards+novelty+prominence""}"
3f0f3f0a-f69f-40cd-9f10-65ec09f12e48,2025-08-20T17:03:37.949090,98195355.77028084,amplitude,1.0,critical,"Peak at 98.195356 MHz, SNR=26.9 dB, score=1.00",lite,26596ffc-68ae-49c2-b9a8-6e0a2175bb5f,"{""peak_power"": 4559.9716796875, ""baseline_power"": 9.328357696533203, ""bin_index"": 624310, ""fft_size"": 1048576, ""interp_delta_bins"": 0.1543837878715523, ""freq_bin_hz"": 1.953125, ""dc_exclude_hz"": 5000.0, ""edge_exclude_hz"": 10000.0, ""novelty_enabled"": true, ""novelty_freq_tol_hz"": 5000.0, ""novelty_cooldown_s"": 3.0, ""novelty_score_delta"": 0.15, ""min_snr_db"": 8.0, ""min_prominence_db"": 6.0, ""local_window_bins"": 5, ""neighbor_support_db"": 3.0, ""method"": ""periodogram:hann+interp+dc_notch+edge_notch+guards+novelty+prominence""}"
a669ec2e-0cd7-447d-87cf-fd20de2a57e4,2025-08-20T17:03:52.939778,98196664.76845843,amplitude,1.0,critical,"Peak at 98.196665 MHz, SNR=28.6 dB, score=1.00",lite,52f0681a-4e46-4055-99aa-611e2f7c7d8a,"{""peak_power"": 6643.40380859375, ""baseline_power"": 9.257270812988281, ""bin_index"": 624980, ""fft_size"": 1048576, ""interp_delta_bins"": 0.36145071145762975, ""freq_bin_hz"": 1.953125, ""dc_exclude_hz"": 5000.0, ""edge_exclude_hz"": 10000.0, ""novelty_enabled"": true, ""novelty_freq_tol_hz"": 5000.0, ""novelty_cooldown_s"": 3.0, ""novelty_score_delta"": 0.15, ""min_snr_db"": 8.0, ""min_prominence_db"": 6.0, ""local_window_bins"": 5, ""neighbor_support_db"": 3.0, ""method"": ""periodogram:hann+interp+dc_notch+edge_notch+guards+novelty+prominence""}"
89ad4628-1c09-415d-85d0-294053c5ca40,2025-08-20T17:04:07.927230,98184061.14634472,amplitude,1.0,critical,"Peak at 98.184061 MHz, SNR=26.8 dB, score=1.00",lite,d31a3bd3-2bd4-4c66-916b-e2896071bcaa,"{""peak_power"": 4541.4384765625, ""baseline_power"": 9.393805503845215, ""bin_index"": 618527, ""fft_size"": 1048576, ""interp_delta_bins"": 0.30692849707795644, ""freq_bin_hz"": 1.953125, ""dc_exclude_hz"": 5000.0, ""edge_exclude_hz"": 10000.0, ""novelty_enabled"": true, ""novelty_freq_tol_hz"": 5000.0, ""novelty_cooldown_s"": 3.0, ""novelty_score_delta"": 0.15, ""min_snr_db"": 8.0, ""min_prominence_db"": 6.0, ""local_window_bins"": 5, ""neighbor_support_db"": 3.0, ""method"": ""periodogram:hann+interp+dc_notch+edge_notch+guards+novelty+prominence""}"
8518fbde-9572-42d0-999a-19f2aa4b0642,2025-08-20T17:04:15.407183,98227426.12309954,amplitude,1.0,critical,"Peak at 98.227426 MHz, SNR=26.5 dB, score=1.00",lite,8d57b6d7-bb8a-4f45-b828-f741f7f6828a,"{""peak_power"": 4211.68603515625, ""baseline_power"": 9.36518669128418, ""bin_index"": 640730, ""fft_size"": 1048576, ""interp_delta_bins"": 0.1750269648644774, ""freq_bin_hz"": 1.953125, ""dc_exclude_hz"": 5000.0, ""edge_exclude_hz"": 10000.0, ""novelty_enabled"": true, ""novelty_freq_tol_hz"": 5000.0, ""novelty_cooldown_s"": 3.0, ""novelty_score_delta"": 0.15, ""min_snr_db"": 8.0, ""min_prominence_db"": 6.0, ""local_window_bins"": 5, ""neighbor_support_db"": 3.0, ""method"": ""periodogram:hann+interp+dc_notch+edge_notch+guards+novelty+prominence""}"
83d042df-20e8-4202-9a37-0fb46047ca2d,2025-08-20T17:04:48.484022,98191826.22522573,amplitude,1.0,critical,"Peak at 98.191826 MHz, SNR=28.0 dB, score=1.00",lite,b7f5ea60-1e34-488e-ab4f-59ffe1d9f936,"{""peak_power"": 5830.24853515625, ""baseline_power"": 9.291082382202148, ""bin_index"": 622503, ""fft_size"": 1048576, ""interp_delta_bins"": 0.027315574374031787, ""freq_bin_hz"": 1.953125, ""dc_exclude_hz"": 5000.0, ""edge_exclude_hz"": 10000.0, ""novelty_enabled"": true, ""novelty_freq_tol_hz"": 5000.0, ""novelty_cooldown_s"": 3.0, ""novelty_score_delta"": 0.15, ""min_snr_db"": 8.0, ""min_prominence_db"": 6.0, ""local_window_bins"": 5, ""neighbor_support_db"": 3.0, ""method"": ""periodogram:hann+interp+dc_notch+edge_notch+guards+novelty+prominence""}"
f6617b3b-6db8-4a82-bf1c-b1c1515ccf4a,2025-08-20T17:05:15.401629,98199778.88650976,amplitude,1.0,critical,"Peak at 98.199779 MHz, SNR=27.6 dB, score=1.00",lite,1fd8ab8e-35b9-436c-b8e5-da49b183894b,"{""peak_power"": 5330.5703125, ""baseline_power"": 9.333040237426758, ""bin_index"": 626575, ""fft_size"": 1048576, ""interp_delta_bins"": -0.2101069988598945, ""freq_bin_hz"": 1.953125, ""dc_exclude_hz"": 5000.0, ""edge_exclude_hz"": 10000.0, ""novelty_enabled"": true, ""novelty_freq_tol_hz"": 5000.0, ""novelty_cooldown_s"": 3.0, ""novelty_score_delta"": 0.15, ""min_snr_db"": 8.0, ""min_prominence_db"": 6.0, ""local_window_bins"": 5, ""neighbor_support_db"": 3.0, ""method"": ""periodogram:hann+interp+dc_notch+edge_notch+guards+novelty+prominence""}"
8d79b94d-6460-4dd1-bc0a-0085dfae25dc,2025-08-20T17:05:28.493554,98205027.26868735,amplitude,1.0,critical,"Peak at 98.205027 MHz, SNR=26.9 dB, score=1.00",lite,25dea5fc-c924-4e0c-9341-3bd88b9d56b8,"{""peak_power"": 4612.337890625, ""baseline_power"": 9.367684364318848, ""bin_index"": 629262, ""fft_size"": 1048576, ""interp_delta_bins"": -0.038432077971729255, ""freq_bin_hz"": 1.953125, ""dc_exclude_hz"": 5000.0, ""edge_exclude_hz"": 10000.0, ""novelty_enabled"": true, ""novelty_freq_tol_hz"": 5000.0, ""novelty_cooldown_s"": 3.0, ""novelty_score_delta"": 0.15, ""min_snr_db"": 8.0, ""min_prominence_db"": 6.0, ""local_window_bins"": 5, ""neighbor_support_db"": 3.0, ""method"": ""periodogram:hann+interp+dc_notch+edge_notch+guards+novelty+prominence""}"
4b2a2608-3b49-4b69-9c45-230b79c26b7c,2025-08-20T17:05:35.384528,98204450.63551693,amplitude,1.0,critical,"Peak at 98.204451 MHz, SNR=27.2 dB, score=1.00",lite,7c643387-8754-4680-9f61-3abf2a131d5d,"{""peak_power"": 4887.7412109375, ""baseline_power"": 9.314981460571289, ""bin_index"": 628967, ""fft_size"": 1048576, ""interp_delta_bins"": -0.27461533212976574, ""freq_bin_hz"": 1.953125, ""dc_exclude_hz"": 5000.0, ""edge_exclude_hz"": 10000.0, ""novelty_enabled"": true, ""novelty_freq_tol_hz"": 5000.0, ""novelty_cooldown_s"": 3.0, ""novelty_score_delta"": 0.15, ""min_snr_db"": 8.0, ""min_prominence_db"": 6.0, ""local_window_bins"": 5, ""neighbor_support_db"": 3.0, ""method"": ""periodogram:hann+interp+dc_notch+edge_notch+guards+novelty+prominence""}"
9ac05c4c-29a9-4e61-a6a3-29c6948446d5,2025-08-20T17:05:41.929324,98204547.42624132,amplitude,1.0,critical,"Peak at 98.204547 MHz, SNR=28.0 dB, score=1.00",lite,59487859-0838-41f9-b48c-f4f39df8aaf4,"{""peak_power"": 5902.9150390625, ""baseline_power"": 9.291847229003906, ""bin_index"": 629016, ""fft_size"": 1048576, ""interp_delta_bins"": 0.282235553972995, ""freq_bin_hz"": 1.953125, ""dc_exclude_hz"": 5000.0, ""edge_exclude_hz"": 10000.0, ""novelty_enabled"": true, ""novelty_freq_tol_hz"": 5000.0, ""novelty_cooldown_s"": 3.0, ""novelty_score_delta"": 0.15, ""min_snr_db"": 8.0, ""min_prominence_db"": 6.0, ""local_window_bins"": 5, ""neighbor_support_db"": 3.0, ""method"": ""periodogram:hann+interp+dc_notch+edge_notch+guards+novelty+prominence""}"
818f5f66-8847-4ac8-8729-942d722d2164,2025-08-20T17:05:48.479412,98215317.17117287,amplitude,1.0,critical,"Peak at 98.215317 MHz, SNR=27.5 dB, score=1.00",lite,62d630bf-c0f0-4fae-be2f-d63f6a4d548e,"{""peak_power"": 5173.7314453125, ""baseline_power"": 9.237163543701172, ""bin_index"": 634530, ""fft_size"": 1048576, ""interp_delta_bins"": 0.3916405090907505, ""freq_bin_hz"": 1.953125, ""dc_exclude_hz"": 5000.0, ""edge_exclude_hz"": 10000.0, ""novelty_enabled"": true, ""novelty_freq_tol_hz"": 5000.0, ""novelty_cooldown_s"": 3.0, ""novelty_score_delta"": 0.15, ""min_snr_db"": 8.0, ""min_prominence_db"": 6.0, ""local_window_bins"": 5, ""neighbor_support_db"": 3.0, ""method"": ""periodogram:hann+interp+dc_notch+edge_notch+guards+novelty+prominence""}"
f2f3b82d-6663-4232-a6b5-ba37cf69f8d7,2025-08-20T17:06:08.466466,98190805.23119238,amplitude,1.0,critical,"Peak at 98.190805 MHz, SNR=27.4 dB, score=1.00",lite,76d360a3-15bb-4fe4-97b1-699a6cf3a4e9,"{""peak_power"": 5100.6982421875, ""baseline_power"": 9.247941970825195, ""bin_index"": 621980, ""fft_size"": 1048576, ""interp_delta_bins"": 0.27837049675077635, ""freq_bin_hz"": 1.953125, ""dc_exclude_hz"": 5000.0, ""edge_exclude_hz"": 10000.0, ""novelty_enabled"": true, ""novelty_freq_tol_hz"": 5000.0, ""novelty_cooldown_s"": 3.0, ""novelty_score_delta"": 0.15, ""min_snr_db"": 8.0, ""min_prominence_db"": 6.0, ""local_window_bins"": 5, ""neighbor_support_db"": 3.0, ""method"": ""periodogram:hann+interp+dc_notch+edge_notch+guards+novelty+prominence""}"
0e5e0c2c-f641-4033-b127-b56c20798736,2025-08-20T17:06:15.393274,98203200.32405166,amplitude,1.0,critical,"Peak at 98.203200 MHz, SNR=28.3 dB, score=1.00",lite,95ef1f24-660e-4ff5-91d8-4e08cba64cf4,"{""peak_power"": 6318.28125, ""baseline_power"": 9.284403800964355, ""bin_index"": 628327, ""fft_size"": 1048576, ""interp_delta_bins"": -0.43408554917239006, ""freq_bin_hz"": 1.953125, ""dc_exclude_hz"": 5000.0, ""edge_exclude_hz"": 10000.0, ""novelty_enabled"": true, ""novelty_freq_tol_hz"": 5000.0, ""novelty_cooldown_s"": 3.0, ""novelty_score_delta"": 0.15, ""min_snr_db"": 8.0, ""min_prominence_db"": 6.0, ""local_window_bins"": 5, ""neighbor_support_db"": 3.0, ""method"": ""periodogram:hann+interp+dc_notch+edge_notch+guards+novelty+prominence""}"
8fd51841-43b3-4d7c-b32c-3f122840c3b2,2025-08-20T17:06:21.943212,98192177.82957263,amplitude,1.0,critical,"Peak at 98.192178 MHz, SNR=28.2 dB, score=1.00",lite,bb4fcf18-ad60-47ab-97de-1a8dc7678050,"{""peak_power"": 6147.263671875, ""baseline_power"": 9.256171226501465, ""bin_index"": 622683, ""fft_size"": 1048576, ""interp_delta_bins"": 0.04874119004825808, ""freq_bin_hz"": 1.953125, ""dc_exclude_hz"": 5000.0, ""edge_exclude_hz"": 10000.0, ""novelty_enabled"": true, ""novelty_freq_tol_hz"": 5000.0, ""novelty_cooldown_s"": 3.0, ""novelty_score_delta"": 0.15, ""min_snr_db"": 8.0, ""min_prominence_db"": 6.0, ""local_window_bins"": 5, ""neighbor_support_db"": 3.0, ""method"": ""periodogram:hann+interp+dc_notch+edge_notch+guards+novelty+prominence""}"
e328dc7a-698f-4388-8a61-4dbcaef99bf1,2025-08-20T17:06:28.491631,98194035.69185108,amplitude,1.0,critical,"Peak at 98.194036 MHz, SNR=27.7 dB, score=1.00",lite,9f4579e7-440b-4df8-8e6b-0b7bfd7e3427,"{""peak_power"": 5429.9384765625, ""baseline_power"": 9.322343826293945, ""bin_index"": 623634, ""fft_size"": 1048576, ""interp_delta_bins"": 0.27422775309858005, ""freq_bin_hz"": 1.953125, ""dc_exclude_hz"": 5000.0, ""edge_exclude_hz"": 10000.0, ""novelty_enabled"": true, ""novelty_freq_tol_hz"": 5000.0, ""novelty_cooldown_s"": 3.0, ""novelty_score_delta"": 0.15, ""min_snr_db"": 8.0, ""min_prominence_db"": 6.0, ""local_window_bins"": 5, ""neighbor_support_db"": 3.0, ""method"": ""periodogram:hann+interp+dc_notch+edge_notch+guards+novelty+prominence""}"
c7c1d60f-7206-464d-bc7d-ef7bbf8196f7,2025-08-20T17:06:35.382936,98188833.82080995,amplitude,1.0,critical,"Peak at 98.188834 MHz, SNR=27.2 dB, score=1.00",lite,457d09b5-d3f6-46df-b5ff-0c4da0d0a3b9,"{""peak_power"": 4879.673828125, ""baseline_power"": 9.285507202148438, ""bin_index"": 620971, ""fft_size"": 1048576, ""interp_delta_bins"": -0.08374530928459024, ""freq_bin_hz"": 1.953125, ""dc_exclude_hz"": 5000.0, ""edge_exclude_hz"": 10000.0, ""novelty_enabled"": true, ""novelty_freq_tol_hz"": 5000.0, ""novelty_cooldown_s"": 3.0, ""novelty_score_delta"": 0.15, ""min_snr_db"": 8.0, ""min_prominence_db"": 6.0, ""local_window_bins"": 5, ""neighbor_support_db"": 3.0, ""method"": ""periodogram:hann+interp+dc_notch+edge_notch+guards+novelty+prominence""}"
61afe6d9-efca-4c49-90f7-fbc067a6576c,2025-08-20T17:06:41.931148,98182492.54293197,amplitude,1.0,critical,"Peak at 98.182493 MHz, SNR=26.7 dB, score=1.00",lite,f00d8d60-4ab1-4b6c-90c6-ba30d3219bce,"{""peak_power"": 4307.55126953125, ""baseline_power"": 9.283291816711426, ""bin_index"": 617724, ""fft_size"": 1048576, ""interp_delta_bins"": 0.18198117377510534, ""freq_bin_hz"": 1.953125, ""dc_exclude_hz"": 5000.0, ""edge_exclude_hz"": 10000.0, ""novelty_enabled"": true, ""novelty_freq_tol_hz"": 5000.0, ""novelty_cooldown_s"": 3.0, ""novelty_score_delta"": 0.15, ""min_snr_db"": 8.0, ""min_prominence_db"": 6.0, ""local_window_bins"": 5, ""neighbor_support_db"": 3.0, ""method"": ""periodogram:hann+interp+dc_notch+edge_notch+guards+novelty+prominence""}"
349d3d4d-00e2-4509-a110-9b6182c942b0,2025-08-20T17:06:48.470124,98178707.25332113,amplitude,1.0,critical,"Peak at 98.178707 MHz, SNR=28.9 dB, score=1.00",lite,b8057907-f5ce-4c25-95e1-84893762035d,"{""peak_power"": 7189.4677734375, ""baseline_power"": 9.243139266967773, ""bin_index"": 615786, ""fft_size"": 1048576, ""interp_delta_bins"": 0.11370041597521154, ""freq_bin_hz"": 1.953125, ""dc_exclude_hz"": 5000.0, ""edge_exclude_hz"": 10000.0, ""novelty_enabled"": true, ""novelty_freq_tol_hz"": 5000.0, ""novelty_cooldown_s"": 3.0, ""novelty_score_delta"": 0.15, ""min_snr_db"": 8.0, ""min_prominence_db"": 6.0, ""local_window_bins"": 5, ""neighbor_support_db"": 3.0, ""method"": ""periodogram:hann+interp+dc_notch+edge_notch+guards+novelty+prominence""}"
dbcf73eb-55b4-46d4-89e7-9e8fd17be152,2025-08-20T17:07:01.931505,98191525.9051223,amplitude,1.0,critical,"Peak at 98.191526 MHz, SNR=27.0 dB, score=1.00",lite,7ab739cc-fd31-4ca2-a4b0-b104ffd7eed8,"{""peak_power"": 4644.560546875, ""baseline_power"": 9.343212127685547, ""bin_index"": 622349, ""fft_size"": 1048576, ""interp_delta_bins"": 0.2634226177585197, ""freq_bin_hz"": 1.953125, ""dc_exclude_hz"": 5000.0, ""edge_exclude_hz"": 10000.0, ""novelty_enabled"": true, ""novelty_freq_tol_hz"": 5000.0, ""novelty_cooldown_s"": 3.0, ""novelty_score_delta"": 0.15, ""min_snr_db"": 8.0, ""min_prominence_db"": 6.0, ""local_window_bins"": 5, ""neighbor_support_db"": 3.0, ""method"": ""periodogram:hann+interp+dc_notch+edge_notch+guards+novelty+prominence""}"
082d3557-ca9d-4914-a353-90090dde7b51,2025-08-20T17:07:08.469727,98175269.0990174,amplitude,1.0,critical,"Peak at 98.175269 MHz, SNR=26.8 dB, score=1.00",lite,977ef434-ed0c-499c-a855-9d52a982e62c,"{""peak_power"": 4504.671875, ""baseline_power"": 9.341215133666992, ""bin_index"": 614026, ""fft_size"": 1048576, ""interp_delta_bins"": -0.22130309477950394, ""freq_bin_hz"": 1.953125, ""dc_exclude_hz"": 5000.0, ""edge_exclude_hz"": 10000.0, ""novelty_enabled"": true, ""novelty_freq_tol_hz"": 5000.0, ""novelty_cooldown_s"": 3.0, ""novelty_score_delta"": 0.15, ""min_snr_db"": 8.0, ""min_prominence_db"": 6.0, ""local_window_bins"": 5, ""neighbor_support_db"": 3.0, ""method"": ""periodogram:hann+interp+dc_notch+edge_notch+guards+novelty+prominence""}"
9969e577-3846-4571-9bc6-e122e3d1f798,2025-08-20T17:07:15.366237,98200203.83365083,amplitude,1.0,critical,"Peak at 98.200204 MHz, SNR=27.6 dB, score=1.00",lite,935145b7-e720-420f-98da-b4d0800cb46d,"{""peak_power"": 5357.79248046875, ""baseline_power"": 9.348002433776855, ""bin_index"": 626792, ""fft_size"": 1048576, ""interp_delta_bins"": 0.3628292238556388, ""freq_bin_hz"": 1.953125, ""dc_exclude_hz"": 5000.0, ""edge_exclude_hz"": 10000.0, ""novelty_enabled"": true, ""novelty_freq_tol_hz"": 5000.0, ""novelty_cooldown_s"": 3.0, ""novelty_score_delta"": 0.15, ""min_snr_db"": 8.0, ""min_prominence_db"": 6.0, ""local_window_bins"": 5, ""neighbor_support_db"": 3.0, ""method"": ""periodogram:hann+interp+dc_notch+edge_notch+guards+novelty+prominence""}"
1499cebd-a135-4184-b916-4f18e507d1c8,2025-08-20T17:07:21.905728,98189287.592388,amplitude,1.0,critical,"Peak at 98.189288 MHz, SNR=26.9 dB, score=1.00",lite,56a0cf86-38cd-4786-8b9c-7a99a77b9e05,"{""peak_power"": 4643.3271484375, ""baseline_power"": 9.375720024108887, ""bin_index"": 621203, ""fft_size"": 1048576, ""interp_delta_bins"": 0.2473026553425901, ""freq_bin_hz"": 1.953125, ""dc_exclude_hz"": 5000.0, ""edge_exclude_hz"": 10000.0, ""novelty_enabled"": true, ""novelty_freq_tol_hz"": 5000.0, ""novelty_cooldown_s"": 3.0, ""novelty_score_delta"": 0.15, ""min_snr_db"": 8.0, ""min_prominence_db"": 6.0, ""local_window_bins"": 5, ""neighbor_support_db"": 3.0, ""method"": ""periodogram:hann+interp+dc_notch+edge_notch+guards+novelty+prominence""}"
f8020656-fa9a-4e4f-a060-47c34651987c,2025-08-20T17:07:28.439579,98185068.86115673,amplitude,1.0,critical,"Peak at 98.185069 MHz, SNR=27.4 dB, score=1.00",lite,22576406-3eae-4b89-970c-08e4adc5b540,"{""peak_power"": 5162.1669921875, ""baseline_power"": 9.314599990844727, ""bin_index"": 619043, ""fft_size"": 1048576, ""interp_delta_bins"": 0.2569122461057023, ""freq_bin_hz"": 1.953125, ""dc_exclude_hz"": 5000.0, ""edge_exclude_hz"": 10000.0, ""novelty_enabled"": true, ""novelty_freq_tol_hz"": 5000.0, ""novelty_cooldown_s"": 3.0, ""novelty_score_delta"": 0.15, ""min_snr_db"": 8.0, ""min_prominence_db"": 6.0, ""local_window_bins"": 5, ""neighbor_support_db"": 3.0, ""method"": ""periodogram:hann+interp+dc_notch+edge_notch+guards+novelty+prominence""}"
25b6584f-863e-48d2-89fb-df72395dc8b5,2025-08-20T17:07:41.935244,98152127.01612122,amplitude,1.0,critical,"Peak at 98.152127 MHz, SNR=26.0 dB, score=1.00",lite,0d68d53b-cfe0-43de-9ee9-e3ec53d70973,"{""peak_power"": 3707.388671875, ""baseline_power"": 9.36347770690918, ""bin_index"": 602177, ""fft_size"": 1048576, ""interp_delta_bins"": 0.03225406893105033, ""freq_bin_hz"": 1.953125, ""dc_exclude_hz"": 5000.0, ""edge_exclude_hz"": 10000.0, ""novelty_enabled"": true, ""novelty_freq_tol_hz"": 5000.0, ""novelty_cooldown_s"": 3.0, ""novelty_score_delta"": 0.15, ""min_snr_db"": 8.0, ""min_prominence_db"": 6.0, ""local_window_bins"": 5, ""neighbor_support_db"": 3.0, ""method"": ""periodogram:hann+interp+dc_notch+edge_notch+guards+novelty+prominence""}"
4996de86-a604-4979-9b32-1d11bd9e5499,2025-08-20T17:07:48.460623,98187842.48121594,amplitude,1.0,critical,"Peak at 98.187842 MHz, SNR=27.1 dB, score=1.00",lite,bac080e6-0445-47c0-af91-a0b057ffc69c,"{""peak_power"": 4786.091796875, ""baseline_power"": 9.295599937438965, ""bin_index"": 620463, ""fft_size"": 1048576, ""interp_delta_bins"": 0.350382562468035, ""freq_bin_hz"": 1.953125, ""dc_exclude_hz"": 5000.0, ""edge_exclude_hz"": 10000.0, ""novelty_enabled"": true, ""novelty_freq_tol_hz"": 5000.0, ""novelty_cooldown_s"": 3.0, ""novelty_score_delta"": 0.15, ""min_snr_db"": 8.0, ""min_prominence_db"": 6.0, ""local_window_bins"": 5, ""neighbor_support_db"": 3.0, ""method"": ""periodogram:hann+interp+dc_notch+edge_notch+guards+novelty+prominence""}"
17af8e94-e938-4673-9ecc-0ef17ef796e6,2025-08-20T17:08:15.389546,98190166.51872277,amplitude,1.0,critical,"Peak at 98.190167 MHz, SNR=27.7 dB, score=1.00",lite,1053be6f-e26b-44d0-bcfb-1ea805b9aa68,"{""peak_power"": 5445.30029296875, ""baseline_power"": 9.315396308898926, ""bin_index"": 621653, ""fft_size"": 1048576, ""interp_delta_bins"": 0.25758605827270276, ""freq_bin_hz"": 1.953125, ""dc_exclude_hz"": 5000.0, ""edge_exclude_hz"": 10000.0, ""novelty_enabled"": true, ""novelty_freq_tol_hz"": 5000.0, ""novelty_cooldown_s"": 3.0, ""novelty_score_delta"": 0.15, ""min_snr_db"": 8.0, ""min_prominence_db"": 6.0, ""local_window_bins"": 5, ""neighbor_support_db"": 3.0, ""method"": ""periodogram:hann+interp+dc_notch+edge_notch+guards+novelty+prominence""}"
dad84f0b-db2e-40ee-a389-33799c673485,2025-08-20T17:08:21.991092,98206483.00909708,amplitude,1.0,critical,"Peak at 98.206483 MHz, SNR=27.3 dB, score=1.00",lite,a0d37479-3752-4f25-81ed-9c2b172c8433,"{""peak_power"": 5068.2197265625, ""baseline_power"": 9.366408348083496, ""bin_index"": 630007, ""fft_size"": 1048576, ""interp_delta_bins"": 0.30065770581980195, ""freq_bin_hz"": 1.953125, ""dc_exclude_hz"": 5000.0, ""edge_exclude_hz"": 10000.0, ""novelty_enabled"": true, ""novelty_freq_tol_hz"": 5000.0, ""novelty_cooldown_s"": 3.0, ""novelty_score_delta"": 0.15, ""min_snr_db"": 8.0, ""min_prominence_db"": 6.0, ""local_window_bins"": 5, ""neighbor_support_db"": 3.0, ""method"": ""periodogram:hann+interp+dc_notch+edge_notch+guards+novelty+prominence""}"
1aa9e2bc-1cc0-4de1-a8c1-cb051f1a3c04,2025-08-20T17:08:28.537466,98197232.40339832,amplitude,1.0,critical,"Peak at 98.197232 MHz, SNR=27.3 dB, score=1.00",lite,afcf2365-4957-4371-8ffa-92a64309bdf4,"{""peak_power"": 5038.8486328125, ""baseline_power"": 9.3441801071167, ""bin_index"": 625271, ""fft_size"": 1048576, ""interp_delta_bins"": -0.009460058531602818, ""freq_bin_hz"": 1.953125, ""dc_exclude_hz"": 5000.0, ""edge_exclude_hz"": 10000.0, ""novelty_enabled"": true, ""novelty_freq_tol_hz"": 5000.0, ""novelty_cooldown_s"": 3.0, ""novelty_score_delta"": 0.15, ""min_snr_db"": 8.0, ""min_prominence_db"": 6.0, ""local_window_bins"": 5, ""neighbor_support_db"": 3.0, ""method"": ""periodogram:hann+interp+dc_notch+edge_notch+guards+novelty+prominence""}"
6b70780d-2f2b-4009-b2b0-a7c459f952ad,2025-08-20T17:08:35.379824,98204622.68722305,amplitude,1.0,critical,"Peak at 98.204623 MHz, SNR=27.7 dB, score=1.00",lite,fbb5ca01-15b9-443f-b5c5-9827d43d89e1,"{""peak_power"": 5580.072265625, ""baseline_power"": 9.379790306091309, ""bin_index"": 629055, ""fft_size"": 1048576, ""interp_delta_bins"": -0.18414179616364976, ""freq_bin_hz"": 1.953125, ""dc_exclude_hz"": 5000.0, ""edge_exclude_hz"": 10000.0, ""novelty_enabled"": true, ""novelty_freq_tol_hz"": 5000.0, ""novelty_cooldown_s"": 3.0, ""novelty_score_delta"": 0.15, ""min_snr_db"": 8.0, ""min_prominence_db"": 6.0, ""local_window_bins"": 5, ""neighbor_support_db"": 3.0, ""method"": ""periodogram:hann+interp+dc_notch+edge_notch+guards+novelty+prominence""}"
5eb41deb-07f0-4d40-a63a-623fb01f75d4,2025-08-20T17:09:02.100511,98231785.64849691,amplitude,1.0,critical,"Peak at 98.231786 MHz, SNR=26.4 dB, score=1.00",lite,9c43b867-d0c5-49a2-9084-e3e3c23f86e2,"{""peak_power"": 4109.02734375, ""baseline_power"": 9.344032287597656, ""bin_index"": 642962, ""fft_size"": 1048576, ""interp_delta_bins"": 0.2520304213423363, ""freq_bin_hz"": 1.953125, ""dc_exclude_hz"": 5000.0, ""edge_exclude_hz"": 10000.0, ""novelty_enabled"": true, ""novelty_freq_tol_hz"": 5000.0, ""novelty_cooldown_s"": 3.0, ""novelty_score_delta"": 0.15, ""min_snr_db"": 8.0, ""min_prominence_db"": 6.0, ""local_window_bins"": 5, ""neighbor_support_db"": 3.0, ""method"": ""periodogram:hann+interp+dc_notch+edge_notch+guards+novelty+prominence""}"
75a5493c-313d-48e1-9ddc-53f202ccdfcc,2025-08-20T17:09:08.631275,98183835.52794744,amplitude,1.0,critical,"Peak at 98.183836 MHz, SNR=26.3 dB, score=1.00",lite,7818151b-7557-4f44-924c-009b5d331578,"{""peak_power"": 3953.708740234375, ""baseline_power"": 9.342170715332031, ""bin_index"": 618412, ""fft_size"": 1048576, ""interp_delta_bins"": -0.20969090718454628, ""freq_bin_hz"": 1.953125, ""dc_exclude_hz"": 5000.0, ""edge_exclude_hz"": 10000.0, ""novelty_enabled"": true, ""novelty_freq_tol_hz"": 5000.0, ""novelty_cooldown_s"": 3.0, ""novelty_score_delta"": 0.15, ""min_snr_db"": 8.0, ""min_prominence_db"": 6.0, ""local_window_bins"": 5, ""neighbor_support_db"": 3.0, ""method"": ""periodogram:hann+interp+dc_notch+edge_notch+guards+novelty+prominence""}"
4944e69f-469d-4b98-9982-7da06e04214f,2025-08-20T17:09:22.147265,98195111.19808933,amplitude,1.0,critical,"Peak at 98.195111 MHz, SNR=27.3 dB, score=1.00",lite,2a5f4268-dc12-4c93-bb25-debc444e68d0,"{""peak_power"": 5023.30517578125, ""baseline_power"": 9.395442008972168, ""bin_index"": 624185, ""fft_size"": 1048576, ""interp_delta_bins"": -0.06657826568825687, ""freq_bin_hz"": 1.953125, ""dc_exclude_hz"": 5000.0, ""edge_exclude_hz"": 10000.0, ""novelty_enabled"": true, ""novelty_freq_tol_hz"": 5000.0, ""novelty_cooldown_s"": 3.0, ""novelty_score_delta"": 0.15, ""min_snr_db"": 8.0, ""min_prominence_db"": 6.0, ""local_window_bins"": 5, ""neighbor_support_db"": 3.0, ""method"": ""periodogram:hann+interp+dc_notch+edge_notch+guards+novelty+prominence""}"
4a6387ee-7682-4645-8962-811860e79412,2025-08-20T17:09:28.684713,98170178.59873317,amplitude,1.0,critical,"Peak at 98.170179 MHz, SNR=27.5 dB, score=1.00",lite,f57bcedf-dcd7-4c41-8b81-88c759f98521,"{""peak_power"": 5271.75, ""baseline_power"": 9.449462890625, ""bin_index"": 611419, ""fft_size"": 1048576, ""interp_delta_bins"": 0.4425513858825474, ""freq_bin_hz"": 1.953125, ""dc_exclude_hz"": 5000.0, ""edge_exclude_hz"": 10000.0, ""novelty_enabled"": true, ""novelty_freq_tol_hz"": 5000.0, ""novelty_cooldown_s"": 3.0, ""novelty_score_delta"": 0.15, ""min_snr_db"": 8.0, ""min_prominence_db"": 6.0, ""local_window_bins"": 5, ""neighbor_support_db"": 3.0, ""method"": ""periodogram:hann+interp+dc_notch+edge_notch+guards+novelty+prominence""}"
ab28c8f6-a0e6-45fc-89de-a54111bd5aa3,2025-08-20T17:09:42.192555,98194120.80872847,amplitude,1.0,critical,"Peak at 98.194121 MHz, SNR=27.3 dB, score=1.00",lite,6a18f294-ebe8-4d18-97ca-e9abeb73de27,"{""peak_power"": 5116.806640625, ""baseline_power"": 9.419867515563965, ""bin_index"": 623678, ""fft_size"": 1048576, ""interp_delta_bins"": -0.1459310190531392, ""freq_bin_hz"": 1.953125, ""dc_exclude_hz"": 5000.0, ""edge_exclude_hz"": 10000.0, ""novelty_enabled"": true, ""novelty_freq_tol_hz"": 5000.0, ""novelty_cooldown_s"": 3.0, ""novelty_score_delta"": 0.15, ""min_snr_db"": 8.0, ""min_prominence_db"": 6.0, ""local_window_bins"": 5, ""neighbor_support_db"": 3.0, ""method"": ""periodogram:hann+interp+dc_notch+edge_notch+guards+novelty+prominence""}"
aed7af3e-24eb-4393-9245-51ca4138d406,2025-08-20T17:09:48.733544,98183312.25445355,amplitude,1.0,critical,"Peak at 98.183312 MHz, SNR=27.6 dB, score=1.00",lite,e402ed2c-97ff-4aca-9f35-206a6f4445a2,"{""peak_power"": 5449.91796875, ""baseline_power"": 9.392757415771484, ""bin_index"": 618144, ""fft_size"": 1048576, ""interp_delta_bins"": -0.12571977816119492, ""freq_bin_hz"": 1.953125, ""dc_exclude_hz"": 5000.0, ""edge_exclude_hz"": 10000.0, ""novelty_enabled"": true, ""novelty_freq_tol_hz"": 5000.0, ""novelty_cooldown_s"": 3.0, ""novelty_score_delta"": 0.15, ""min_snr_db"": 8.0, ""min_prominence_db"": 6.0, ""local_window_bins"": 5, ""neighbor_support_db"": 3.0, ""method"": ""periodogram:hann+interp+dc_notch+edge_notch+guards+novelty+prominence""}"
e3522e2b-e22f-4ca2-b5de-80f9dfda544e,2025-08-20T17:09:55.417315,98171139.18454307,amplitude,1.0,critical,"Peak at 98.171139 MHz, SNR=27.3 dB, score=1.00",lite,25e69929-f146-4505-bb0f-420de38ddfc0,"{""peak_power"": 4999.00341796875, ""baseline_power"": 9.388473510742188, ""bin_index"": 611911, ""fft_size"": 1048576, ""interp_delta_bins"": 0.2624860545879711, ""freq_bin_hz"": 1.953125, ""dc_exclude_hz"": 5000.0, ""edge_exclude_hz"": 10000.0, ""novelty_enabled"": true, ""novelty_freq_tol_hz"": 5000.0, ""novelty_cooldown_s"": 3.0, ""novelty_score_delta"": 0.15, ""min_snr_db"": 8.0, ""min_prominence_db"": 6.0, ""local_window_bins"": 5, ""neighbor_support_db"": 3.0, ""method"": ""periodogram:hann+interp+dc_notch+edge_notch+guards+novelty+prominence""}"
9b82059b-a6d4-4a68-853f-f814b0e28a02,2025-08-20T17:10:02.251732,98219904.57671496,amplitude,1.0,critical,"Peak at 98.219905 MHz, SNR=26.5 dB, score=1.00",lite,419f7316-fe30-4d50-9012-2f6889db8a8f,"{""peak_power"": 4181.46484375, ""baseline_power"": 9.443925857543945, ""bin_index"": 636879, ""fft_size"": 1048576, ""interp_delta_bins"": 0.14327805983332026, ""freq_bin_hz"": 1.953125, ""dc_exclude_hz"": 5000.0, ""edge_exclude_hz"": 10000.0, ""novelty_enabled"": true, ""novelty_freq_tol_hz"": 5000.0, ""novelty_cooldown_s"": 3.0, ""novelty_score_delta"": 0.15, ""min_snr_db"": 8.0, ""min_prominence_db"": 6.0, ""local_window_bins"": 5, ""neighbor_support_db"": 3.0, ""method"": ""periodogram:hann+interp+dc_notch+edge_notch+guards+novelty+prominence""}"
284ff8f5-5f26-4f8b-b3b9-c7cce4ae78a5,2025-08-20T17:10:28.813768,98177369.06916198,amplitude,1.0,critical,"Peak at 98.177369 MHz, SNR=27.3 dB, score=1.00",lite,0dd6b2ce-dee0-48b6-a915-355c6c0be56b,"{""peak_power"": 5010.666015625, ""baseline_power"": 9.378922462463379, ""bin_index"": 615101, ""fft_size"": 1048576, ""interp_delta_bins"": -0.036589064798072835, ""freq_bin_hz"": 1.953125, ""dc_exclude_hz"": 5000.0, ""edge_exclude_hz"": 10000.0, ""novelty_enabled"": true, ""novelty_freq_tol_hz"": 5000.0, ""novelty_cooldown_s"": 3.0, ""novelty_score_delta"": 0.15, ""min_snr_db"": 8.0, ""min_prominence_db"": 6.0, ""local_window_bins"": 5, ""neighbor_support_db"": 3.0, ""method"": ""periodogram:hann+interp+dc_notch+edge_notch+guards+novelty+prominence""}"
b75fcbc6-bded-4e2c-9eeb-be31f54b5c12,2025-08-20T17:10:35.379672,98198027.42675057,amplitude,1.0,critical,"Peak at 98.198027 MHz, SNR=29.2 dB, score=1.00",lite,3d40f477-c8dc-4829-b11f-419d66bcff34,"{""peak_power"": 7827.98876953125, ""baseline_power"": 9.37485408782959, ""bin_index"": 625678, ""fft_size"": 1048576, ""interp_delta_bins"": 0.04249629039330279, ""freq_bin_hz"": 1.953125, ""dc_exclude_hz"": 5000.0, ""edge_exclude_hz"": 10000.0, ""novelty_enabled"": true, ""novelty_freq_tol_hz"": 5000.0, ""novelty_cooldown_s"": 3.0, ""novelty_score_delta"": 0.15, ""min_snr_db"": 8.0, ""min_prominence_db"": 6.0, ""local_window_bins"": 5, ""neighbor_support_db"": 3.0, ""method"": ""periodogram:hann+interp+dc_notch+edge_notch+guards+novelty+prominence""}"
92c8ab88-cc1b-4c17-8f14-5f93b0592730,2025-08-20T17:10:42.364974,98188164.02724226,amplitude,1.0,critical,"Peak at 98.188164 MHz, SNR=27.6 dB, score=1.00",lite,1fcad081-9491-414e-8920-a8d518742902,"{""peak_power"": 5460.337890625, ""baseline_power"": 9.395276069641113, ""bin_index"": 620628, ""fft_size"": 1048576, ""interp_delta_bins"": -0.01805196590622932, ""freq_bin_hz"": 1.953125, ""dc_exclude_hz"": 5000.0, ""edge_exclude_hz"": 10000.0, ""novelty_enabled"": true, ""novelty_freq_tol_hz"": 5000.0, ""novelty_cooldown_s"": 3.0, ""novelty_score_delta"": 0.15, ""min_snr_db"": 8.0, ""min_prominence_db"": 6.0, ""local_window_bins"": 5, ""neighbor_support_db"": 3.0, ""method"": ""periodogram:hann+interp+dc_notch+edge_notch+guards+novelty+prominence""}"
1057904c-edf4-4455-b82c-94ac0d0dc0eb,2025-08-20T17:10:48.892277,98199283.95289014,amplitude,1.0,critical,"Peak at 98.199284 MHz, SNR=27.0 dB, score=1.00",lite,50fd8fc5-0d0f-4072-b445-4505fdef1af1,"{""peak_power"": 4690.5322265625, ""baseline_power"": 9.414094924926758, ""bin_index"": 626321, ""fft_size"": 1048576, ""interp_delta_bins"": 0.38387975506022515, ""freq_bin_hz"": 1.953125, ""dc_exclude_hz"": 5000.0, ""edge_exclude_hz"": 10000.0, ""novelty_enabled"": true, ""novelty_freq_tol_hz"": 5000.0, ""novelty_cooldown_s"": 3.0, ""novelty_score_delta"": 0.15, ""min_snr_db"": 8.0, ""min_prominence_db"": 6.0, ""local_window_bins"": 5, ""neighbor_support_db"": 3.0, ""method"": ""periodogram:hann+interp+dc_notch+edge_notch+guards+novelty+prominence""}"
d1168a22-4eb3-4928-8360-723c0606cdcf,2025-08-20T17:10:55.433158,98195988.12759764,amplitude,1.0,critical,"Peak at 98.195988 MHz, SNR=27.8 dB, score=1.00",lite,41e6d205-df26-416b-abae-4175e6e9788f,"{""peak_power"": 5723.92822265625, ""baseline_power"": 9.390676498413086, ""bin_index"": 624634, ""fft_size"": 1048576, ""interp_delta_bins"": -0.07867000278553957, ""freq_bin_hz"": 1.953125, ""dc_exclude_hz"": 5000.0, ""edge_exclude_hz"": 10000.0, ""novelty_enabled"": true, ""novelty_freq_tol_hz"": 5000.0, ""novelty_cooldown_s"": 3.0, ""novelty_score_delta"": 0.15, ""min_snr_db"": 8.0, ""min_prominence_db"": 6.0, ""local_window_bins"": 5, ""neighbor_support_db"": 3.0, ""method"": ""periodogram:hann+interp+dc_notch+edge_notch+guards+novelty+prominence""}"
b62bc885-c2ab-4273-a30e-a6d2ebf5f542,2025-08-20T17:11:02.403786,98192253.67915018,amplitude,1.0,critical,"Peak at 98.192254 MHz, SNR=32.2 dB, score=1.00",lite,a87a3555-ebb4-454f-b79e-c70b0f5b6937,"{""peak_power"": 15101.5947265625, ""baseline_power"": 9.203117370605469, ""bin_index"": 622722, ""fft_size"": 1048576, ""interp_delta_bins"": -0.11627511153870264, ""freq_bin_hz"": 1.953125, ""dc_exclude_hz"": 5000.0, ""edge_exclude_hz"": 10000.0, ""novelty_enabled"": true, ""novelty_freq_tol_hz"": 5000.0, ""novelty_cooldown_s"": 3.0, ""novelty_score_delta"": 0.15, ""min_snr_db"": 8.0, ""min_prominence_db"": 6.0, ""local_window_bins"": 5, ""neighbor_support_db"": 3.0, ""method"": ""periodogram:hann+interp+dc_notch+edge_notch+guards+novelty+prominence""}"
407c1cc9-e4ad-4d81-a1c7-98d5374f6adc,2025-08-20T17:11:08.964076,98186061.19025013,amplitude,1.0,critical,"Peak at 98.186061 MHz, SNR=30.9 dB, score=1.00",lite,ca58d4b0-5329-4ef4-beb1-6ea4eacc04f7,"{""peak_power"": 11444.1240234375, ""baseline_power"": 9.331645011901855, ""bin_index"": 619551, ""fft_size"": 1048576, ""interp_delta_bins"": 0.3294080657014493, ""freq_bin_hz"": 1.953125, ""dc_exclude_hz"": 5000.0, ""edge_exclude_hz"": 10000.0, ""novelty_enabled"": true, ""novelty_freq_tol_hz"": 5000.0, ""novelty_cooldown_s"": 3.0, ""novelty_score_delta"": 0.15, ""min_snr_db"": 8.0, ""min_prominence_db"": 6.0, ""local_window_bins"": 5, ""neighbor_support_db"": 3.0, ""method"": ""periodogram:hann+interp+dc_notch+edge_notch+guards+novelty+prominence""}"
7c24c859-731a-4178-825b-e3b493cb9940,2025-08-20T17:11:22.437260,98206341.76046829,amplitude,1.0,critical,"Peak at 98.206342 MHz, SNR=26.9 dB, score=1.00",lite,cf245eb2-377a-4080-875a-ebcf4cf151b7,"{""peak_power"": 4614.63037109375, ""baseline_power"": 9.386119842529297, ""bin_index"": 629935, ""fft_size"": 1048576, ""interp_delta_bins"": -0.0186402388552628, ""freq_bin_hz"": 1.953125, ""dc_exclude_hz"": 5000.0, ""edge_exclude_hz"": 10000.0, ""novelty_enabled"": true, ""novelty_freq_tol_hz"": 5000.0, ""novelty_cooldown_s"": 3.0, ""novelty_score_delta"": 0.15, ""min_snr_db"": 8.0, ""min_prominence_db"": 6.0, ""local_window_bins"": 5, ""neighbor_support_db"": 3.0, ""method"": ""periodogram:hann+interp+dc_notch+edge_notch+guards+novelty+prominence""}"
716616c1-7328-41e5-aadb-b040ed92b914,2025-08-20T17:11:35.494441,98181539.96938625,amplitude,1.0,critical,"Peak at 98.181540 MHz, SNR=27.8 dB, score=1.00",lite,6fcf5b65-91c6-4e8d-aa19-bbda881ebbc5,"{""peak_power"": 5648.3740234375, ""baseline_power"": 9.377416610717773, ""bin_index"": 617236, ""fft_size"": 1048576, ""interp_delta_bins"": 0.4643257625040961, ""freq_bin_hz"": 1.953125, ""dc_exclude_hz"": 5000.0, ""edge_exclude_hz"": 10000.0, ""novelty_enabled"": true, ""novelty_freq_tol_hz"": 5000.0, ""novelty_cooldown_s"": 3.0, ""novelty_score_delta"": 0.15, ""min_snr_db"": 8.0, ""min_prominence_db"": 6.0, ""local_window_bins"": 5, ""neighbor_support_db"": 3.0, ""method"": ""periodogram:hann+interp+dc_notch+edge_notch+guards+novelty+prominence""}"
7b362247-0f00-45d9-b1d1-b23bba201d15,2025-08-20T17:11:42.494316,98200519.47816353,amplitude,1.0,critical,"Peak at 98.200519 MHz, SNR=28.3 dB, score=1.00",lite,66b1503e-fe0d-47cc-8a5e-f76ee49689cc,"{""peak_power"": 6307.92041015625, ""baseline_power"": 9.314508438110352, ""bin_index"": 626954, ""fft_size"": 1048576, ""interp_delta_bins"": -0.027180276763990267, ""freq_bin_hz"": 1.953125, ""dc_exclude_hz"": 5000.0, ""edge_exclude_hz"": 10000.0, ""novelty_enabled"": true, ""novelty_freq_tol_hz"": 5000.0, ""novelty_cooldown_s"": 3.0, ""novelty_score_delta"": 0.15, ""min_snr_db"": 8.0, ""min_prominence_db"": 6.0, ""local_window_bins"": 5, ""neighbor_support_db"": 3.0, ""method"": ""periodogram:hann+interp+dc_notch+edge_notch+guards+novelty+prominence""}"
11022965-ceeb-41b7-8f09-f7285fff3bd6,2025-08-20T17:11:49.022325,98188515.76520304,amplitude,1.0,critical,"Peak at 98.188516 MHz, SNR=27.0 dB, score=1.00",lite,936f69e1-9a1f-4de9-9f6f-90fc25a69573,"{""peak_power"": 4724.205078125, ""baseline_power"": 9.382431983947754, ""bin_index"": 620808, ""fft_size"": 1048576, ""interp_delta_bins"": 0.0717839616975784, ""freq_bin_hz"": 1.953125, ""dc_exclude_hz"": 5000.0, ""edge_exclude_hz"": 10000.0, ""novelty_enabled"": true, ""novelty_freq_tol_hz"": 5000.0, ""novelty_cooldown_s"": 3.0, ""novelty_score_delta"": 0.15, ""min_snr_db"": 8.0, ""min_prominence_db"": 6.0, ""local_window_bins"": 5, ""neighbor_support_db"": 3.0, ""method"": ""periodogram:hann+interp+dc_notch+edge_notch+guards+novelty+prominence""}"
65acc113-344d-443c-a19d-bcd43611fd9a,2025-08-20T17:11:55.558974,98189192.64973925,amplitude,1.0,critical,"Peak at 98.189193 MHz, SNR=28.7 dB, score=1.00",lite,c425e168-769b-484a-b8b8-a943b34508d6,"{""peak_power"": 6839.7841796875, ""baseline_power"": 9.325790405273438, ""bin_index"": 621155, ""fft_size"": 1048576, ""interp_delta_bins"": -0.3633335024219477, ""freq_bin_hz"": 1.953125, ""dc_exclude_hz"": 5000.0, ""edge_exclude_hz"": 10000.0, ""novelty_enabled"": true, ""novelty_freq_tol_hz"": 5000.0, ""novelty_cooldown_s"": 3.0, ""novelty_score_delta"": 0.15, ""min_snr_db"": 8.0, ""min_prominence_db"": 6.0, ""local_window_bins"": 5, ""neighbor_support_db"": 3.0, ""method"": ""periodogram:hann+interp+dc_notch+edge_notch+guards+novelty+prominence""}"
3f34f156-b254-47b2-b18c-002d31ba4cef,2025-08-20T17:12:09.069222,98199038.5071383,amplitude,1.0,critical,"Peak at 98.199039 MHz, SNR=28.9 dB, score=1.00",lite,4ab41bee-ebd6-46b0-aadf-d0b17411c7fe,"{""peak_power"": 7221.05712890625, ""baseline_power"": 9.373308181762695, ""bin_index"": 626196, ""fft_size"": 1048576, ""interp_delta_bins"": -0.284345190224069, ""freq_bin_hz"": 1.953125, ""dc_exclude_hz"": 5000.0, ""edge_exclude_hz"": 10000.0, ""novelty_enabled"": true, ""novelty_freq_tol_hz"": 5000.0, ""novelty_cooldown_s"": 3.0, ""novelty_score_delta"": 0.15, ""min_snr_db"": 8.0, ""min_prominence_db"": 6.0, ""local_window_bins"": 5, ""neighbor_support_db"": 3.0, ""method"": ""periodogram:hann+interp+dc_notch+edge_notch+guards+novelty+prominence""}"
1ac39ab4-a699-45a9-8769-bfb7b32f0691,2025-08-20T17:12:15.608805,98201549.75251295,amplitude,1.0,critical,"Peak at 98.201550 MHz, SNR=29.9 dB, score=1.00",lite,1b844467-ac45-4f7a-9845-7da6b62be924,"{""peak_power"": 9176.8603515625, ""baseline_power"": 9.345640182495117, ""bin_index"": 627481, ""fft_size"": 1048576, ""interp_delta_bins"": 0.47328662861431275, ""freq_bin_hz"": 1.953125, ""dc_exclude_hz"": 5000.0, ""edge_exclude_hz"": 10000.0, ""novelty_enabled"": true, ""novelty_freq_tol_hz"": 5000.0, ""novelty_cooldown_s"": 3.0, ""novelty_score_delta"": 0.15, ""min_snr_db"": 8.0, ""min_prominence_db"": 6.0, ""local_window_bins"": 5, ""neighbor_support_db"": 3.0, ""method"": ""periodogram:hann+interp+dc_notch+edge_notch+guards+novelty+prominence""}"
dde5aa3f-bc26-42bf-a9bf-788eea919275,2025-08-20T17:12:29.123165,98175219.04126173,amplitude,1.0,critical,"Peak at 98.175219 MHz, SNR=29.6 dB, score=1.00",lite,ec20bc9d-f8d2-47f8-88d7-d3b60251a7c9,"{""peak_power"": 8562.7451171875, ""baseline_power"": 9.429290771484375, ""bin_index"": 614000, ""fft_size"": 1048576, ""interp_delta_bins"": 0.14912601023741623, ""freq_bin_hz"": 1.953125, ""dc_exclude_hz"": 5000.0, ""edge_exclude_hz"": 10000.0, ""novelty_enabled"": true, ""novelty_freq_tol_hz"": 5000.0, ""novelty_cooldown_s"": 3.0, ""novelty_score_delta"": 0.15, ""min_snr_db"": 8.0, ""min_prominence_db"": 6.0, ""local_window_bins"": 5, ""neighbor_support_db"": 3.0, ""method"": ""periodogram:hann+interp+dc_notch+edge_notch+guards+novelty+prominence""}"
78d70396-b74e-498c-8080-f0648c35e752,2025-08-20T17:12:42.636267,98195690.92125773,amplitude,1.0,critical,"Peak at 98.195691 MHz, SNR=28.1 dB, score=1.00",lite,f0665dd6-8b56-48f7-97a7-7c6a1b5d7979,"{""peak_power"": 6029.46875, ""baseline_power"": 9.43610954284668, ""bin_index"": 624482, ""fft_size"": 1048576, ""interp_delta_bins"": -0.2483160378557562, ""freq_bin_hz"": 1.953125, ""dc_exclude_hz"": 5000.0, ""edge_exclude_hz"": 10000.0, ""novelty_enabled"": true, ""novelty_freq_tol_hz"": 5000.0, ""novelty_cooldown_s"": 3.0, ""novelty_score_delta"": 0.15, ""min_snr_db"": 8.0, ""min_prominence_db"": 6.0, ""local_window_bins"": 5, ""neighbor_support_db"": 3.0, ""method"": ""periodogram:hann+interp+dc_notch+edge_notch+guards+novelty+prominence""}"
75d50633-b3df-432e-80bb-34b4ee855116,2025-08-20T17:13:02.678056,98186344.16789249,amplitude,1.0,critical,"Peak at 98.186344 MHz, SNR=28.2 dB, score=1.00",lite,db00f000-3367-499e-84c0-e2761ef5e632,"{""peak_power"": 6173.12109375, ""baseline_power"": 9.324213027954102, ""bin_index"": 619696, ""fft_size"": 1048576, ""interp_delta_bins"": 0.21396095138077437, ""freq_bin_hz"": 1.953125, ""dc_exclude_hz"": 5000.0, ""edge_exclude_hz"": 10000.0, ""novelty_enabled"": true, ""novelty_freq_tol_hz"": 5000.0, ""novelty_cooldown_s"": 3.0, ""novelty_score_delta"": 0.15, ""min_snr_db"": 8.0, ""min_prominence_db"": 6.0, ""local_window_bins"": 5, ""neighbor_support_db"": 3.0, ""method"": ""periodogram:hann+interp+dc_notch+edge_notch+guards+novelty+prominence""}"
1f145139-c82b-44e8-82df-63741b9e96de,2025-08-20T17:13:09.208640,98199677.58554916,amplitude,1.0,critical,"Peak at 98.199678 MHz, SNR=29.5 dB, score=1.00",lite,8fc2e0f8-06e6-48dd-a230-72b83fee0442,"{""peak_power"": 8421.826171875, ""baseline_power"": 9.343594551086426, ""bin_index"": 626523, ""fft_size"": 1048576, ""interp_delta_bins"": -0.07619883279819226, ""freq_bin_hz"": 1.953125, ""dc_exclude_hz"": 5000.0, ""edge_exclude_hz"": 10000.0, ""novelty_enabled"": true, ""novelty_freq_tol_hz"": 5000.0, ""novelty_cooldown_s"": 3.0, ""novelty_score_delta"": 0.15, ""min_snr_db"": 8.0, ""min_prominence_db"": 6.0, ""local_window_bins"": 5, ""neighbor_support_db"": 3.0, ""method"": ""periodogram:hann+interp+dc_notch+edge_notch+guards+novelty+prominence""}"
f6b1c054-43a0-44bd-b5b1-3f1910a20017,2025-08-20T17:13:15.742745,98188092.51302819,amplitude,1.0,critical,"Peak at 98.188093 MHz, SNR=29.0 dB, score=1.00",lite,7c93b998-97b9-49b4-b98b-6e8e8ae47d6a,"{""peak_power"": 7376.18359375, ""baseline_power"": 9.287315368652344, ""bin_index"": 620591, ""fft_size"": 1048576, ""interp_delta_bins"": 0.3666704307921842, ""freq_bin_hz"": 1.953125, ""dc_exclude_hz"": 5000.0, ""edge_exclude_hz"": 10000.0, ""novelty_enabled"": true, ""novelty_freq_tol_hz"": 5000.0, ""novelty_cooldown_s"": 3.0, ""novelty_score_delta"": 0.15, ""min_snr_db"": 8.0, ""min_prominence_db"": 6.0, ""local_window_bins"": 5, ""neighbor_support_db"": 3.0, ""method"": ""periodogram:hann+interp+dc_notch+edge_notch+guards+novelty+prominence""}"
189e3bde-208d-44f2-8540-3259df400460,2025-08-20T17:13:29.258453,98194986.26322433,amplitude,1.0,critical,"Peak at 98.194986 MHz, SNR=32.2 dB, score=1.00",lite,ab890db8-4598-45cb-90b8-8d5cc9464069,"{""peak_power"": 15464.4453125, ""baseline_power"": 9.278329849243164, ""bin_index"": 624121, ""fft_size"": 1048576, ""interp_delta_bins"": -0.033229139508909586, ""freq_bin_hz"": 1.953125, ""dc_exclude_hz"": 5000.0, ""edge_exclude_hz"": 10000.0, ""novelty_enabled"": true, ""novelty_freq_tol_hz"": 5000.0, ""novelty_cooldown_s"": 3.0, ""novelty_score_delta"": 0.15, ""min_snr_db"": 8.0, ""min_prominence_db"": 6.0, ""local_window_bins"": 5, ""neighbor_support_db"": 3.0, ""method"": ""periodogram:hann+interp+dc_notch+edge_notch+guards+novelty+prominence""}"
31a89017-38a2-4f0b-a76a-9485b789c4ab,2025-08-20T17:13:49.285805,98185640.71217754,amplitude,1.0,critical,"Peak at 98.185641 MHz, SNR=28.8 dB, score=1.00",lite,e05b3c2b-1697-45a1-9603-b963a4a82c76,"{""peak_power"": 7073.94921875, ""baseline_power"": 9.41714859008789, ""bin_index"": 619336, ""fft_size"": 1048576, ""interp_delta_bins"": 0.04463490639344394, ""freq_bin_hz"": 1.953125, ""dc_exclude_hz"": 5000.0, ""edge_exclude_hz"": 10000.0, ""novelty_enabled"": true, ""novelty_freq_tol_hz"": 5000.0, ""novelty_cooldown_s"": 3.0, ""novelty_score_delta"": 0.15, ""min_snr_db"": 8.0, ""min_prominence_db"": 6.0, ""local_window_bins"": 5, ""neighbor_support_db"": 3.0, ""method"": ""periodogram:hann+interp+dc_notch+edge_notch+guards+novelty+prominence""}"
27cc554e-81c4-4fb7-842b-bc852f91d8ce,2025-08-20T17:13:55.810316,98190589.01310715,amplitude,1.0,critical,"Peak at 98.190589 MHz, SNR=29.9 dB, score=1.00",lite,7f7636c9-3d6d-4e0f-86aa-5f052abc4c9b,"{""peak_power"": 9077.70703125, ""baseline_power"": 9.331781387329102, ""bin_index"": 621870, ""fft_size"": 1048576, ""interp_delta_bins"": -0.4252891363770897, ""freq_bin_hz"": 1.953125, ""dc_exclude_hz"": 5000.0, ""edge_exclude_hz"": 10000.0, ""novelty_enabled"": true, ""novelty_freq_tol_hz"": 5000.0, ""novelty_cooldown_s"": 3.0, ""novelty_score_delta"": 0.15, ""min_snr_db"": 8.0, ""min_prominence_db"": 6.0, ""local_window_bins"": 5, ""neighbor_support_db"": 3.0, ""method"": ""periodogram:hann+interp+dc_notch+edge_notch+guards+novelty+prominence""}"
10e9fdb1-cdfe-4fa7-9663-fd321e4241c4,2025-08-20T17:14:02.842308,98182465.1077895,amplitude,1.0,critical,"Peak at 98.182465 MHz, SNR=29.0 dB, score=1.00",lite,83e7ab49-1bfa-4a62-8861-69a49c0914e9,"{""peak_power"": 7502.17919921875, ""baseline_power"": 9.416637420654297, ""bin_index"": 617710, ""fft_size"": 1048576, ""interp_delta_bins"": 0.13518822827063323, ""freq_bin_hz"": 1.953125, ""dc_exclude_hz"": 5000.0, ""edge_exclude_hz"": 10000.0, ""novelty_enabled"": true, ""novelty_freq_tol_hz"": 5000.0, ""novelty_cooldown_s"": 3.0, ""novelty_score_delta"": 0.15, ""min_snr_db"": 8.0, ""min_prominence_db"": 6.0, ""local_window_bins"": 5, ""neighbor_support_db"": 3.0, ""method"": ""periodogram:hann+interp+dc_notch+edge_notch+guards+novelty+prominence""}"
e4d52b6b-de2b-4d59-9b1c-9e3d63419a7a,2025-08-20T17:14:10.380274,98189523.99743925,amplitude,1.0,critical,"Peak at 98.189524 MHz, SNR=28.1 dB, score=1.00",lite,b7dd96db-8c9c-4374-9adc-99025acade8f,"{""peak_power"": 6038.6181640625, ""baseline_power"": 9.428815841674805, ""bin_index"": 621324, ""fft_size"": 1048576, ""interp_delta_bins"": 0.2866888955652315, ""freq_bin_hz"": 1.953125, ""dc_exclude_hz"": 5000.0, ""edge_exclude_hz"": 10000.0, ""novelty_enabled"": true, ""novelty_freq_tol_hz"": 5000.0, ""novelty_cooldown_s"": 3.0, ""novelty_score_delta"": 0.15, ""min_snr_db"": 8.0, ""min_prominence_db"": 6.0, ""local_window_bins"": 5, ""neighbor_support_db"": 3.0, ""method"": ""periodogram:hann+interp+dc_notch+edge_notch+guards+novelty+prominence""}"
cfa75190-eb76-49ad-8a6a-11536c242120,2025-08-20T17:14:32.901542,98189639.98276202,amplitude,1.0,critical,"Peak at 98.189640 MHz, SNR=28.9 dB, score=1.00",lite,5cb7aaa9-0e71-40f6-aa00-9bc7a2a3fffd,"{""peak_power"": 7205.6806640625, ""baseline_power"": 9.355015754699707, ""bin_index"": 621384, ""fft_size"": 1048576, ""interp_delta_bins"": -0.3288258453197618, ""freq_bin_hz"": 1.953125, ""dc_exclude_hz"": 5000.0, ""edge_exclude_hz"": 10000.0, ""novelty_enabled"": true, ""novelty_freq_tol_hz"": 5000.0, ""novelty_cooldown_s"": 3.0, ""novelty_score_delta"": 0.15, ""min_snr_db"": 8.0, ""min_prominence_db"": 6.0, ""local_window_bins"": 5, ""neighbor_support_db"": 3.0, ""method"": ""periodogram:hann+interp+dc_notch+edge_notch+guards+novelty+prominence""}"
33a7dc2b-67f7-4f2a-93e5-a0d5cb8ce82f,2025-08-20T17:14:55.397708,98183578.16835093,amplitude,1.0,critical,"Peak at 98.183578 MHz, SNR=28.8 dB, score=1.00",lite,8991608b-e030-489b-afbd-6c3873623940,"{""peak_power"": 7202.580078125, ""baseline_power"": 9.413313865661621, ""bin_index"": 618280, ""fft_size"": 1048576, ""interp_delta_bins"": 0.02219567975077728, ""freq_bin_hz"": 1.953125, ""dc_exclude_hz"": 5000.0, ""edge_exclude_hz"": 10000.0, ""novelty_enabled"": true, ""novelty_freq_tol_hz"": 5000.0, ""novelty_cooldown_s"": 3.0, ""novelty_score_delta"": 0.15, ""min_snr_db"": 8.0, ""min_prominence_db"": 6.0, ""local_window_bins"": 5, ""neighbor_support_db"": 3.0, ""method"": ""periodogram:hann+interp+dc_notch+edge_notch+guards+novelty+prominence""}"
8e604ccd-27b3-4bfc-a2ff-c44ede661da8,2025-08-20T17:15:08.469605,98190528.12104721,amplitude,1.0,critical,"Peak at 98.190528 MHz, SNR=27.8 dB, score=1.00",lite,4500002c-b744-4de2-90c1-35ae83dd6966,"{""peak_power"": 5594.81689453125, ""baseline_power"": 9.362848281860352, ""bin_index"": 621838, ""fft_size"": 1048576, ""interp_delta_bins"": 0.3979761771518932, ""freq_bin_hz"": 1.953125, ""dc_exclude_hz"": 5000.0, ""edge_exclude_hz"": 10000.0, ""novelty_enabled"": true, ""novelty_freq_tol_hz"": 5000.0, ""novelty_cooldown_s"": 3.0, ""novelty_score_delta"": 0.15, ""min_snr_db"": 8.0, ""min_prominence_db"": 6.0, ""local_window_bins"": 5, ""neighbor_support_db"": 3.0, ""method"": ""periodogram:hann+interp+dc_notch+edge_notch+guards+novelty+prominence""}"
917e066f-c69f-408d-98f6-260901bf0e5e,2025-08-20T17:15:15.398108,98189422.27192268,amplitude,1.0,critical,"Peak at 98.189422 MHz, SNR=29.0 dB, score=1.00",lite,794806c0-78ee-4916-8190-1601df61188c,"{""peak_power"": 7332.810546875, ""baseline_power"": 9.326315879821777, ""bin_index"": 621272, ""fft_size"": 1048576, ""interp_delta_bins"": 0.20322440808119513, ""freq_bin_hz"": 1.953125, ""dc_exclude_hz"": 5000.0, ""edge_exclude_hz"": 10000.0, ""novelty_enabled"": true, ""novelty_freq_tol_hz"": 5000.0, ""novelty_cooldown_s"": 3.0, ""novelty_score_delta"": 0.15, ""min_snr_db"": 8.0, ""min_prominence_db"": 6.0, ""local_window_bins"": 5, ""neighbor_support_db"": 3.0, ""method"": ""periodogram:hann+interp+dc_notch+edge_notch+guards+novelty+prominence""}"
bfb7deb9-6ea5-4b7a-9f89-990e53710a0c,2025-08-20T17:15:21.930359,98202102.02740318,amplitude,1.0,critical,"Peak at 98.202102 MHz, SNR=29.4 dB, score=1.00",lite,4d304d6a-faa1-4cad-bbd7-0e54c4222f69,"{""peak_power"": 8088.966796875, ""baseline_power"": 9.387411117553711, ""bin_index"": 627764, ""fft_size"": 1048576, ""interp_delta_bins"": 0.238030425462175, ""freq_bin_hz"": 1.953125, ""dc_exclude_hz"": 5000.0, ""edge_exclude_hz"": 10000.0, ""novelty_enabled"": true, ""novelty_freq_tol_hz"": 5000.0, ""novelty_cooldown_s"": 3.0, ""novelty_score_delta"": 0.15, ""min_snr_db"": 8.0, ""min_prominence_db"": 6.0, ""local_window_bins"": 5, ""neighbor_support_db"": 3.0, ""method"": ""periodogram:hann+interp+dc_notch+edge_notch+guards+novelty+prominence""}"
e362733c-23d5-41f2-ac06-e93b182b395a,2025-08-20T17:15:35.389552,98204027.06109144,amplitude,1.0,critical,"Peak at 98.204027 MHz, SNR=28.9 dB, score=1.00",lite,4aec4586-9fae-4ad7-9e70-95182a83f53c,"{""peak_power"": 7281.26904296875, ""baseline_power"": 9.377009391784668, ""bin_index"": 628750, ""fft_size"": 1048576, ""interp_delta_bins"": -0.1447211827597035, ""freq_bin_hz"": 1.953125, ""dc_exclude_hz"": 5000.0, ""edge_exclude_hz"": 10000.0, ""novelty_enabled"": true, ""novelty_freq_tol_hz"": 5000.0, ""novelty_cooldown_s"": 3.0, ""novelty_score_delta"": 0.15, ""min_snr_db"": 8.0, ""min_prominence_db"": 6.0, ""local_window_bins"": 5, ""neighbor_support_db"": 3.0, ""method"": ""periodogram:hann+interp+dc_notch+edge_notch+guards+novelty+prominence""}"
64fbb43f-9f47-47bc-89d7-311db2841610,2025-08-20T17:15:48.464649,98194367.24005596,amplitude,1.0,critical,"Peak at 98.194367 MHz, SNR=27.5 dB, score=1.00",lite,543f7d21-69ff-4658-825f-63656a512cc3,"{""peak_power"": 5337.9326171875, ""baseline_power"": 9.407280921936035, ""bin_index"": 623804, ""fft_size"": 1048576, ""interp_delta_bins"": 0.02690865234387233, ""freq_bin_hz"": 1.953125, ""dc_exclude_hz"": 5000.0, ""edge_exclude_hz"": 10000.0, ""novelty_enabled"": true, ""novelty_freq_tol_hz"": 5000.0, ""novelty_cooldown_s"": 3.0, ""novelty_score_delta"": 0.15, ""min_snr_db"": 8.0, ""min_prominence_db"": 6.0, ""local_window_bins"": 5, ""neighbor_support_db"": 3.0, ""method"": ""periodogram:hann+interp+dc_notch+edge_notch+guards+novelty+prominence""}"
a861da56-7fb7-41ea-8f21-a822a7f96734,2025-08-20T17:16:08.448452,98188084.73457335,amplitude,1.0,critical,"Peak at 98.188085 MHz, SNR=28.1 dB, score=1.00",lite,089a0a99-d4d3-42fe-9ea2-b4002b48e66b,"{""peak_power"": 6009.3955078125, ""baseline_power"": 9.366042137145996, ""bin_index"": 620587, ""fft_size"": 1048576, ""interp_delta_bins"": 0.3841015578655326, ""freq_bin_hz"": 1.953125, ""dc_exclude_hz"": 5000.0, ""edge_exclude_hz"": 10000.0, ""novelty_enabled"": true, ""novelty_freq_tol_hz"": 5000.0, ""novelty_cooldown_s"": 3.0, ""novelty_score_delta"": 0.15, ""min_snr_db"": 8.0, ""min_prominence_db"": 6.0, ""local_window_bins"": 5, ""neighbor_support_db"": 3.0, ""method"": ""periodogram:hann+interp+dc_notch+edge_notch+guards+novelty+prominence""}"
fd608761-806c-4519-b62c-249af65d5dd7,2025-08-20T17:16:15.379028,98199908.89636509,amplitude,1.0,critical,"Peak at 98.199909 MHz, SNR=28.3 dB, score=1.00",lite,df0cbf91-aa87-44ef-b43c-d7c3bb1fa6d3,"{""peak_power"": 6394.57177734375, ""baseline_power"": 9.373346328735352, ""bin_index"": 626641, ""fft_size"": 1048576, ""interp_delta_bins"": 0.3549389230559187, ""freq_bin_hz"": 1.953125, ""dc_exclude_hz"": 5000.0, ""edge_exclude_hz"": 10000.0, ""novelty_enabled"": true, ""novelty_freq_tol_hz"": 5000.0, ""novelty_cooldown_s"": 3.0, ""novelty_score_delta"": 0.15, ""min_snr_db"": 8.0, ""min_prominence_db"": 6.0, ""local_window_bins"": 5, ""neighbor_support_db"": 3.0, ""method"": ""periodogram:hann+interp+dc_notch+edge_notch+guards+novelty+prominence""}"
3decf240-7cfa-4439-a542-3d5972533715,2025-08-20T17:16:28.440514,98188907.95543915,amplitude,1.0,critical,"Peak at 98.188908 MHz, SNR=27.6 dB, score=1.00",lite,6c1273c2-3604-4c6a-93f0-050540d9b644,"{""peak_power"": 5332.8349609375, ""baseline_power"": 9.372659683227539, ""bin_index"": 621009, ""fft_size"": 1048576, ""interp_delta_bins"": -0.12681515158002243, ""freq_bin_hz"": 1.953125, ""dc_exclude_hz"": 5000.0, ""edge_exclude_hz"": 10000.0, ""novelty_enabled"": true, ""novelty_freq_tol_hz"": 5000.0, ""novelty_cooldown_s"": 3.0, ""novelty_score_delta"": 0.15, ""min_snr_db"": 8.0, ""min_prominence_db"": 6.0, ""local_window_bins"": 5, ""neighbor_support_db"": 3.0, ""method"": ""periodogram:hann+interp+dc_notch+edge_notch+guards+novelty+prominence""}"
0224184a-be18-4327-953b-054804d752b2,2025-08-20T17:16:35.370407,98196186.57905504,amplitude,1.0,critical,"Peak at 98.196187 MHz, SNR=27.5 dB, score=1.00",lite,9ba5d499-52c6-40e6-9741-cf467eede0b8,"{""peak_power"": 5308.22900390625, ""baseline_power"": 9.37128734588623, ""bin_index"": 624736, ""fft_size"": 1048576, ""interp_delta_bins"": -0.47152381736333476, ""freq_bin_hz"": 1.953125, ""dc_exclude_hz"": 5000.0, ""edge_exclude_hz"": 10000.0, ""novelty_enabled"": true, ""novelty_freq_tol_hz"": 5000.0, ""novelty_cooldown_s"": 3.0, ""novelty_score_delta"": 0.15, ""min_snr_db"": 8.0, ""min_prominence_db"": 6.0, ""local_window_bins"": 5, ""neighbor_support_db"": 3.0, ""method"": ""periodogram:hann+interp+dc_notch+edge_notch+guards+novelty+prominence""}"
ecd03e2b-435f-4e7a-998d-f83dc1527914,2025-08-20T17:16:41.909542,98179285.75695954,amplitude,1.0,critical,"Peak at 98.179286 MHz, SNR=26.5 dB, score=1.00",lite,b73628fc-fcbd-43df-9219-e664fd613c63,"{""peak_power"": 4198.8828125, ""baseline_power"": 9.378684997558594, ""bin_index"": 616082, ""fft_size"": 1048576, ""interp_delta_bins"": 0.30756328411757516, ""freq_bin_hz"": 1.953125, ""dc_exclude_hz"": 5000.0, ""edge_exclude_hz"": 10000.0, ""novelty_enabled"": true, ""novelty_freq_tol_hz"": 5000.0, ""novelty_cooldown_s"": 3.0, ""novelty_score_delta"": 0.15, ""min_snr_db"": 8.0, ""min_prominence_db"": 6.0, ""local_window_bins"": 5, ""neighbor_support_db"": 3.0, ""method"": ""periodogram:hann+interp+dc_notch+edge_notch+guards+novelty+prominence""}"
ca868a90-a19f-4610-beb8-8f1d1971c652,2025-08-20T17:16:48.453366,98184535.77152507,amplitude,1.0,critical,"Peak at 98.184536 MHz, SNR=27.7 dB, score=1.00",lite,e7fa6510-aeef-4fce-b938-6eff8c5f5035,"{""peak_power"": 5531.689453125, ""baseline_power"": 9.33067512512207, ""bin_index"": 618770, ""fft_size"": 1048576, ""interp_delta_bins"": 0.315020838899342, ""freq_bin_hz"": 1.953125, ""dc_exclude_hz"": 5000.0, ""edge_exclude_hz"": 10000.0, ""novelty_enabled"": true, ""novelty_freq_tol_hz"": 5000.0, ""novelty_cooldown_s"": 3.0, ""novelty_score_delta"": 0.15, ""min_snr_db"": 8.0, ""min_prominence_db"": 6.0, ""local_window_bins"": 5, ""neighbor_support_db"": 3.0, ""method"": ""periodogram:hann+interp+dc_notch+edge_notch+guards+novelty+prominence""}"
f063c61e-cbad-4760-bf70-28634181c5cf,2025-08-20T17:16:55.396125,98196982.12680501,amplitude,1.0,critical,"Peak at 98.196982 MHz, SNR=28.0 dB, score=1.00",lite,cb563d9a-3c75-4e6c-aa02-4d01e758591f,"{""peak_power"": 5866.9052734375, ""baseline_power"": 9.343074798583984, ""bin_index"": 625143, ""fft_size"": 1048576, ""interp_delta_bins"": -0.15107583842570624, ""freq_bin_hz"": 1.953125, ""dc_exclude_hz"": 5000.0, ""edge_exclude_hz"": 10000.0, ""novelty_enabled"": true, ""novelty_freq_tol_hz"": 5000.0, ""novelty_cooldown_s"": 3.0, ""novelty_score_delta"": 0.15, ""min_snr_db"": 8.0, ""min_prominence_db"": 6.0, ""local_window_bins"": 5, ""neighbor_support_db"": 3.0, ""method"": ""periodogram:hann+interp+dc_notch+edge_notch+guards+novelty+prominence""}"
3ed5f8a6-6d13-4785-86b1-365f19866591,2025-08-20T17:17:21.929288,98196409.38520259,amplitude,1.0,critical,"Peak at 98.196409 MHz, SNR=26.5 dB, score=1.00",lite,4d9464bc-ca35-4181-9710-b7fdea39ff67,"{""peak_power"": 4211.859375, ""baseline_power"": 9.371635437011719, ""bin_index"": 624850, ""fft_size"": 1048576, ""interp_delta_bins"": -0.3947762777319737, ""freq_bin_hz"": 1.953125, ""dc_exclude_hz"": 5000.0, ""edge_exclude_hz"": 10000.0, ""novelty_enabled"": true, ""novelty_freq_tol_hz"": 5000.0, ""novelty_cooldown_s"": 3.0, ""novelty_score_delta"": 0.15, ""min_snr_db"": 8.0, ""min_prominence_db"": 6.0, ""local_window_bins"": 5, ""neighbor_support_db"": 3.0, ""method"": ""periodogram:hann+interp+dc_notch+edge_notch+guards+novelty+prominence""}"
31f363d9-e082-4077-8169-9a40d0ca9a80,2025-08-20T17:17:28.473569,98209555.04349227,amplitude,1.0,critical,"Peak at 98.209555 MHz, SNR=29.2 dB, score=1.00",lite,f1136389-3e4f-48f9-8cb1-0a25c3e0f7b0,"{""peak_power"": 7721.0859375, ""baseline_power"": 9.332742691040039, ""bin_index"": 631580, ""fft_size"": 1048576, ""interp_delta_bins"": 0.18226804529934937, ""freq_bin_hz"": 1.953125, ""dc_exclude_hz"": 5000.0, ""edge_exclude_hz"": 10000.0, ""novelty_enabled"": true, ""novelty_freq_tol_hz"": 5000.0, ""novelty_cooldown_s"": 3.0, ""novelty_score_delta"": 0.15, ""min_snr_db"": 8.0, ""min_prominence_db"": 6.0, ""local_window_bins"": 5, ""neighbor_support_db"": 3.0, ""method"": ""periodogram:hann+interp+dc_notch+edge_notch+guards+novelty+prominence""}"
ae280578-b798-4d96-9cd4-dc3d4a476ac6,2025-08-20T17:17:35.386058,98193445.1238731,amplitude,1.0,critical,"Peak at 98.193445 MHz, SNR=28.0 dB, score=1.00",lite,73deb47c-7999-41ca-8fe9-40475634bb84,"{""peak_power"": 5904.3291015625, ""baseline_power"": 9.333625793457031, ""bin_index"": 623332, ""fft_size"": 1048576, ""interp_delta_bins"": -0.0965769703808478, ""freq_bin_hz"": 1.953125, ""dc_exclude_hz"": 5000.0, ""edge_exclude_hz"": 10000.0, ""novelty_enabled"": true, ""novelty_freq_tol_hz"": 5000.0, ""novelty_cooldown_s"": 3.0, ""novelty_score_delta"": 0.15, ""min_snr_db"": 8.0, ""min_prominence_db"": 6.0, ""local_window_bins"": 5, ""neighbor_support_db"": 3.0, ""method"": ""periodogram:hann+interp+dc_notch+edge_notch+guards+novelty+prominence""}"
0a7ff1ae-e99c-4628-937c-77c750285980,2025-08-20T17:17:41.935319,98189093.23168193,amplitude,1.0,critical,"Peak at 98.189093 MHz, SNR=27.0 dB, score=1.00",lite,5db8b70b-b1e8-4aec-96d6-778865a5ad6b,"{""peak_power"": 4649.619140625, ""baseline_power"": 9.369680404663086, ""bin_index"": 621104, ""fft_size"": 1048576, ""interp_delta_bins"": -0.26537884905388587, ""freq_bin_hz"": 1.953125, ""dc_exclude_hz"": 5000.0, ""edge_exclude_hz"": 10000.0, ""novelty_enabled"": true, ""novelty_freq_tol_hz"": 5000.0, ""novelty_cooldown_s"": 3.0, ""novelty_score_delta"": 0.15, ""min_snr_db"": 8.0, ""min_prominence_db"": 6.0, ""local_window_bins"": 5, ""neighbor_support_db"": 3.0, ""method"": ""periodogram:hann+interp+dc_notch+edge_notch+guards+novelty+prominence""}"
197e3c27-a5f3-4cb2-aa40-dbf8fced9976,2025-08-20T17:17:48.473805,98193365.77941068,amplitude,1.0,critical,"Peak at 98.193366 MHz, SNR=27.6 dB, score=1.00",lite,94ef6fc1-5cc7-4097-aac7-910e9a89e6dd,"{""peak_power"": 5375.3212890625, ""baseline_power"": 9.351229667663574, ""bin_index"": 623291, ""fft_size"": 1048576, ""interp_delta_bins"": 0.27905826634830416, ""freq_bin_hz"": 1.953125, ""dc_exclude_hz"": 5000.0, ""edge_exclude_hz"": 10000.0, ""novelty_enabled"": true, ""novelty_freq_tol_hz"": 5000.0, ""novelty_cooldown_s"": 3.0, ""novelty_score_delta"": 0.15, ""min_snr_db"": 8.0, ""min_prominence_db"": 6.0, ""local_window_bins"": 5, ""neighbor_support_db"": 3.0, ""method"": ""periodogram:hann+interp+dc_notch+edge_notch+guards+novelty+prominence""}"
3ff98550-d36d-4981-b063-ec1ab66121fc,2025-08-20T17:17:55.391841,98198690.60026594,amplitude,1.0,critical,"Peak at 98.198691 MHz, SNR=27.7 dB, score=1.00",lite,d9f88fd5-763b-48cb-89da-4c118b1ba991,"{""peak_power"": 5488.818359375, ""baseline_power"": 9.39849853515625, ""bin_index"": 626018, ""fft_size"": 1048576, ""interp_delta_bins"": -0.4126638387711235, ""freq_bin_hz"": 1.953125, ""dc_exclude_hz"": 5000.0, ""edge_exclude_hz"": 10000.0, ""novelty_enabled"": true, ""novelty_freq_tol_hz"": 5000.0, ""novelty_cooldown_s"": 3.0, ""novelty_score_delta"": 0.15, ""min_snr_db"": 8.0, ""min_prominence_db"": 6.0, ""local_window_bins"": 5, ""neighbor_support_db"": 3.0, ""method"": ""periodogram:hann+interp+dc_notch+edge_notch+guards+novelty+prominence""}"
3af74425-b372-440e-8e6d-ead9abdacba9,2025-08-20T17:18:08.451729,98198628.77259731,amplitude,1.0,critical,"Peak at 98.198629 MHz, SNR=27.2 dB, score=1.00",lite,1229d1d9-4895-4756-ae1d-774faddadb4a,"{""peak_power"": 4941.6044921875, ""baseline_power"": 9.446492195129395, ""bin_index"": 625986, ""fft_size"": 1048576, ""interp_delta_bins"": -0.06843017864500271, ""freq_bin_hz"": 1.953125, ""dc_exclude_hz"": 5000.0, ""edge_exclude_hz"": 10000.0, ""novelty_enabled"": true, ""novelty_freq_tol_hz"": 5000.0, ""novelty_cooldown_s"": 3.0, ""novelty_score_delta"": 0.15, ""min_snr_db"": 8.0, ""min_prominence_db"": 6.0, ""local_window_bins"": 5, ""neighbor_support_db"": 3.0, ""method"": ""periodogram:hann+interp+dc_notch+edge_notch+guards+novelty+prominence""}"
5242efc2-b8df-43c4-8c94-61e403ef0d18,2025-08-20T17:18:15.364994,98187380.00008102,amplitude,1.0,critical,"Peak at 98.187380 MHz, SNR=29.6 dB, score=1.00",lite,00f82842-268b-40ca-8c01-1bae41ad3233,"{""peak_power"": 8528.400390625, ""baseline_power"": 9.382301330566406, ""bin_index"": 620227, ""fft_size"": 1048576, ""interp_delta_bins"": -0.43995852079690345, ""freq_bin_hz"": 1.953125, ""dc_exclude_hz"": 5000.0, ""edge_exclude_hz"": 10000.0, ""novelty_enabled"": true, ""novelty_freq_tol_hz"": 5000.0, ""novelty_cooldown_s"": 3.0, ""novelty_score_delta"": 0.15, ""min_snr_db"": 8.0, ""min_prominence_db"": 6.0, ""local_window_bins"": 5, ""neighbor_support_db"": 3.0, ""method"": ""periodogram:hann+interp+dc_notch+edge_notch+guards+novelty+prominence""}"
babb0834-c49b-4082-bfa1-37e31befddb0,2025-08-20T17:18:21.909860,98210520.29857577,amplitude,1.0,critical,"Peak at 98.210520 MHz, SNR=28.5 dB, score=1.00",lite,d87ade8a-44c7-4a88-84b7-2544e1063a95,"{""peak_power"": 6605.939453125, ""baseline_power"": 9.392379760742188, ""bin_index"": 632074, ""fft_size"": 1048576, ""interp_delta_bins"": 0.39287079561059546, ""freq_bin_hz"": 1.953125, ""dc_exclude_hz"": 5000.0, ""edge_exclude_hz"": 10000.0, ""novelty_enabled"": true, ""novelty_freq_tol_hz"": 5000.0, ""novelty_cooldown_s"": 3.0, ""novelty_score_delta"": 0.15, ""min_snr_db"": 8.0, ""min_prominence_db"": 6.0, ""local_window_bins"": 5, ""neighbor_support_db"": 3.0, ""method"": ""periodogram:hann+interp+dc_notch+edge_notch+guards+novelty+prominence""}"
09121bc5-6e18-4100-9dc7-9df68195643d,2025-08-20T17:18:28.455572,98199968.6485659,amplitude,1.0,critical,"Peak at 98.199969 MHz, SNR=28.4 dB, score=1.00",lite,733a2afb-56d1-4df1-85a8-d910d3724fc6,"{""peak_power"": 6475.80078125, ""baseline_power"": 9.372361183166504, ""bin_index"": 626672, ""fft_size"": 1048576, ""interp_delta_bins"": -0.051934259324382635, ""freq_bin_hz"": 1.953125, ""dc_exclude_hz"": 5000.0, ""edge_exclude_hz"": 10000.0, ""novelty_enabled"": true, ""novelty_freq_tol_hz"": 5000.0, ""novelty_cooldown_s"": 3.0, ""novelty_score_delta"": 0.15, ""min_snr_db"": 8.0, ""min_prominence_db"": 6.0, ""local_window_bins"": 5, ""neighbor_support_db"": 3.0, ""method"": ""periodogram:hann+interp+dc_notch+edge_notch+guards+novelty+prominence""}"
b4f7d587-b463-40f4-9c9b-97423e78b4f5,2025-08-20T17:18:35.389543,98174484.50160831,amplitude,1.0,critical,"Peak at 98.174485 MHz, SNR=27.6 dB, score=1.00",lite,72da8f6c-9e2b-434b-a5da-0131388e8e23,"{""peak_power"": 5362.0712890625, ""baseline_power"": 9.400289535522461, ""bin_index"": 613624, ""fft_size"": 1048576, ""interp_delta_bins"": 0.06482345691216096, ""freq_bin_hz"": 1.953125, ""dc_exclude_hz"": 5000.0, ""edge_exclude_hz"": 10000.0, ""novelty_enabled"": true, ""novelty_freq_tol_hz"": 5000.0, ""novelty_cooldown_s"": 3.0, ""novelty_score_delta"": 0.15, ""min_snr_db"": 8.0, ""min_prominence_db"": 6.0, ""local_window_bins"": 5, ""neighbor_support_db"": 3.0, ""method"": ""periodogram:hann+interp+dc_notch+edge_notch+guards+novelty+prominence""}"
46657497-aea3-4ff3-9213-80b3890c068f,2025-08-20T17:19:01.928748,98188167.04823025,amplitude,1.0,critical,"Peak at 98.188167 MHz, SNR=29.7 dB, score=1.00",lite,fafa527c-e9c6-4ebd-a59c-80597a992b24,"{""peak_power"": 8646.33984375, ""baseline_power"": 9.30707836151123, ""bin_index"": 620630, ""fft_size"": 1048576, ""interp_delta_bins"": -0.4713061128381822, ""freq_bin_hz"": 1.953125, ""dc_exclude_hz"": 5000.0, ""edge_exclude_hz"": 10000.0, ""novelty_enabled"": true, ""novelty_freq_tol_hz"": 5000.0, ""novelty_cooldown_s"": 3.0, ""novelty_score_delta"": 0.15, ""min_snr_db"": 8.0, ""min_prominence_db"": 6.0, ""local_window_bins"": 5, ""neighbor_support_db"": 3.0, ""method"": ""periodogram:hann+interp+dc_notch+edge_notch+guards+novelty+prominence""}"
14440af6-a2ac-4164-b185-d976e9a5f94a,2025-08-20T17:19:21.911535,98189003.4322186,amplitude,1.0,critical,"Peak at 98.189003 MHz, SNR=27.4 dB, score=1.00",lite,45b716db-f300-47bd-ba42-592aa0d37127,"{""peak_power"": 5193.580078125, ""baseline_power"": 9.382818222045898, ""bin_index"": 621058, ""fft_size"": 1048576, ""interp_delta_bins"": -0.24270407710932973, ""freq_bin_hz"": 1.953125, ""dc_exclude_hz"": 5000.0, ""edge_exclude_hz"": 10000.0, ""novelty_enabled"": true, ""novelty_freq_tol_hz"": 5000.0, ""novelty_cooldown_s"": 3.0, ""novelty_score_delta"": 0.15, ""min_snr_db"": 8.0, ""min_prominence_db"": 6.0, ""local_window_bins"": 5, ""neighbor_support_db"": 3.0, ""method"": ""periodogram:hann+interp+dc_notch+edge_notch+guards+novelty+prominence""}"
6eda8d30-8ce1-4560-b02d-5f341dc2492e,2025-08-20T17:19:28.595581,98185784.19934766,amplitude,1.0,critical,"Peak at 98.185784 MHz, SNR=26.4 dB, score=1.00",lite,ca1796de-eb0d-4cb2-8402-e2618bf6cf7a,"{""peak_power"": 4072.27978515625, ""baseline_power"": 9.366817474365234, ""bin_index"": 619410, ""fft_size"": 1048576, ""interp_delta_bins"": -0.48993399831784445, ""freq_bin_hz"": 1.953125, ""dc_exclude_hz"": 5000.0, ""edge_exclude_hz"": 10000.0, ""novelty_enabled"": true, ""novelty_freq_tol_hz"": 5000.0, ""novelty_cooldown_s"": 3.0, ""novelty_score_delta"": 0.15, ""min_snr_db"": 8.0, ""min_prominence_db"": 6.0, ""local_window_bins"": 5, ""neighbor_support_db"": 3.0, ""method"": ""periodogram:hann+interp+dc_notch+edge_notch+guards+novelty+prominence""}"
1fe4571d-35ef-493d-997f-41b8588ac56c,2025-08-20T17:19:41.920359,98205597.80995736,amplitude,1.0,critical,"Peak at 98.205598 MHz, SNR=27.7 dB, score=1.00",lite,e16c6ab9-d440-4fa2-8f6b-fe6d558643e7,"{""peak_power"": 5558.1328125, ""baseline_power"": 9.383340835571289, ""bin_index"": 629554, ""fft_size"": 1048576, ""interp_delta_bins"": 0.07869816646242091, ""freq_bin_hz"": 1.953125, ""dc_exclude_hz"": 5000.0, ""edge_exclude_hz"": 10000.0, ""novelty_enabled"": true, ""novelty_freq_tol_hz"": 5000.0, ""novelty_cooldown_s"": 3.0, ""novelty_score_delta"": 0.15, ""min_snr_db"": 8.0, ""min_prominence_db"": 6.0, ""local_window_bins"": 5, ""neighbor_support_db"": 3.0, ""method"": ""periodogram:hann+interp+dc_notch+edge_notch+guards+novelty+prominence""}"
7ce04cb0-f864-40a3-acf0-53f004222666,2025-08-20T17:19:48.631318,98176092.21140599,amplitude,1.0,critical,"Peak at 98.176092 MHz, SNR=27.6 dB, score=1.00",lite,89f302e6-38d1-4615-8e9a-092374c56f1a,"{""peak_power"": 5419.13427734375, ""baseline_power"": 9.344671249389648, ""bin_index"": 614447, ""fft_size"": 1048576, ""interp_delta_bins"": 0.21223986791085964, ""freq_bin_hz"": 1.953125, ""dc_exclude_hz"": 5000.0, ""edge_exclude_hz"": 10000.0, ""novelty_enabled"": true, ""novelty_freq_tol_hz"": 5000.0, ""novelty_cooldown_s"": 3.0, ""novelty_score_delta"": 0.15, ""min_snr_db"": 8.0, ""min_prominence_db"": 6.0, ""local_window_bins"": 5, ""neighbor_support_db"": 3.0, ""method"": ""periodogram:hann+interp+dc_notch+edge_notch+guards+novelty+prominence""}"
a3631eeb-dbfb-4c64-a01c-c23aa21a5f8e,2025-08-20T17:19:55.403191,98190502.64830221,amplitude,1.0,critical,"Peak at 98.190503 MHz, SNR=27.5 dB, score=1.00",lite,c0e0706c-02dd-4e96-a8e7-545449b420cc,"{""peak_power"": 5283.02880859375, ""baseline_power"": 9.39100456237793, ""bin_index"": 621825, ""fft_size"": 1048576, ""interp_delta_bins"": 0.3559307321828678, ""freq_bin_hz"": 1.953125, ""dc_exclude_hz"": 5000.0, ""edge_exclude_hz"": 10000.0, ""novelty_enabled"": true, ""novelty_freq_tol_hz"": 5000.0, ""novelty_cooldown_s"": 3.0, ""novelty_score_delta"": 0.15, ""min_snr_db"": 8.0, ""min_prominence_db"": 6.0, ""local_window_bins"": 5, ""neighbor_support_db"": 3.0, ""method"": ""periodogram:hann+interp+dc_notch+edge_notch+guards+novelty+prominence""}"
7f68763e-0ae1-4bae-8b84-459d8243e56e,2025-08-20T17:20:01.919836,98175249.01320384,amplitude,1.0,critical,"Peak at 98.175249 MHz, SNR=27.3 dB, score=1.00",lite,93ca2c88-d77f-4629-88fa-3c0d9184a2d9,"{""peak_power"": 5037.1787109375, ""baseline_power"": 9.338281631469727, ""bin_index"": 614015, ""fft_size"": 1048576, ""interp_delta_bins"": 0.49476037134090367, ""freq_bin_hz"": 1.953125, ""dc_exclude_hz"": 5000.0, ""edge_exclude_hz"": 10000.0, ""novelty_enabled"": true, ""novelty_freq_tol_hz"": 5000.0, ""novelty_cooldown_s"": 3.0, ""novelty_score_delta"": 0.15, ""min_snr_db"": 8.0, ""min_prominence_db"": 6.0, ""local_window_bins"": 5, ""neighbor_support_db"": 3.0, ""method"": ""periodogram:hann+interp+dc_notch+edge_notch+guards+novelty+prominence""}"
53a35e02-f1f6-450f-83b1-bce58a56b262,2025-08-20T17:20:08.682305,98180843.82227527,amplitude,1.0,critical,"Peak at 98.180844 MHz, SNR=26.8 dB, score=1.00",lite,6dcb37e3-9fa7-4d76-9440-73d8e31aa780,"{""peak_power"": 4502.4140625, ""baseline_power"": 9.355896949768066, ""bin_index"": 616880, ""fft_size"": 1048576, ""interp_delta_bins"": 0.037004939374838834, ""freq_bin_hz"": 1.953125, ""dc_exclude_hz"": 5000.0, ""edge_exclude_hz"": 10000.0, ""novelty_enabled"": true, ""novelty_freq_tol_hz"": 5000.0, ""novelty_cooldown_s"": 3.0, ""novelty_score_delta"": 0.15, ""min_snr_db"": 8.0, ""min_prominence_db"": 6.0, ""local_window_bins"": 5, ""neighbor_support_db"": 3.0, ""method"": ""periodogram:hann+interp+dc_notch+edge_notch+guards+novelty+prominence""}"
2b47a5f8-805d-4482-ad19-6be0b84e52de,2025-08-20T17:20:35.362546,98190807.12034535,amplitude,1.0,critical,"Peak at 98.190807 MHz, SNR=27.5 dB, score=1.00",lite,796897d2-4c68-451e-abb9-7bf8c08e58c9,"{""peak_power"": 5232.1962890625, ""baseline_power"": 9.315608978271484, ""bin_index"": 621981, ""fft_size"": 1048576, ""interp_delta_bins"": 0.2456168190085667, ""freq_bin_hz"": 1.953125, ""dc_exclude_hz"": 5000.0, ""edge_exclude_hz"": 10000.0, ""novelty_enabled"": true, ""novelty_freq_tol_hz"": 5000.0, ""novelty_cooldown_s"": 3.0, ""novelty_score_delta"": 0.15, ""min_snr_db"": 8.0, ""min_prominence_db"": 6.0, ""local_window_bins"": 5, ""neighbor_support_db"": 3.0, ""method"": ""periodogram:hann+interp+dc_notch+edge_notch+guards+novelty+prominence""}"
1ac2d133-2d0f-4cf3-b09c-307f7c445758,2025-08-20T17:20:41.895378,98184350.2885148,amplitude,1.0,critical,"Peak at 98.184350 MHz, SNR=28.0 dB, score=1.00",lite,dc27e7e7-5112-4456-9f28-eaab8d083bc6,"{""peak_power"": 5802.3681640625, ""baseline_power"": 9.280282020568848, ""bin_index"": 618675, ""fft_size"": 1048576, ""interp_delta_bins"": 0.34771957197322756, ""freq_bin_hz"": 1.953125, ""dc_exclude_hz"": 5000.0, ""edge_exclude_hz"": 10000.0, ""novelty_enabled"": true, ""novelty_freq_tol_hz"": 5000.0, ""novelty_cooldown_s"": 3.0, ""novelty_score_delta"": 0.15, ""min_snr_db"": 8.0, ""min_prominence_db"": 6.0, ""local_window_bins"": 5, ""neighbor_support_db"": 3.0, ""method"": ""periodogram:hann+interp+dc_notch+edge_notch+guards+novelty+prominence""}"
9d1b8163-0b6d-4b88-8ffd-c759c0db93fb,2025-08-20T17:20:55.384892,98184714.3022605,amplitude,1.0,critical,"Peak at 98.184714 MHz, SNR=29.1 dB, score=1.00",lite,dd5c9fbd-a32c-4ac6-b460-72cf431e3e2a,"{""peak_power"": 7495.08935546875, ""baseline_power"": 9.209907531738281, ""bin_index"": 618862, ""fft_size"": 1048576, ""interp_delta_bins"": -0.2772426208771363, ""freq_bin_hz"": 1.953125, ""dc_exclude_hz"": 5000.0, ""edge_exclude_hz"": 10000.0, ""novelty_enabled"": true, ""novelty_freq_tol_hz"": 5000.0, ""novelty_cooldown_s"": 3.0, ""novelty_score_delta"": 0.15, ""min_snr_db"": 8.0, ""min_prominence_db"": 6.0, ""local_window_bins"": 5, ""neighbor_support_db"": 3.0, ""method"": ""periodogram:hann+interp+dc_notch+edge_notch+guards+novelty+prominence""}"
c0f7ac2f-1366-46a5-9129-7d1dbb3680b4,2025-08-20T17:21:01.916704,98191390.3439957,amplitude,1.0,critical,"Peak at 98.191390 MHz, SNR=29.2 dB, score=1.00",lite,de98de5a-1600-4516-81b4-2af79b0dde39,"{""peak_power"": 7620.3740234375, ""baseline_power"": 9.254716873168945, ""bin_index"": 622280, ""fft_size"": 1048576, ""interp_delta_bins"": -0.14387419560740583, ""freq_bin_hz"": 1.953125, ""dc_exclude_hz"": 5000.0, ""edge_exclude_hz"": 10000.0, ""novelty_enabled"": true, ""novelty_freq_tol_hz"": 5000.0, ""novelty_cooldown_s"": 3.0, ""novelty_score_delta"": 0.15, ""min_snr_db"": 8.0, ""min_prominence_db"": 6.0, ""local_window_bins"": 5, ""neighbor_support_db"": 3.0, ""method"": ""periodogram:hann+interp+dc_notch+edge_notch+guards+novelty+prominence""}"
34619bfa-35d5-4c78-a2b2-f9b9fb1c490c,2025-08-20T17:21:15.389391,98194993.73985955,amplitude,1.0,critical,"Peak at 98.194994 MHz, SNR=27.6 dB, score=1.00",lite,22f70442-7d8d-4a79-9143-457011903b2d,"{""peak_power"": 5364.75927734375, ""baseline_power"": 9.327335357666016, ""bin_index"": 624125, ""fft_size"": 1048576, ""interp_delta_bins"": -0.2051919087578063, ""freq_bin_hz"": 1.953125, ""dc_exclude_hz"": 5000.0, ""edge_exclude_hz"": 10000.0, ""novelty_enabled"": true, ""novelty_freq_tol_hz"": 5000.0, ""novelty_cooldown_s"": 3.0, ""novelty_score_delta"": 0.15, ""min_snr_db"": 8.0, ""min_prominence_db"": 6.0, ""local_window_bins"": 5, ""neighbor_support_db"": 3.0, ""method"": ""periodogram:hann+interp+dc_notch+edge_notch+guards+novelty+prominence""}"
0319aa00-16d7-471c-97f2-f0c2683f5da7,2025-08-20T17:21:21.924336,98214843.60215622,amplitude,1.0,critical,"Peak at 98.214844 MHz, SNR=28.4 dB, score=1.00",lite,37ce6504-0a1d-49b1-8021-6f5a4192bffe,"{""peak_power"": 6368.3701171875, ""baseline_power"": 9.266777038574219, ""bin_index"": 634288, ""fft_size"": 1048576, ""interp_delta_bins"": -0.07569601464950303, ""freq_bin_hz"": 1.953125, ""dc_exclude_hz"": 5000.0, ""edge_exclude_hz"": 10000.0, ""novelty_enabled"": true, ""novelty_freq_tol_hz"": 5000.0, ""novelty_cooldown_s"": 3.0, ""novelty_score_delta"": 0.15, ""min_snr_db"": 8.0, ""min_prominence_db"": 6.0, ""local_window_bins"": 5, ""neighbor_support_db"": 3.0, ""method"": ""periodogram:hann+interp+dc_notch+edge_notch+guards+novelty+prominence""}"
8781aab4-28f8-4ffe-8b51-e37a71aefb50,2025-08-20T17:21:28.864854,98206062.32166383,amplitude,1.0,critical,"Peak at 98.206062 MHz, SNR=28.9 dB, score=1.00",lite,ffec6daa-3eaf-4824-8806-7eda1fdbd1ed,"{""peak_power"": 7223.876953125, ""baseline_power"": 9.294669151306152, ""bin_index"": 629792, ""fft_size"": 1048576, ""interp_delta_bins"": -0.09130811941470053, ""freq_bin_hz"": 1.953125, ""dc_exclude_hz"": 5000.0, ""edge_exclude_hz"": 10000.0, ""novelty_enabled"": true, ""novelty_freq_tol_hz"": 5000.0, ""novelty_cooldown_s"": 3.0, ""novelty_score_delta"": 0.15, ""min_snr_db"": 8.0, ""min_prominence_db"": 6.0, ""local_window_bins"": 5, ""neighbor_support_db"": 3.0, ""method"": ""periodogram:hann+interp+dc_notch+edge_notch+guards+novelty+prominence""}"
b9d48960-4cc6-4cfe-a982-8ae85b7e15bb,2025-08-20T17:21:41.932254,98196731.13908516,amplitude,1.0,critical,"Peak at 98.196731 MHz, SNR=28.0 dB, score=1.00",lite,100799fe-5b89-43e1-8a95-34f3f2f96044,"{""peak_power"": 5928.2431640625, ""baseline_power"": 9.309038162231445, ""bin_index"": 625014, ""fft_size"": 1048576, ""interp_delta_bins"": 0.3432116017404567, ""freq_bin_hz"": 1.953125, ""dc_exclude_hz"": 5000.0, ""edge_exclude_hz"": 10000.0, ""novelty_enabled"": true, ""novelty_freq_tol_hz"": 5000.0, ""novelty_cooldown_s"": 3.0, ""novelty_score_delta"": 0.15, ""min_snr_db"": 8.0, ""min_prominence_db"": 6.0, ""local_window_bins"": 5, ""neighbor_support_db"": 3.0, ""method"": ""periodogram:hann+interp+dc_notch+edge_notch+guards+novelty+prominence""}"
b46ea2a7-eb8d-4876-a0a3-468fd9ccd7b2,2025-08-20T17:22:08.946684,98189719.83338743,amplitude,1.0,critical,"Peak at 98.189720 MHz, SNR=28.8 dB, score=1.00",lite,13b4f12a-356c-4ff8-9ec7-1ca8945528ca,"{""peak_power"": 7071.4169921875, ""baseline_power"": 9.329116821289062, ""bin_index"": 621425, ""fft_size"": 1048576, ""interp_delta_bins"": -0.4453056297513135, ""freq_bin_hz"": 1.953125, ""dc_exclude_hz"": 5000.0, ""edge_exclude_hz"": 10000.0, ""novelty_enabled"": true, ""novelty_freq_tol_hz"": 5000.0, ""novelty_cooldown_s"": 3.0, ""novelty_score_delta"": 0.15, ""min_snr_db"": 8.0, ""min_prominence_db"": 6.0, ""local_window_bins"": 5, ""neighbor_support_db"": 3.0, ""method"": ""periodogram:hann+interp+dc_notch+edge_notch+guards+novelty+prominence""}"
b92d11ec-012d-4bb4-b4ca-e917fbf62063,2025-08-20T17:22:28.976795,98184946.42295517,amplitude,1.0,critical,"Peak at 98.184946 MHz, SNR=27.4 dB, score=1.00",lite,0df06f13-ba38-439f-844b-7d9502626da5,"{""peak_power"": 5127.18408203125, ""baseline_power"": 9.27857780456543, ""bin_index"": 618981, ""fft_size"": 1048576, ""interp_delta_bins"": -0.43144695412923156, ""freq_bin_hz"": 1.953125, ""dc_exclude_hz"": 5000.0, ""edge_exclude_hz"": 10000.0, ""novelty_enabled"": true, ""novelty_freq_tol_hz"": 5000.0, ""novelty_cooldown_s"": 3.0, ""novelty_score_delta"": 0.15, ""min_snr_db"": 8.0, ""min_prominence_db"": 6.0, ""local_window_bins"": 5, ""neighbor_support_db"": 3.0, ""method"": ""periodogram:hann+interp+dc_notch+edge_notch+guards+novelty+prominence""}"
7688648d-8e2c-40ee-82c2-677bb006c8b2,2025-08-20T17:22:42.048937,98167344.9802427,amplitude,1.0,critical,"Peak at 98.167345 MHz, SNR=27.7 dB, score=1.00",lite,65af7359-2a75-43f0-b667-93f368982650,"{""peak_power"": 5437.52880859375, ""baseline_power"": 9.318267822265625, ""bin_index"": 609969, ""fft_size"": 1048576, ""interp_delta_bins"": -0.3701157398955785, ""freq_bin_hz"": 1.953125, ""dc_exclude_hz"": 5000.0, ""edge_exclude_hz"": 10000.0, ""novelty_enabled"": true, ""novelty_freq_tol_hz"": 5000.0, ""novelty_cooldown_s"": 3.0, ""novelty_score_delta"": 0.15, ""min_snr_db"": 8.0, ""min_prominence_db"": 6.0, ""local_window_bins"": 5, ""neighbor_support_db"": 3.0, ""method"": ""periodogram:hann+interp+dc_notch+edge_notch+guards+novelty+prominence""}"
d6d5e55e-d4ab-4135-b1c4-fc7f4606a7e3,2025-08-20T17:22:49.035357,98195042.2240431,amplitude,1.0,critical,"Peak at 98.195042 MHz, SNR=27.6 dB, score=1.00",lite,08562cff-64a3-43e0-ba44-5aa591edf0c1,"{""peak_power"": 5389.80029296875, ""baseline_power"": 9.313055038452148, ""bin_index"": 624150, ""fft_size"": 1048576, ""interp_delta_bins"": -0.3812899297405368, ""freq_bin_hz"": 1.953125, ""dc_exclude_hz"": 5000.0, ""edge_exclude_hz"": 10000.0, ""novelty_enabled"": true, ""novelty_freq_tol_hz"": 5000.0, ""novelty_cooldown_s"": 3.0, ""novelty_score_delta"": 0.15, ""min_snr_db"": 8.0, ""min_prominence_db"": 6.0, ""local_window_bins"": 5, ""neighbor_support_db"": 3.0, ""method"": ""periodogram:hann+interp+dc_notch+edge_notch+guards+novelty+prominence""}"
268cbe55-1f25-493d-88ec-1fc07a66f15f,2025-08-20T17:22:55.570372,98189886.2475298,amplitude,1.0,critical,"Peak at 98.189886 MHz, SNR=27.9 dB, score=1.00",lite,7f47898c-5bdc-4cde-867d-961689c92bd2,"{""peak_power"": 5734.6943359375, ""baseline_power"": 9.292078971862793, ""bin_index"": 621510, ""fft_size"": 1048576, ""interp_delta_bins"": -0.24126473906580603, ""freq_bin_hz"": 1.953125, ""dc_exclude_hz"": 5000.0, ""edge_exclude_hz"": 10000.0, ""novelty_enabled"": true, ""novelty_freq_tol_hz"": 5000.0, ""novelty_cooldown_s"": 3.0, ""novelty_score_delta"": 0.15, ""min_snr_db"": 8.0, ""min_prominence_db"": 6.0, ""local_window_bins"": 5, ""neighbor_support_db"": 3.0, ""method"": ""periodogram:hann+interp+dc_notch+edge_notch+guards+novelty+prominence""}"
44d6d84d-d0eb-4716-935b-c5c4752990e2,2025-08-20T17:23:02.107098,98187020.07427214,amplitude,1.0,critical,"Peak at 98.187020 MHz, SNR=27.8 dB, score=1.00",lite,e7b2d59a-f757-4000-82a6-4ba9e12f01d0,"{""peak_power"": 5584.4443359375, ""baseline_power"": 9.35434341430664, ""bin_index"": 620042, ""fft_size"": 1048576, ""interp_delta_bins"": 0.2780273377303828, ""freq_bin_hz"": 1.953125, ""dc_exclude_hz"": 5000.0, ""edge_exclude_hz"": 10000.0, ""novelty_enabled"": true, ""novelty_freq_tol_hz"": 5000.0, ""novelty_cooldown_s"": 3.0, ""novelty_score_delta"": 0.15, ""min_snr_db"": 8.0, ""min_prominence_db"": 6.0, ""local_window_bins"": 5, ""neighbor_support_db"": 3.0, ""method"": ""periodogram:hann+interp+dc_notch+edge_notch+guards+novelty+prominence""}"
de387429-32c4-4ff2-9216-2a6e6452340b,2025-08-20T17:23:15.618881,98206221.43225427,amplitude,1.0,critical,"Peak at 98.206221 MHz, SNR=27.9 dB, score=1.00",lite,f2610706-fe52-462b-b4bd-ec3bbfbb1c27,"{""peak_power"": 5728.40234375, ""baseline_power"": 9.343694686889648, ""bin_index"": 629873, ""fft_size"": 1048576, ""interp_delta_bins"": 0.37331418561909174, ""freq_bin_hz"": 1.953125, ""dc_exclude_hz"": 5000.0, ""edge_exclude_hz"": 10000.0, ""novelty_enabled"": true, ""novelty_freq_tol_hz"": 5000.0, ""novelty_cooldown_s"": 3.0, ""novelty_score_delta"": 0.15, ""min_snr_db"": 8.0, ""min_prominence_db"": 6.0, ""local_window_bins"": 5, ""neighbor_support_db"": 3.0, ""method"": ""periodogram:hann+interp+dc_notch+edge_notch+guards+novelty+prominence""}"
97818474-f488-4a69-9dad-dfc9b452d31b,2025-08-20T17:23:42.219426,98200304.19380628,amplitude,1.0,critical,"Peak at 98.200304 MHz, SNR=27.8 dB, score=1.00",lite,d2f97245-ab74-4d51-a1f5-6f44d695c9be,"{""peak_power"": 5604.96826171875, ""baseline_power"": 9.334271430969238, ""bin_index"": 626844, ""fft_size"": 1048576, ""interp_delta_bins"": -0.25277118876014965, ""freq_bin_hz"": 1.953125, ""dc_exclude_hz"": 5000.0, ""edge_exclude_hz"": 10000.0, ""novelty_enabled"": true, ""novelty_freq_tol_hz"": 5000.0, ""novelty_cooldown_s"": 3.0, ""novelty_score_delta"": 0.15, ""min_snr_db"": 8.0, ""min_prominence_db"": 6.0, ""local_window_bins"": 5, ""neighbor_support_db"": 3.0, ""method"": ""periodogram:hann+interp+dc_notch+edge_notch+guards+novelty+prominence""}"
aa736a4f-c39d-4ad3-80c4-ae7a3bd49ea8,2025-08-20T17:24:02.248418,98181429.38265325,amplitude,1.0,critical,"Peak at 98.181429 MHz, SNR=26.9 dB, score=1.00",lite,3f2af11e-cb3b-474a-be77-04990495475b,"{""peak_power"": 4554.58203125, ""baseline_power"": 9.288396835327148, ""bin_index"": 617180, ""fft_size"": 1048576, ""interp_delta_bins"": -0.15608153579862552, ""freq_bin_hz"": 1.953125, ""dc_exclude_hz"": 5000.0, ""edge_exclude_hz"": 10000.0, ""novelty_enabled"": true, ""novelty_freq_tol_hz"": 5000.0, ""novelty_cooldown_s"": 3.0, ""novelty_score_delta"": 0.15, ""min_snr_db"": 8.0, ""min_prominence_db"": 6.0, ""local_window_bins"": 5, ""neighbor_support_db"": 3.0, ""method"": ""periodogram:hann+interp+dc_notch+edge_notch+guards+novelty+prominence""}"
8c4c2c46-1e6c-4e71-a079-50ce79905ec8,2025-08-20T17:24:09.242266,98178981.77264892,amplitude,1.0,critical,"Peak at 98.178982 MHz, SNR=29.4 dB, score=1.00",lite,b4be84d7-bc8a-40d6-9592-69a43661ec1e,"{""peak_power"": 8149.548828125, ""baseline_power"": 9.355369567871094, ""bin_index"": 615927, ""fft_size"": 1048576, ""interp_delta_bins"": -0.3324037556625484, ""freq_bin_hz"": 1.953125, ""dc_exclude_hz"": 5000.0, ""edge_exclude_hz"": 10000.0, ""novelty_enabled"": true, ""novelty_freq_tol_hz"": 5000.0, ""novelty_cooldown_s"": 3.0, ""novelty_score_delta"": 0.15, ""min_snr_db"": 8.0, ""min_prominence_db"": 6.0, ""local_window_bins"": 5, ""neighbor_support_db"": 3.0, ""method"": ""periodogram:hann+interp+dc_notch+edge_notch+guards+novelty+prominence""}"
901b9f17-9f58-4887-bd33-a61791bd1ea4,2025-08-20T17:24:15.766042,98177416.12588516,amplitude,1.0,critical,"Peak at 98.177416 MHz, SNR=27.7 dB, score=1.00",lite,1fae015b-577b-4042-b885-8c41c1a1ab46,"{""peak_power"": 5509.5224609375, ""baseline_power"": 9.410298347473145, ""bin_index"": 615125, ""fft_size"": 1048576, ""interp_delta_bins"": 0.056453197537426725, ""freq_bin_hz"": 1.953125, ""dc_exclude_hz"": 5000.0, ""edge_exclude_hz"": 10000.0, ""novelty_enabled"": true, ""novelty_freq_tol_hz"": 5000.0, ""novelty_cooldown_s"": 3.0, ""novelty_score_delta"": 0.15, ""min_snr_db"": 8.0, ""min_prominence_db"": 6.0, ""local_window_bins"": 5, ""neighbor_support_db"": 3.0, ""method"": ""periodogram:hann+interp+dc_notch+edge_notch+guards+novelty+prominence""}"
4679b693-dd9a-4892-aec1-99e057ef5a4f,2025-08-20T17:24:22.308382,98198006.66937949,amplitude,1.0,critical,"Peak at 98.198007 MHz, SNR=28.4 dB, score=1.00",lite,41e51aa5-cbfa-423d-907f-f650400ae961,"{""peak_power"": 6518.3203125, ""baseline_power"": 9.322639465332031, ""bin_index"": 625667, ""fft_size"": 1048576, ""interp_delta_bins"": 0.4147222985694309, ""freq_bin_hz"": 1.953125, ""dc_exclude_hz"": 5000.0, ""edge_exclude_hz"": 10000.0, ""novelty_enabled"": true, ""novelty_freq_tol_hz"": 5000.0, ""novelty_cooldown_s"": 3.0, ""novelty_score_delta"": 0.15, ""min_snr_db"": 8.0, ""min_prominence_db"": 6.0, ""local_window_bins"": 5, ""neighbor_support_db"": 3.0, ""method"": ""periodogram:hann+interp+dc_notch+edge_notch+guards+novelty+prominence""}"
0bf7c707-c8f5-4a81-885d-8c47f393e3b5,2025-08-20T17:24:29.302351,98187613.10090357,amplitude,1.0,critical,"Peak at 98.187613 MHz, SNR=26.8 dB, score=1.00",lite,93fcd6a5-0acc-46ad-ba3d-baf53b4c7c20,"{""peak_power"": 4473.99462890625, ""baseline_power"": 9.26048469543457, ""bin_index"": 620346, ""fft_size"": 1048576, ""interp_delta_bins"": -0.09233737344491134, ""freq_bin_hz"": 1.953125, ""dc_exclude_hz"": 5000.0, ""edge_exclude_hz"": 10000.0, ""novelty_enabled"": true, ""novelty_freq_tol_hz"": 5000.0, ""novelty_cooldown_s"": 3.0, ""novelty_score_delta"": 0.15, ""min_snr_db"": 8.0, ""min_prominence_db"": 6.0, ""local_window_bins"": 5, ""neighbor_support_db"": 3.0, ""method"": ""periodogram:hann+interp+dc_notch+edge_notch+guards+novelty+prominence""}"
8a2466f3-3cc6-42bd-8991-8ae790ed9faa,2025-08-20T17:24:35.844029,98200256.1600118,amplitude,1.0,critical,"Peak at 98.200256 MHz, SNR=26.7 dB, score=1.00",lite,7efb5858-ec62-404d-bd4d-4277e6bae252,"{""peak_power"": 4329.783203125, ""baseline_power"": 9.21275520324707, ""bin_index"": 626819, ""fft_size"": 1048576, ""interp_delta_bins"": 0.15392603933997073, ""freq_bin_hz"": 1.953125, ""dc_exclude_hz"": 5000.0, ""edge_exclude_hz"": 10000.0, ""novelty_enabled"": true, ""novelty_freq_tol_hz"": 5000.0, ""novelty_cooldown_s"": 3.0, ""novelty_score_delta"": 0.15, ""min_snr_db"": 8.0, ""min_prominence_db"": 6.0, ""local_window_bins"": 5, ""neighbor_support_db"": 3.0, ""method"": ""periodogram:hann+interp+dc_notch+edge_notch+guards+novelty+prominence""}"
249d4795-e62a-459d-8835-7fba8d148f35,2025-08-20T17:24:42.377143,98189718.77905266,amplitude,1.0,critical,"Peak at 98.189719 MHz, SNR=29.0 dB, score=1.00",lite,fd14ff34-4d48-4335-b3fb-502702c602a1,"{""peak_power"": 7466.23095703125, ""baseline_power"": 9.450742721557617, ""bin_index"": 621424, ""fft_size"": 1048576, ""interp_delta_bins"": 0.014874962074568943, ""freq_bin_hz"": 1.953125, ""dc_exclude_hz"": 5000.0, ""edge_exclude_hz"": 10000.0, ""novelty_enabled"": true, ""novelty_freq_tol_hz"": 5000.0, ""novelty_cooldown_s"": 3.0, ""novelty_score_delta"": 0.15, ""min_snr_db"": 8.0, ""min_prominence_db"": 6.0, ""local_window_bins"": 5, ""neighbor_support_db"": 3.0, ""method"": ""periodogram:hann+interp+dc_notch+edge_notch+guards+novelty+prominence""}"
1b3c2767-ef03-45ef-8201-a4d4957de58e,2025-08-20T17:33:46.692809,98204484.294782,amplitude,1.0,critical,"Peak at 98.204484 MHz, SNR=27.6 dB, score=1.00",lite,82913a5c-406e-41ee-93d4-dc815147fc54,"{""peak_power"": 5456.162109375, ""baseline_power"": 9.411368370056152, ""bin_index"": 628984, ""fft_size"": 1048576, ""interp_delta_bins"": -0.0410716153495312, ""freq_bin_hz"": 1.953125, ""dc_exclude_hz"": 5000.0, ""edge_exclude_hz"": 10000.0, ""novelty_enabled"": true, ""novelty_freq_tol_hz"": 5000.0, ""novelty_cooldown_s"": 3.0, ""novelty_score_delta"": 0.15, ""min_snr_db"": 8.0, ""min_prominence_db"": 6.0, ""local_window_bins"": 5, ""neighbor_support_db"": 3.0, ""method"": ""periodogram:hann+interp+dc_notch+edge_notch+guards+novelty+prominence""}"
65bbac3f-9517-4bd8-b8fb-f06b0a1eca21,2025-08-20T17:33:53.923454,98199170.42988214,amplitude,1.0,critical,"Peak at 98.199170 MHz, SNR=27.9 dB, score=1.00",lite,7cbf28f9-3d61-4b73-8c5d-2b7c47a623f1,"{""peak_power"": 5806.4609375, ""baseline_power"": 9.403982162475586, ""bin_index"": 626263, ""fft_size"": 1048576, ""interp_delta_bins"": 0.26009965155438597, ""freq_bin_hz"": 1.953125, ""dc_exclude_hz"": 5000.0, ""edge_exclude_hz"": 10000.0, ""novelty_enabled"": true, ""novelty_freq_tol_hz"": 5000.0, ""novelty_cooldown_s"": 3.0, ""novelty_score_delta"": 0.15, ""min_snr_db"": 8.0, ""min_prominence_db"": 6.0, ""local_window_bins"": 5, ""neighbor_support_db"": 3.0, ""method"": ""periodogram:hann+interp+dc_notch+edge_notch+guards+novelty+prominence""}"
