id,timestamp,frequency_hz,anomaly_type,confidence_score,severity,description,detection_mode,spectrum_data_id,metadata
a9306abd-f058-466c-9f7d-acf686f1aeca,2025-08-25T17:53:32.953195,98191485.7645782,amplitude,1.0,critical,"Peak at 98.191486 MHz, SNR=25.8 dB, score=1.00",lite,8cc92e7f-9407-4a6b-b8f2-83e881e45881,"{""peak_power"": 3219.99462890625, ""baseline_power"": 8.407029151916504, ""bin_index"": 622329, ""fft_size"": 1048576, ""interp_delta_bins"": -0.2885359639137229, ""freq_bin_hz"": 1.953125, ""dc_exclude_hz"": 5000.0, ""edge_exclude_hz"": 10000.0, ""novelty_enabled"": true, ""novelty_freq_tol_hz"": 5000.0, ""novelty_cooldown_s"": 3.0, ""novelty_score_delta"": 0.15, ""min_snr_db"": 8.0, ""min_prominence_db"": 6.0, ""local_window_bins"": 5, ""neighbor_support_db"": 3.0, ""method"": ""periodogram:hann+interp+dc_notch+edge_notch+guards+novelty+prominence""}"
50ba92a4-1e25-4ca3-97ec-4e7e410db816,2025-08-25T17:53:39.500727,98194161.53254932,amplitude,1.0,critical,"Peak at 98.194162 MHz, SNR=26.3 dB, score=1.00",lite,2bfb93e1-6f9f-48ed-87af-121f5df50816,"{""peak_power"": 3781.2998046875, ""baseline_power"": 8.848729133605957, ""bin_index"": 623699, ""fft_size"": 1048576, ""interp_delta_bins"": -0.2953347488192338, ""freq_bin_hz"": 1.953125, ""dc_exclude_hz"": 5000.0, ""edge_exclude_hz"": 10000.0, ""novelty_enabled"": true, ""novelty_freq_tol_hz"": 5000.0, ""novelty_cooldown_s"": 3.0, ""novelty_score_delta"": 0.15, ""min_snr_db"": 8.0, ""min_prominence_db"": 6.0, ""local_window_bins"": 5, ""neighbor_support_db"": 3.0, ""method"": ""periodogram:hann+interp+dc_notch+edge_notch+guards+novelty+prominence""}"
ec2fe300-5bb4-486f-a02c-d0b7d4939f90,2025-08-25T17:53:58.334479,98183675.6871401,amplitude,1.0,critical,"Peak at 98.183676 MHz, SNR=31.3 dB, score=1.00",lite,2a9c4815-73e7-4d69-b3b5-88671eeb43d2,"{""peak_power"": 12611.3076171875, ""baseline_power"": 9.350579261779785, ""bin_index"": 618330, ""fft_size"": 1048576, ""interp_delta_bins"": -0.048184264802052415, ""freq_bin_hz"": 1.953125, ""dc_exclude_hz"": 5000.0, ""edge_exclude_hz"": 10000.0, ""novelty_enabled"": true, ""novelty_freq_tol_hz"": 5000.0, ""novelty_cooldown_s"": 3.0, ""novelty_score_delta"": 0.15, ""min_snr_db"": 8.0, ""min_prominence_db"": 6.0, ""local_window_bins"": 5, ""neighbor_support_db"": 3.0, ""method"": ""periodogram:hann+interp+dc_notch+edge_notch+guards+novelty+prominence""}"
a88108b8-52d9-4640-a671-0031f06fd839,2025-08-25T17:54:05.740370,98194760.80287158,amplitude,1.0,critical,"Peak at 98.194761 MHz, SNR=33.7 dB, score=1.00",lite,27358b5d-8bfb-4606-92c4-ab3e01ef8814,"{""peak_power"": 21547.099609375, ""baseline_power"": 9.258545875549316, ""bin_index"": 624006, ""fft_size"": 1048576, ""interp_delta_bins"": -0.46892975110483953, ""freq_bin_hz"": 1.953125, ""dc_exclude_hz"": 5000.0, ""edge_exclude_hz"": 10000.0, ""novelty_enabled"": true, ""novelty_freq_tol_hz"": 5000.0, ""novelty_cooldown_s"": 3.0, ""novelty_score_delta"": 0.15, ""min_snr_db"": 8.0, ""min_prominence_db"": 6.0, ""local_window_bins"": 5, ""neighbor_support_db"": 3.0, ""method"": ""periodogram:hann+interp+dc_notch+edge_notch+guards+novelty+prominence""}"
e55fe1e2-ba88-4373-916c-6dacdc1321e1,2025-08-25T17:54:12.304254,98202348.43909249,amplitude,1.0,critical,"Peak at 98.202348 MHz, SNR=31.7 dB, score=1.00",lite,7aa91216-39e7-4004-9e97-eb30f2da064e,"{""peak_power"": 13881.791015625, ""baseline_power"": 9.281686782836914, ""bin_index"": 627890, ""fft_size"": 1048576, ""interp_delta_bins"": 0.4008153501365254, ""freq_bin_hz"": 1.953125, ""dc_exclude_hz"": 5000.0, ""edge_exclude_hz"": 10000.0, ""novelty_enabled"": true, ""novelty_freq_tol_hz"": 5000.0, ""novelty_cooldown_s"": 3.0, ""novelty_score_delta"": 0.15, ""min_snr_db"": 8.0, ""min_prominence_db"": 6.0, ""local_window_bins"": 5, ""neighbor_support_db"": 3.0, ""method"": ""periodogram:hann+interp+dc_notch+edge_notch+guards+novelty+prominence""}"
a39e84a6-06fe-450c-9631-1356d683bb6e,2025-08-25T17:54:18.856097,98204933.18575785,amplitude,1.0,critical,"Peak at 98.204933 MHz, SNR=31.1 dB, score=1.00",lite,2119b9c5-424e-409b-9b7f-636c6d1ea05b,"{""peak_power"": 11940.4970703125, ""baseline_power"": 9.309503555297852, ""bin_index"": 629214, ""fft_size"": 1048576, ""interp_delta_bins"": -0.20889198363504993, ""freq_bin_hz"": 1.953125, ""dc_exclude_hz"": 5000.0, ""edge_exclude_hz"": 10000.0, ""novelty_enabled"": true, ""novelty_freq_tol_hz"": 5000.0, ""novelty_cooldown_s"": 3.0, ""novelty_score_delta"": 0.15, ""min_snr_db"": 8.0, ""min_prominence_db"": 6.0, ""local_window_bins"": 5, ""neighbor_support_db"": 3.0, ""method"": ""periodogram:hann+interp+dc_notch+edge_notch+guards+novelty+prominence""}"
10bffce3-e219-41c8-8a0f-3d0396741ad5,2025-08-25T17:54:25.745635,98185860.68233761,amplitude,1.0,critical,"Peak at 98.185861 MHz, SNR=29.4 dB, score=1.00",lite,88fb05f9-d1a3-44a4-b956-a4dd204ab7f5,"{""peak_power"": 8168.501953125, ""baseline_power"": 9.480389595031738, ""bin_index"": 619449, ""fft_size"": 1048576, ""interp_delta_bins"": -0.3306431443680768, ""freq_bin_hz"": 1.953125, ""dc_exclude_hz"": 5000.0, ""edge_exclude_hz"": 10000.0, ""novelty_enabled"": true, ""novelty_freq_tol_hz"": 5000.0, ""novelty_cooldown_s"": 3.0, ""novelty_score_delta"": 0.15, ""min_snr_db"": 8.0, ""min_prominence_db"": 6.0, ""local_window_bins"": 5, ""neighbor_support_db"": 3.0, ""method"": ""periodogram:hann+interp+dc_notch+edge_notch+guards+novelty+prominence""}"
1e089cb0-c800-47fd-b7c5-b390eaf68a1d,2025-08-25T17:54:38.865582,98193618.77977096,amplitude,1.0,critical,"Peak at 98.193619 MHz, SNR=28.2 dB, score=1.00",lite,4fa0c986-da1a-4fe6-983f-fd05f1e4cae3,"{""peak_power"": 6247.71044921875, ""baseline_power"": 9.522031784057617, ""bin_index"": 623421, ""fft_size"": 1048576, ""interp_delta_bins"": -0.18475726913749618, ""freq_bin_hz"": 1.953125, ""dc_exclude_hz"": 5000.0, ""edge_exclude_hz"": 10000.0, ""novelty_enabled"": true, ""novelty_freq_tol_hz"": 5000.0, ""novelty_cooldown_s"": 3.0, ""novelty_score_delta"": 0.15, ""min_snr_db"": 8.0, ""min_prominence_db"": 6.0, ""local_window_bins"": 5, ""neighbor_support_db"": 3.0, ""method"": ""periodogram:hann+interp+dc_notch+edge_notch+guards+novelty+prominence""}"
6b8aee35-6e56-4004-ace6-208921bc1486,2025-08-25T17:54:52.301300,98185804.70125417,amplitude,1.0,critical,"Peak at 98.185805 MHz, SNR=30.4 dB, score=1.00",lite,afbd1237-5f40-4e76-aac0-fbf433e9db9b,"{""peak_power"": 10248.009765625, ""baseline_power"": 9.375694274902344, ""bin_index"": 619420, ""fft_size"": 1048576, ""interp_delta_bins"": 0.00704213915380649, ""freq_bin_hz"": 1.953125, ""dc_exclude_hz"": 5000.0, ""edge_exclude_hz"": 10000.0, ""novelty_enabled"": true, ""novelty_freq_tol_hz"": 5000.0, ""novelty_cooldown_s"": 3.0, ""novelty_score_delta"": 0.15, ""min_snr_db"": 8.0, ""min_prominence_db"": 6.0, ""local_window_bins"": 5, ""neighbor_support_db"": 3.0, ""method"": ""periodogram:hann+interp+dc_notch+edge_notch+guards+novelty+prominence""}"
f2bf2b9e-bf61-45f9-b7af-cfaa63af1a10,2025-08-25T17:55:05.424236,98209460.78532402,amplitude,1.0,critical,"Peak at 98.209461 MHz, SNR=30.3 dB, score=1.00",lite,4d7a258f-2e4b-4d95-88a3-fce2defb6eec,"{""peak_power"": 10075.3046875, ""baseline_power"": 9.495323181152344, ""bin_index"": 631532, ""fft_size"": 1048576, ""interp_delta_bins"": -0.0779141026731731, ""freq_bin_hz"": 1.953125, ""dc_exclude_hz"": 5000.0, ""edge_exclude_hz"": 10000.0, ""novelty_enabled"": true, ""novelty_freq_tol_hz"": 5000.0, ""novelty_cooldown_s"": 3.0, ""novelty_score_delta"": 0.15, ""min_snr_db"": 8.0, ""min_prominence_db"": 6.0, ""local_window_bins"": 5, ""neighbor_support_db"": 3.0, ""method"": ""periodogram:hann+interp+dc_notch+edge_notch+guards+novelty+prominence""}"
2ad07142-5823-4a0a-a43b-675b85cc8452,2025-08-25T17:55:52.539464,98188594.41884784,amplitude,1.0,critical,"Peak at 98.188594 MHz, SNR=31.3 dB, score=1.00",lite,d58a076c-8973-4e83-84ee-d76dadde12a2,"{""peak_power"": 12777.73828125, ""baseline_power"": 9.42418098449707, ""bin_index"": 620848, ""fft_size"": 1048576, ""interp_delta_bins"": 0.342450095846835, ""freq_bin_hz"": 1.953125, ""dc_exclude_hz"": 5000.0, ""edge_exclude_hz"": 10000.0, ""novelty_enabled"": true, ""novelty_freq_tol_hz"": 5000.0, ""novelty_cooldown_s"": 3.0, ""novelty_score_delta"": 0.15, ""min_snr_db"": 8.0, ""min_prominence_db"": 6.0, ""local_window_bins"": 5, ""neighbor_support_db"": 3.0, ""method"": ""periodogram:hann+interp+dc_notch+edge_notch+guards+novelty+prominence""}"
4a232476-892e-4f34-a293-cb369549580c,2025-08-25T17:55:59.098691,98187453.18140486,amplitude,1.0,critical,"Peak at 98.187453 MHz, SNR=31.4 dB, score=1.00",lite,ce50f5a7-4f0d-4c1b-9892-34cc0d5c591a,"{""peak_power"": 12933.615234375, ""baseline_power"": 9.446769714355469, ""bin_index"": 620264, ""fft_size"": 1048576, ""interp_delta_bins"": 0.02887929050962025, ""freq_bin_hz"": 1.953125, ""dc_exclude_hz"": 5000.0, ""edge_exclude_hz"": 10000.0, ""novelty_enabled"": true, ""novelty_freq_tol_hz"": 5000.0, ""novelty_cooldown_s"": 3.0, ""novelty_score_delta"": 0.15, ""min_snr_db"": 8.0, ""min_prominence_db"": 6.0, ""local_window_bins"": 5, ""neighbor_support_db"": 3.0, ""method"": ""periodogram:hann+interp+dc_notch+edge_notch+guards+novelty+prominence""}"
f412169b-ea0c-4cf5-a2a2-d0e70fbe9d6e,2025-08-25T17:56:05.638168,98192895.77531002,amplitude,1.0,critical,"Peak at 98.192896 MHz, SNR=31.5 dB, score=1.00",lite,5a39873d-3d0a-4539-bef4-071e657d53c8,"{""peak_power"": 13301.021484375, ""baseline_power"": 9.3391752243042, ""bin_index"": 623051, ""fft_size"": 1048576, ""interp_delta_bins"": -0.3630412695018755, ""freq_bin_hz"": 1.953125, ""dc_exclude_hz"": 5000.0, ""edge_exclude_hz"": 10000.0, ""novelty_enabled"": true, ""novelty_freq_tol_hz"": 5000.0, ""novelty_cooldown_s"": 3.0, ""novelty_score_delta"": 0.15, ""min_snr_db"": 8.0, ""min_prominence_db"": 6.0, ""local_window_bins"": 5, ""neighbor_support_db"": 3.0, ""method"": ""periodogram:hann+interp+dc_notch+edge_notch+guards+novelty+prominence""}"
53dc733f-d885-4cc7-8e07-f2efd79a3058,2025-08-25T17:56:19.215490,98193900.50987063,amplitude,1.0,critical,"Peak at 98.193901 MHz, SNR=31.8 dB, score=1.00",lite,2c7e6501-ea1d-41b5-a178-24141f084e63,"{""peak_power"": 14183.44140625, ""baseline_power"": 9.444585800170898, ""bin_index"": 623565, ""fft_size"": 1048576, ""interp_delta_bins"": 0.06105376172729898, ""freq_bin_hz"": 1.953125, ""dc_exclude_hz"": 5000.0, ""edge_exclude_hz"": 10000.0, ""novelty_enabled"": true, ""novelty_freq_tol_hz"": 5000.0, ""novelty_cooldown_s"": 3.0, ""novelty_score_delta"": 0.15, ""min_snr_db"": 8.0, ""min_prominence_db"": 6.0, ""local_window_bins"": 5, ""neighbor_support_db"": 3.0, ""method"": ""periodogram:hann+interp+dc_notch+edge_notch+guards+novelty+prominence""}"
ee75f2dd-c43a-43dc-9d95-ffadb9173638,2025-08-25T17:56:25.769951,98209037.47341983,amplitude,1.0,critical,"Peak at 98.209037 MHz, SNR=31.1 dB, score=1.00",lite,a7bde4fb-4a55-4aa0-a7a0-97be1d8633e4,"{""peak_power"": 12191.8828125, ""baseline_power"": 9.409536361694336, ""bin_index"": 631315, ""fft_size"": 1048576, ""interp_delta_bins"": 0.18639095268019748, ""freq_bin_hz"": 1.953125, ""dc_exclude_hz"": 5000.0, ""edge_exclude_hz"": 10000.0, ""novelty_enabled"": true, ""novelty_freq_tol_hz"": 5000.0, ""novelty_cooldown_s"": 3.0, ""novelty_score_delta"": 0.15, ""min_snr_db"": 8.0, ""min_prominence_db"": 6.0, ""local_window_bins"": 5, ""neighbor_support_db"": 3.0, ""method"": ""periodogram:hann+interp+dc_notch+edge_notch+guards+novelty+prominence""}"
a8afbac8-3a25-4e7c-8c06-617469153a22,2025-08-25T17:56:45.904686,98190174.11284749,amplitude,1.0,critical,"Peak at 98.190174 MHz, SNR=33.1 dB, score=1.00",lite,11cec05b-41c5-4e6c-b11a-57f4b21831d2,"{""peak_power"": 19127.435546875, ""baseline_power"": 9.38528060913086, ""bin_index"": 621657, ""fft_size"": 1048576, ""interp_delta_bins"": 0.14577791747001953, ""freq_bin_hz"": 1.953125, ""dc_exclude_hz"": 5000.0, ""edge_exclude_hz"": 10000.0, ""novelty_enabled"": true, ""novelty_freq_tol_hz"": 5000.0, ""novelty_cooldown_s"": 3.0, ""novelty_score_delta"": 0.15, ""min_snr_db"": 8.0, ""min_prominence_db"": 6.0, ""local_window_bins"": 5, ""neighbor_support_db"": 3.0, ""method"": ""periodogram:hann+interp+dc_notch+edge_notch+guards+novelty+prominence""}"
0d61c91f-8b95-4016-8350-a6f590e02de7,2025-08-25T17:56:52.956269,98192649.11207034,amplitude,1.0,critical,"Peak at 98.192649 MHz, SNR=32.1 dB, score=1.00",lite,bf224aed-cb09-4403-a973-c361d1a2070e,"{""peak_power"": 15181.66015625, ""baseline_power"": 9.449930191040039, ""bin_index"": 622924, ""fft_size"": 1048576, ""interp_delta_bins"": 0.34538001495585524, ""freq_bin_hz"": 1.953125, ""dc_exclude_hz"": 5000.0, ""edge_exclude_hz"": 10000.0, ""novelty_enabled"": true, ""novelty_freq_tol_hz"": 5000.0, ""novelty_cooldown_s"": 3.0, ""novelty_score_delta"": 0.15, ""min_snr_db"": 8.0, ""min_prominence_db"": 6.0, ""local_window_bins"": 5, ""neighbor_support_db"": 3.0, ""method"": ""periodogram:hann+interp+dc_notch+edge_notch+guards+novelty+prominence""}"
d307c1f4-595e-4b8f-884f-b9e87afc3516,2025-08-25T17:56:59.479993,98207392.83541425,amplitude,1.0,critical,"Peak at 98.207393 MHz, SNR=31.2 dB, score=1.00",lite,d776266b-5d00-43dd-ad37-62c53bad4e42,"{""peak_power"": 12424.7646484375, ""baseline_power"": 9.372726440429688, ""bin_index"": 630473, ""fft_size"": 1048576, ""interp_delta_bins"": 0.13173209578245484, ""freq_bin_hz"": 1.953125, ""dc_exclude_hz"": 5000.0, ""edge_exclude_hz"": 10000.0, ""novelty_enabled"": true, ""novelty_freq_tol_hz"": 5000.0, ""novelty_cooldown_s"": 3.0, ""novelty_score_delta"": 0.15, ""min_snr_db"": 8.0, ""min_prominence_db"": 6.0, ""local_window_bins"": 5, ""neighbor_support_db"": 3.0, ""method"": ""periodogram:hann+interp+dc_notch+edge_notch+guards+novelty+prominence""}"
385a23c4-78d9-4c75-bd0d-885d9123bb7e,2025-08-25T17:57:06.040552,98182676.49967827,amplitude,1.0,critical,"Peak at 98.182676 MHz, SNR=29.6 dB, score=1.00",lite,c113c09f-2869-48ba-9292-f485783eb95a,"{""peak_power"": 8745.822265625, ""baseline_power"": 9.575414657592773, ""bin_index"": 617818, ""fft_size"": 1048576, ""interp_delta_bins"": 0.3678352767309703, ""freq_bin_hz"": 1.953125, ""dc_exclude_hz"": 5000.0, ""edge_exclude_hz"": 10000.0, ""novelty_enabled"": true, ""novelty_freq_tol_hz"": 5000.0, ""novelty_cooldown_s"": 3.0, ""novelty_score_delta"": 0.15, ""min_snr_db"": 8.0, ""min_prominence_db"": 6.0, ""local_window_bins"": 5, ""neighbor_support_db"": 3.0, ""method"": ""periodogram:hann+interp+dc_notch+edge_notch+guards+novelty+prominence""}"
bc50a2d1-cd37-4813-9ea7-0bac8cf5c9c6,2025-08-25T17:57:13.108418,98206462.91102237,amplitude,1.0,critical,"Peak at 98.206463 MHz, SNR=28.9 dB, score=1.00",lite,fc19f4e0-9042-46b2-abc0-023a43a44840,"{""peak_power"": 7454.61474609375, ""baseline_power"": 9.508108139038086, ""bin_index"": 629997, ""fft_size"": 1048576, ""interp_delta_bins"": 0.010443447154926185, ""freq_bin_hz"": 1.953125, ""dc_exclude_hz"": 5000.0, ""edge_exclude_hz"": 10000.0, ""novelty_enabled"": true, ""novelty_freq_tol_hz"": 5000.0, ""novelty_cooldown_s"": 3.0, ""novelty_score_delta"": 0.15, ""min_snr_db"": 8.0, ""min_prominence_db"": 6.0, ""local_window_bins"": 5, ""neighbor_support_db"": 3.0, ""method"": ""periodogram:hann+interp+dc_notch+edge_notch+guards+novelty+prominence""}"
1c6c230d-c7ce-43f5-9623-98c44e6493a7,2025-08-25T17:57:32.766864,98191895.27093993,amplitude,1.0,critical,"Peak at 98.191895 MHz, SNR=29.0 dB, score=1.00",lite,c809ff12-89f4-471c-8bb4-c53e781ef1e9,"{""peak_power"": 7563.75927734375, ""baseline_power"": 9.531172752380371, ""bin_index"": 622538, ""fft_size"": 1048576, ""interp_delta_bins"": 0.3787212422377946, ""freq_bin_hz"": 1.953125, ""dc_exclude_hz"": 5000.0, ""edge_exclude_hz"": 10000.0, ""novelty_enabled"": true, ""novelty_freq_tol_hz"": 5000.0, ""novelty_cooldown_s"": 3.0, ""novelty_score_delta"": 0.15, ""min_snr_db"": 8.0, ""min_prominence_db"": 6.0, ""local_window_bins"": 5, ""neighbor_support_db"": 3.0, ""method"": ""periodogram:hann+interp+dc_notch+edge_notch+guards+novelty+prominence""}"
1e0f254f-bc5f-4fbc-b107-6921ffabf1af,2025-08-25T17:57:39.322530,98186853.21859308,amplitude,1.0,critical,"Peak at 98.186853 MHz, SNR=30.2 dB, score=1.00",lite,4b2d98e1-c38f-46c6-a019-654609fc4b89,"{""peak_power"": 10086.830078125, ""baseline_power"": 9.564199447631836, ""bin_index"": 619957, ""fft_size"": 1048576, ""interp_delta_bins"": -0.15208034659712502, ""freq_bin_hz"": 1.953125, ""dc_exclude_hz"": 5000.0, ""edge_exclude_hz"": 10000.0, ""novelty_enabled"": true, ""novelty_freq_tol_hz"": 5000.0, ""novelty_cooldown_s"": 3.0, ""novelty_score_delta"": 0.15, ""min_snr_db"": 8.0, ""min_prominence_db"": 6.0, ""local_window_bins"": 5, ""neighbor_support_db"": 3.0, ""method"": ""periodogram:hann+interp+dc_notch+edge_notch+guards+novelty+prominence""}"
37e946e7-1fcd-4539-ae35-7401fecc25ba,2025-08-25T17:57:52.407538,98207974.8463571,amplitude,1.0,critical,"Peak at 98.207975 MHz, SNR=31.0 dB, score=1.00",lite,4b83564a-41d1-4ea0-9c98-314b0f2dcb4f,"{""peak_power"": 11803.5009765625, ""baseline_power"": 9.417994499206543, ""bin_index"": 630771, ""fft_size"": 1048576, ""interp_delta_bins"": 0.12133483966509294, ""freq_bin_hz"": 1.953125, ""dc_exclude_hz"": 5000.0, ""edge_exclude_hz"": 10000.0, ""novelty_enabled"": true, ""novelty_freq_tol_hz"": 5000.0, ""novelty_cooldown_s"": 3.0, ""novelty_score_delta"": 0.15, ""min_snr_db"": 8.0, ""min_prominence_db"": 6.0, ""local_window_bins"": 5, ""neighbor_support_db"": 3.0, ""method"": ""periodogram:hann+interp+dc_notch+edge_notch+guards+novelty+prominence""}"
67b3334c-886b-4adf-83c0-836f2736aeb0,2025-08-25T17:57:59.244087,98182796.76854062,amplitude,1.0,critical,"Peak at 98.182797 MHz, SNR=32.2 dB, score=1.00",lite,0e607342-c2fb-4276-9aa8-fabe748c9f25,"{""peak_power"": 15557.9794921875, ""baseline_power"": 9.351605415344238, ""bin_index"": 617880, ""fft_size"": 1048576, ""interp_delta_bins"": -0.05450720110690904, ""freq_bin_hz"": 1.953125, ""dc_exclude_hz"": 5000.0, ""edge_exclude_hz"": 10000.0, ""novelty_enabled"": true, ""novelty_freq_tol_hz"": 5000.0, ""novelty_cooldown_s"": 3.0, ""novelty_score_delta"": 0.15, ""min_snr_db"": 8.0, ""min_prominence_db"": 6.0, ""local_window_bins"": 5, ""neighbor_support_db"": 3.0, ""method"": ""periodogram:hann+interp+dc_notch+edge_notch+guards+novelty+prominence""}"
e3879bdf-8168-4171-9863-9b1fc6099237,2025-08-25T17:58:39.240099,98196638.10371664,amplitude,1.0,critical,"Peak at 98.196638 MHz, SNR=30.5 dB, score=1.00",lite,4eda6da8-cac9-4f86-b12d-6e3effab7fe6,"{""peak_power"": 10776.265625, ""baseline_power"": 9.540971755981445, ""bin_index"": 624967, ""fft_size"": 1048576, ""interp_delta_bins"": -0.29089708200959247, ""freq_bin_hz"": 1.953125, ""dc_exclude_hz"": 5000.0, ""edge_exclude_hz"": 10000.0, ""novelty_enabled"": true, ""novelty_freq_tol_hz"": 5000.0, ""novelty_cooldown_s"": 3.0, ""novelty_score_delta"": 0.15, ""min_snr_db"": 8.0, ""min_prominence_db"": 6.0, ""local_window_bins"": 5, ""neighbor_support_db"": 3.0, ""method"": ""periodogram:hann+interp+dc_notch+edge_notch+guards+novelty+prominence""}"
3ad98ef3-f841-48b5-8f70-062498a4bcae,2025-08-25T17:58:59.231759,98187615.4120599,amplitude,1.0,critical,"Peak at 98.187615 MHz, SNR=33.1 dB, score=1.00",lite,5cd4ab57-bb85-43fa-a2f6-07912f801a55,"{""peak_power"": 19020.36328125, ""baseline_power"": 9.370902061462402, ""bin_index"": 620347, ""fft_size"": 1048576, ""interp_delta_bins"": 0.09097467226730548, ""freq_bin_hz"": 1.953125, ""dc_exclude_hz"": 5000.0, ""edge_exclude_hz"": 10000.0, ""novelty_enabled"": true, ""novelty_freq_tol_hz"": 5000.0, ""novelty_cooldown_s"": 3.0, ""novelty_score_delta"": 0.15, ""min_snr_db"": 8.0, ""min_prominence_db"": 6.0, ""local_window_bins"": 5, ""neighbor_support_db"": 3.0, ""method"": ""periodogram:hann+interp+dc_notch+edge_notch+guards+novelty+prominence""}"
8baa8760-eab2-49e3-90b3-81a1482ace94,2025-08-25T17:59:12.308826,98194634.78846507,amplitude,1.0,critical,"Peak at 98.194635 MHz, SNR=30.1 dB, score=1.00",lite,fe5102ea-9588-434f-9268-e1154b005c4e,"{""peak_power"": 9640.79296875, ""baseline_power"": 9.520917892456055, ""bin_index"": 623941, ""fft_size"": 1048576, ""interp_delta_bins"": 0.011694113449936178, ""freq_bin_hz"": 1.953125, ""dc_exclude_hz"": 5000.0, ""edge_exclude_hz"": 10000.0, ""novelty_enabled"": true, ""novelty_freq_tol_hz"": 5000.0, ""novelty_cooldown_s"": 3.0, ""novelty_score_delta"": 0.15, ""min_snr_db"": 8.0, ""min_prominence_db"": 6.0, ""local_window_bins"": 5, ""neighbor_support_db"": 3.0, ""method"": ""periodogram:hann+interp+dc_notch+edge_notch+guards+novelty+prominence""}"
9eccbb3a-02c9-4f3f-a0ae-f3199e8611d4,2025-08-25T18:05:13.032540,98194611.26903683,amplitude,1.0,critical,"Peak at 98.194611 MHz, SNR=45.1 dB, score=1.00",lite,c4e10cb6-0144-4eda-a707-10833c7f92b4,"{""peak_power"": 131389312.0, ""baseline_power"": 4035.92919921875, ""bin_index"": 623929, ""fft_size"": 1048576, ""interp_delta_bins"": -0.030253140012852363, ""freq_bin_hz"": 1.953125, ""dc_exclude_hz"": 5000.0, ""edge_exclude_hz"": 10000.0, ""novelty_enabled"": true, ""novelty_freq_tol_hz"": 5000.0, ""novelty_cooldown_s"": 3.0, ""novelty_score_delta"": 0.15, ""min_snr_db"": 8.0, ""min_prominence_db"": 6.0, ""local_window_bins"": 5, ""neighbor_support_db"": 3.0, ""method"": ""periodogram:hann+interp+dc_notch+edge_notch+guards+novelty+prominence""}"
188ec715-02f7-4e47-8090-bfa412edf173,2025-08-25T18:05:19.576774,98182212.42142542,amplitude,1.0,critical,"Peak at 98.182212 MHz, SNR=46.3 dB, score=1.00",lite,f4bc46be-2b43-477d-8dde-a4817fae4801,"{""peak_power"": 171340992.0, ""baseline_power"": 4058.59228515625, ""bin_index"": 617581, ""fft_size"": 1048576, ""interp_delta_bins"": -0.24023018933886495, ""freq_bin_hz"": 1.953125, ""dc_exclude_hz"": 5000.0, ""edge_exclude_hz"": 10000.0, ""novelty_enabled"": true, ""novelty_freq_tol_hz"": 5000.0, ""novelty_cooldown_s"": 3.0, ""novelty_score_delta"": 0.15, ""min_snr_db"": 8.0, ""min_prominence_db"": 6.0, ""local_window_bins"": 5, ""neighbor_support_db"": 3.0, ""method"": ""periodogram:hann+interp+dc_notch+edge_notch+guards+novelty+prominence""}"
15718b5e-9b96-4607-a908-b8cf0265b4d8,2025-08-25T18:05:26.126643,98207572.0435387,amplitude,1.0,critical,"Peak at 98.207572 MHz, SNR=46.4 dB, score=1.00",lite,b3a57b97-e0cd-4d09-a80e-15a10677338a,"{""peak_power"": 174258656.0, ""baseline_power"": 4020.38232421875, ""bin_index"": 630565, ""fft_size"": 1048576, ""interp_delta_bins"": -0.11370818089599255, ""freq_bin_hz"": 1.953125, ""dc_exclude_hz"": 5000.0, ""edge_exclude_hz"": 10000.0, ""novelty_enabled"": true, ""novelty_freq_tol_hz"": 5000.0, ""novelty_cooldown_s"": 3.0, ""novelty_score_delta"": 0.15, ""min_snr_db"": 8.0, ""min_prominence_db"": 6.0, ""local_window_bins"": 5, ""neighbor_support_db"": 3.0, ""method"": ""periodogram:hann+interp+dc_notch+edge_notch+guards+novelty+prominence""}"
9f7c98dd-15a5-4163-9c13-52a83d90c467,2025-08-25T18:05:33.036457,98179607.14848383,amplitude,1.0,critical,"Peak at 98.179607 MHz, SNR=45.8 dB, score=1.00",lite,41e2c181-e570-490a-acf4-21f6fa262c5b,"{""peak_power"": 151600640.0, ""baseline_power"": 4016.64990234375, ""bin_index"": 616247, ""fft_size"": 1048576, ""interp_delta_bins"": -0.13997628214988045, ""freq_bin_hz"": 1.953125, ""dc_exclude_hz"": 5000.0, ""edge_exclude_hz"": 10000.0, ""novelty_enabled"": true, ""novelty_freq_tol_hz"": 5000.0, ""novelty_cooldown_s"": 3.0, ""novelty_score_delta"": 0.15, ""min_snr_db"": 8.0, ""min_prominence_db"": 6.0, ""local_window_bins"": 5, ""neighbor_support_db"": 3.0, ""method"": ""periodogram:hann+interp+dc_notch+edge_notch+guards+novelty+prominence""}"
c1f4d565-9164-475f-9764-38117311af88,2025-08-25T18:05:59.576325,98201191.40136576,amplitude,1.0,critical,"Peak at 98.201191 MHz, SNR=46.1 dB, score=1.00",lite,a44c3cd5-0191-4846-9ad5-4e20c4a505cc,"{""peak_power"": 148111776.0, ""baseline_power"": 3642.150634765625, ""bin_index"": 627298, ""fft_size"": 1048576, ""interp_delta_bins"": -0.002500731211098334, ""freq_bin_hz"": 1.953125, ""dc_exclude_hz"": 5000.0, ""edge_exclude_hz"": 10000.0, ""novelty_enabled"": true, ""novelty_freq_tol_hz"": 5000.0, ""novelty_cooldown_s"": 3.0, ""novelty_score_delta"": 0.15, ""min_snr_db"": 8.0, ""min_prominence_db"": 6.0, ""local_window_bins"": 5, ""neighbor_support_db"": 3.0, ""method"": ""periodogram:hann+interp+dc_notch+edge_notch+guards+novelty+prominence""}"
77bb05b9-00ed-4c3a-9408-b8922380a883,2025-08-25T18:06:26.119351,98202656.2942508,amplitude,1.0,critical,"Peak at 98.202656 MHz, SNR=43.8 dB, score=1.00",lite,f9d86b8a-3d3c-47dd-9a42-2585629aad86,"{""peak_power"": 99099424.0, ""baseline_power"": 4160.38330078125, ""bin_index"": 628048, ""fft_size"": 1048576, ""interp_delta_bins"": 0.0226564118902193, ""freq_bin_hz"": 1.953125, ""dc_exclude_hz"": 5000.0, ""edge_exclude_hz"": 10000.0, ""novelty_enabled"": true, ""novelty_freq_tol_hz"": 5000.0, ""novelty_cooldown_s"": 3.0, ""novelty_score_delta"": 0.15, ""min_snr_db"": 8.0, ""min_prominence_db"": 6.0, ""local_window_bins"": 5, ""neighbor_support_db"": 3.0, ""method"": ""periodogram:hann+interp+dc_notch+edge_notch+guards+novelty+prominence""}"
79a0fb38-1448-46d6-9498-773b5cf38e91,2025-08-25T18:06:46.148631,98198340.52920504,amplitude,1.0,critical,"Peak at 98.198341 MHz, SNR=45.5 dB, score=1.00",lite,b0c0a818-b3b1-4e9b-8247-618f31e7351d,"{""peak_power"": 147817792.0, ""baseline_power"": 4166.45703125, ""bin_index"": 625838, ""fft_size"": 1048576, ""interp_delta_bins"": 0.3509529777249814, ""freq_bin_hz"": 1.953125, ""dc_exclude_hz"": 5000.0, ""edge_exclude_hz"": 10000.0, ""novelty_enabled"": true, ""novelty_freq_tol_hz"": 5000.0, ""novelty_cooldown_s"": 3.0, ""novelty_score_delta"": 0.15, ""min_snr_db"": 8.0, ""min_prominence_db"": 6.0, ""local_window_bins"": 5, ""neighbor_support_db"": 3.0, ""method"": ""periodogram:hann+interp+dc_notch+edge_notch+guards+novelty+prominence""}"
a8fd2949-c0a0-4c81-b9d9-91e1622c83a3,2025-08-25T18:06:53.023045,98186763.05334593,amplitude,1.0,critical,"Peak at 98.186763 MHz, SNR=44.5 dB, score=1.00",lite,10f5754e-4a7d-47e3-a7b6-e7460a1422a3,"{""peak_power"": 123051824.0, ""baseline_power"": 4336.35107421875, ""bin_index"": 619911, ""fft_size"": 1048576, ""interp_delta_bins"": -0.31668688331813544, ""freq_bin_hz"": 1.953125, ""dc_exclude_hz"": 5000.0, ""edge_exclude_hz"": 10000.0, ""novelty_enabled"": true, ""novelty_freq_tol_hz"": 5000.0, ""novelty_cooldown_s"": 3.0, ""novelty_score_delta"": 0.15, ""min_snr_db"": 8.0, ""min_prominence_db"": 6.0, ""local_window_bins"": 5, ""neighbor_support_db"": 3.0, ""method"": ""periodogram:hann+interp+dc_notch+edge_notch+guards+novelty+prominence""}"
b55b60a4-7bb6-440e-ae13-e5be30b93604,2025-08-25T18:06:59.570072,98196708.66889377,amplitude,1.0,critical,"Peak at 98.196709 MHz, SNR=44.4 dB, score=1.00",lite,3a83c643-f9ab-454d-9ae5-e64b51b38686,"{""peak_power"": 119607368.0, ""baseline_power"": 4313.107421875, ""bin_index"": 625003, ""fft_size"": 1048576, ""interp_delta_bins"": -0.16152639049933207, ""freq_bin_hz"": 1.953125, ""dc_exclude_hz"": 5000.0, ""edge_exclude_hz"": 10000.0, ""novelty_enabled"": true, ""novelty_freq_tol_hz"": 5000.0, ""novelty_cooldown_s"": 3.0, ""novelty_score_delta"": 0.15, ""min_snr_db"": 8.0, ""min_prominence_db"": 6.0, ""local_window_bins"": 5, ""neighbor_support_db"": 3.0, ""method"": ""periodogram:hann+interp+dc_notch+edge_notch+guards+novelty+prominence""}"
0517aa3f-54f2-4b3d-818b-aa91f09dc497,2025-08-25T18:07:13.033977,98198154.75390498,amplitude,1.0,critical,"Peak at 98.198155 MHz, SNR=46.2 dB, score=1.00",lite,d59e313e-86a4-426c-a5da-33f667fb0bf5,"{""peak_power"": 154870112.0, ""baseline_power"": 3718.103271484375, ""bin_index"": 625743, ""fft_size"": 1048576, ""interp_delta_bins"": 0.23399935353808088, ""freq_bin_hz"": 1.953125, ""dc_exclude_hz"": 5000.0, ""edge_exclude_hz"": 10000.0, ""novelty_enabled"": true, ""novelty_freq_tol_hz"": 5000.0, ""novelty_cooldown_s"": 3.0, ""novelty_score_delta"": 0.15, ""min_snr_db"": 8.0, ""min_prominence_db"": 6.0, ""local_window_bins"": 5, ""neighbor_support_db"": 3.0, ""method"": ""periodogram:hann+interp+dc_notch+edge_notch+guards+novelty+prominence""}"
4acf2799-9951-48dc-ab3d-59fb10583023,2025-08-25T18:07:26.145556,98189711.87993537,amplitude,1.0,critical,"Peak at 98.189712 MHz, SNR=46.5 dB, score=1.00",lite,469cf921-46d2-4396-b01b-20594153d11b,"{""peak_power"": 191353968.0, ""baseline_power"": 4294.23681640625, ""bin_index"": 621420, ""fft_size"": 1048576, ""interp_delta_bins"": 0.4825269066583334, ""freq_bin_hz"": 1.953125, ""dc_exclude_hz"": 5000.0, ""edge_exclude_hz"": 10000.0, ""novelty_enabled"": true, ""novelty_freq_tol_hz"": 5000.0, ""novelty_cooldown_s"": 3.0, ""novelty_score_delta"": 0.15, ""min_snr_db"": 8.0, ""min_prominence_db"": 6.0, ""local_window_bins"": 5, ""neighbor_support_db"": 3.0, ""method"": ""periodogram:hann+interp+dc_notch+edge_notch+guards+novelty+prominence""}"
747687b4-9d1d-48ea-9ce6-f5238b1ba25a,2025-08-25T18:07:33.026807,98188888.82025819,amplitude,1.0,critical,"Peak at 98.188889 MHz, SNR=47.7 dB, score=1.00",lite,6746b2be-d522-48c5-9c05-ca523eb65439,"{""peak_power"": 245435936.0, ""baseline_power"": 4123.87646484375, ""bin_index"": 620999, ""fft_size"": 1048576, ""interp_delta_bins"": 0.07597219268387173, ""freq_bin_hz"": 1.953125, ""dc_exclude_hz"": 5000.0, ""edge_exclude_hz"": 10000.0, ""novelty_enabled"": true, ""novelty_freq_tol_hz"": 5000.0, ""novelty_cooldown_s"": 3.0, ""novelty_score_delta"": 0.15, ""min_snr_db"": 8.0, ""min_prominence_db"": 6.0, ""local_window_bins"": 5, ""neighbor_support_db"": 3.0, ""method"": ""periodogram:hann+interp+dc_notch+edge_notch+guards+novelty+prominence""}"
74837c6d-0858-4da8-bd3e-5d69e20acf47,2025-08-25T18:07:46.117720,98195725.98468871,amplitude,1.0,critical,"Peak at 98.195726 MHz, SNR=45.3 dB, score=1.00",lite,4e821640-1612-4a76-a03a-01d388fa6b0c,"{""peak_power"": 144362224.0, ""baseline_power"": 4272.99072265625, ""bin_index"": 624500, ""fft_size"": 1048576, ""interp_delta_bins"": -0.29583938215251654, ""freq_bin_hz"": 1.953125, ""dc_exclude_hz"": 5000.0, ""edge_exclude_hz"": 10000.0, ""novelty_enabled"": true, ""novelty_freq_tol_hz"": 5000.0, ""novelty_cooldown_s"": 3.0, ""novelty_score_delta"": 0.15, ""min_snr_db"": 8.0, ""min_prominence_db"": 6.0, ""local_window_bins"": 5, ""neighbor_support_db"": 3.0, ""method"": ""periodogram:hann+interp+dc_notch+edge_notch+guards+novelty+prominence""}"
f4eab27e-ac2f-4719-8373-40d1be496e58,2025-08-25T18:08:26.110019,98175277.74535698,amplitude,1.0,critical,"Peak at 98.175278 MHz, SNR=44.6 dB, score=1.00",lite,cc10ef2c-dfca-4b16-999e-a5f4693b509e,"{""peak_power"": 121926264.0, ""baseline_power"": 4274.1123046875, ""bin_index"": 614030, ""fft_size"": 1048576, ""interp_delta_bins"": 0.20562277024800302, ""freq_bin_hz"": 1.953125, ""dc_exclude_hz"": 5000.0, ""edge_exclude_hz"": 10000.0, ""novelty_enabled"": true, ""novelty_freq_tol_hz"": 5000.0, ""novelty_cooldown_s"": 3.0, ""novelty_score_delta"": 0.15, ""min_snr_db"": 8.0, ""min_prominence_db"": 6.0, ""local_window_bins"": 5, ""neighbor_support_db"": 3.0, ""method"": ""periodogram:hann+interp+dc_notch+edge_notch+guards+novelty+prominence""}"
cb5153c8-9fc5-4912-8615-1c92f1325bb2,2025-08-25T18:08:33.028355,98205087.59859392,amplitude,1.0,critical,"Peak at 98.205088 MHz, SNR=44.4 dB, score=1.00",lite,4bb79345-4407-4a54-87d3-77435fe8f623,"{""peak_power"": 117332912.0, ""baseline_power"": 4234.3466796875, ""bin_index"": 629293, ""fft_size"": 1048576, ""interp_delta_bins"": -0.14951991443850268, ""freq_bin_hz"": 1.953125, ""dc_exclude_hz"": 5000.0, ""edge_exclude_hz"": 10000.0, ""novelty_enabled"": true, ""novelty_freq_tol_hz"": 5000.0, ""novelty_cooldown_s"": 3.0, ""novelty_score_delta"": 0.15, ""min_snr_db"": 8.0, ""min_prominence_db"": 6.0, ""local_window_bins"": 5, ""neighbor_support_db"": 3.0, ""method"": ""periodogram:hann+interp+dc_notch+edge_notch+guards+novelty+prominence""}"
939bafef-62a9-4dc9-8b89-a28d3f7b0549,2025-08-25T18:08:46.115050,98196416.82494695,amplitude,1.0,critical,"Peak at 98.196417 MHz, SNR=47.2 dB, score=1.00",lite,6a1719cc-43c5-4fd4-a61b-382cc575ac44,"{""peak_power"": 194726528.0, ""baseline_power"": 3741.360107421875, ""bin_index"": 624853, ""fft_size"": 1048576, ""interp_delta_bins"": 0.41437284428699955, ""freq_bin_hz"": 1.953125, ""dc_exclude_hz"": 5000.0, ""edge_exclude_hz"": 10000.0, ""novelty_enabled"": true, ""novelty_freq_tol_hz"": 5000.0, ""novelty_cooldown_s"": 3.0, ""novelty_score_delta"": 0.15, ""min_snr_db"": 8.0, ""min_prominence_db"": 6.0, ""local_window_bins"": 5, ""neighbor_support_db"": 3.0, ""method"": ""periodogram:hann+interp+dc_notch+edge_notch+guards+novelty+prominence""}"
bd78726b-d5fe-49f1-9d79-a9bc2e23fa28,2025-08-25T18:09:06.098492,98185081.56741996,amplitude,1.0,critical,"Peak at 98.185082 MHz, SNR=45.2 dB, score=1.00",lite,a51a63c7-eac0-40c6-8146-e0085117cb93,"{""peak_power"": 134303840.0, ""baseline_power"": 4098.17578125, ""bin_index"": 619050, ""fft_size"": 1048576, ""interp_delta_bins"": -0.23748097999507167, ""freq_bin_hz"": 1.953125, ""dc_exclude_hz"": 5000.0, ""edge_exclude_hz"": 10000.0, ""novelty_enabled"": true, ""novelty_freq_tol_hz"": 5000.0, ""novelty_cooldown_s"": 3.0, ""novelty_score_delta"": 0.15, ""min_snr_db"": 8.0, ""min_prominence_db"": 6.0, ""local_window_bins"": 5, ""neighbor_support_db"": 3.0, ""method"": ""periodogram:hann+interp+dc_notch+edge_notch+guards+novelty+prominence""}"
b50e509d-888b-4236-b0a7-60ca22cb91ca,2025-08-25T18:09:13.018461,98189109.98301768,amplitude,1.0,critical,"Peak at 98.189110 MHz, SNR=46.2 dB, score=1.00",lite,66f742a5-306a-4e87-b1e0-97c81d6f223f,"{""peak_power"": 162849120.0, ""baseline_power"": 3936.3994140625, ""bin_index"": 621112, ""fft_size"": 1048576, ""interp_delta_bins"": 0.31130505630388394, ""freq_bin_hz"": 1.953125, ""dc_exclude_hz"": 5000.0, ""edge_exclude_hz"": 10000.0, ""novelty_enabled"": true, ""novelty_freq_tol_hz"": 5000.0, ""novelty_cooldown_s"": 3.0, ""novelty_score_delta"": 0.15, ""min_snr_db"": 8.0, ""min_prominence_db"": 6.0, ""local_window_bins"": 5, ""neighbor_support_db"": 3.0, ""method"": ""periodogram:hann+interp+dc_notch+edge_notch+guards+novelty+prominence""}"
4aebae44-0e5c-4fcb-b733-895b7f2fc84f,2025-08-25T18:09:33.022357,98200142.33986832,amplitude,1.0,critical,"Peak at 98.200142 MHz, SNR=45.4 dB, score=1.00",lite,e865d960-4835-47f4-aca6-6a8eae637308,"{""peak_power"": 137715632.0, ""baseline_power"": 3932.976806640625, ""bin_index"": 626761, ""fft_size"": 1048576, ""interp_delta_bins"": -0.12198741978786815, ""freq_bin_hz"": 1.953125, ""dc_exclude_hz"": 5000.0, ""edge_exclude_hz"": 10000.0, ""novelty_enabled"": true, ""novelty_freq_tol_hz"": 5000.0, ""novelty_cooldown_s"": 3.0, ""novelty_score_delta"": 0.15, ""min_snr_db"": 8.0, ""min_prominence_db"": 6.0, ""local_window_bins"": 5, ""neighbor_support_db"": 3.0, ""method"": ""periodogram:hann+interp+dc_notch+edge_notch+guards+novelty+prominence""}"
4714a238-f69c-4bee-8c02-2994b7fa1d11,2025-08-25T18:09:46.113220,98227795.9610999,amplitude,1.0,critical,"Peak at 98.227796 MHz, SNR=43.5 dB, score=1.00",lite,5c0e7bab-12ee-440a-b948-c77507544198,"{""peak_power"": 96193288.0, ""baseline_power"": 4311.85595703125, ""bin_index"": 640920, ""fft_size"": 1048576, ""interp_delta_bins"": -0.4679168520499523, ""freq_bin_hz"": 1.953125, ""dc_exclude_hz"": 5000.0, ""edge_exclude_hz"": 10000.0, ""novelty_enabled"": true, ""novelty_freq_tol_hz"": 5000.0, ""novelty_cooldown_s"": 3.0, ""novelty_score_delta"": 0.15, ""min_snr_db"": 8.0, ""min_prominence_db"": 6.0, ""local_window_bins"": 5, ""neighbor_support_db"": 3.0, ""method"": ""periodogram:hann+interp+dc_notch+edge_notch+guards+novelty+prominence""}"
4e340d38-f7f0-49f3-8d94-89690beac56d,2025-08-25T18:10:06.085530,98194139.94328533,amplitude,1.0,critical,"Peak at 98.194140 MHz, SNR=45.4 dB, score=1.00",lite,69e2b473-a306-4f5d-a373-abc27ccc649b,"{""peak_power"": 136559152.0, ""baseline_power"": 3934.211181640625, ""bin_index"": 623688, ""fft_size"": 1048576, ""interp_delta_bins"": -0.3490379124482202, ""freq_bin_hz"": 1.953125, ""dc_exclude_hz"": 5000.0, ""edge_exclude_hz"": 10000.0, ""novelty_enabled"": true, ""novelty_freq_tol_hz"": 5000.0, ""novelty_cooldown_s"": 3.0, ""novelty_score_delta"": 0.15, ""min_snr_db"": 8.0, ""min_prominence_db"": 6.0, ""local_window_bins"": 5, ""neighbor_support_db"": 3.0, ""method"": ""periodogram:hann+interp+dc_notch+edge_notch+guards+novelty+prominence""}"
59907af7-41ff-4726-afe9-1b7709177d9e,2025-08-25T18:10:26.102246,98190959.2114727,amplitude,1.0,critical,"Peak at 98.190959 MHz, SNR=46.6 dB, score=1.00",lite,ec9111b9-443e-4e6c-ae72-b20b12da6241,"{""peak_power"": 186397136.0, ""baseline_power"": 4125.1416015625, ""bin_index"": 622059, ""fft_size"": 1048576, ""interp_delta_bins"": 0.11627402234423047, ""freq_bin_hz"": 1.953125, ""dc_exclude_hz"": 5000.0, ""edge_exclude_hz"": 10000.0, ""novelty_enabled"": true, ""novelty_freq_tol_hz"": 5000.0, ""novelty_cooldown_s"": 3.0, ""novelty_score_delta"": 0.15, ""min_snr_db"": 8.0, ""min_prominence_db"": 6.0, ""local_window_bins"": 5, ""neighbor_support_db"": 3.0, ""method"": ""periodogram:hann+interp+dc_notch+edge_notch+guards+novelty+prominence""}"
134e9ef9-def3-4d36-8281-7b23741ad470,2025-08-25T18:10:46.116000,98197907.97731154,amplitude,1.0,critical,"Peak at 98.197908 MHz, SNR=43.9 dB, score=1.00",lite,31ef9f22-cfee-4090-a848-106726515f03,"{""peak_power"": 110611088.0, ""baseline_power"": 4554.18408203125, ""bin_index"": 625617, ""fft_size"": 1048576, ""interp_delta_bins"": -0.11561649286690094, ""freq_bin_hz"": 1.953125, ""dc_exclude_hz"": 5000.0, ""edge_exclude_hz"": 10000.0, ""novelty_enabled"": true, ""novelty_freq_tol_hz"": 5000.0, ""novelty_cooldown_s"": 3.0, ""novelty_score_delta"": 0.15, ""min_snr_db"": 8.0, ""min_prominence_db"": 6.0, ""local_window_bins"": 5, ""neighbor_support_db"": 3.0, ""method"": ""periodogram:hann+interp+dc_notch+edge_notch+guards+novelty+prominence""}"
e889b3d4-a0d5-4e21-bfef-fd72ca784601,2025-08-25T18:10:53.008178,98183380.48604183,amplitude,1.0,critical,"Peak at 98.183380 MHz, SNR=43.6 dB, score=1.00",lite,b7248c45-4cf1-4d83-92e7-7d7fa4fc2f03,"{""peak_power"": 103857408.0, ""baseline_power"": 4518.10595703125, ""bin_index"": 618179, ""fft_size"": 1048576, ""interp_delta_bins"": -0.19114658721521974, ""freq_bin_hz"": 1.953125, ""dc_exclude_hz"": 5000.0, ""edge_exclude_hz"": 10000.0, ""novelty_enabled"": true, ""novelty_freq_tol_hz"": 5000.0, ""novelty_cooldown_s"": 3.0, ""novelty_score_delta"": 0.15, ""min_snr_db"": 8.0, ""min_prominence_db"": 6.0, ""local_window_bins"": 5, ""neighbor_support_db"": 3.0, ""method"": ""periodogram:hann+interp+dc_notch+edge_notch+guards+novelty+prominence""}"
7c2e4050-f581-421f-bac4-1dff0527d869,2025-08-25T18:11:13.006320,98192103.94318314,amplitude,1.0,critical,"Peak at 98.192104 MHz, SNR=43.7 dB, score=1.00",lite,3ed252ee-06c0-4b14-b18a-206dd7199cd4,"{""peak_power"": 110504632.0, ""baseline_power"": 4662.36279296875, ""bin_index"": 622645, ""fft_size"": 1048576, ""interp_delta_bins"": 0.21890976666212944, ""freq_bin_hz"": 1.953125, ""dc_exclude_hz"": 5000.0, ""edge_exclude_hz"": 10000.0, ""novelty_enabled"": true, ""novelty_freq_tol_hz"": 5000.0, ""novelty_cooldown_s"": 3.0, ""novelty_score_delta"": 0.15, ""min_snr_db"": 8.0, ""min_prominence_db"": 6.0, ""local_window_bins"": 5, ""neighbor_support_db"": 3.0, ""method"": ""periodogram:hann+interp+dc_notch+edge_notch+guards+novelty+prominence""}"
3be07c06-97f0-41a8-b962-ea29ddcf056a,2025-08-25T18:11:19.539810,98206213.17775938,amplitude,1.0,critical,"Peak at 98.206213 MHz, SNR=44.7 dB, score=1.00",lite,2ae145bf-8e79-4f73-8d8a-be9c403d5d78,"{""peak_power"": 134602176.0, ""baseline_power"": 4524.2080078125, ""bin_index"": 629869, ""fft_size"": 1048576, ""interp_delta_bins"": 0.14701280207366477, ""freq_bin_hz"": 1.953125, ""dc_exclude_hz"": 5000.0, ""edge_exclude_hz"": 10000.0, ""novelty_enabled"": true, ""novelty_freq_tol_hz"": 5000.0, ""novelty_cooldown_s"": 3.0, ""novelty_score_delta"": 0.15, ""min_snr_db"": 8.0, ""min_prominence_db"": 6.0, ""local_window_bins"": 5, ""neighbor_support_db"": 3.0, ""method"": ""periodogram:hann+interp+dc_notch+edge_notch+guards+novelty+prominence""}"
0140fc84-ac6d-497e-9761-a0693b863441,2025-08-25T18:11:39.565622,98189636.66562521,amplitude,1.0,critical,"Peak at 98.189637 MHz, SNR=45.8 dB, score=1.00",lite,16a9fa4d-d32b-4c5c-bad5-40d1f612687b,"{""peak_power"": 156705360.0, ""baseline_power"": 4095.15625, ""bin_index"": 621382, ""fft_size"": 1048576, ""interp_delta_bins"": -0.027199891564101897, ""freq_bin_hz"": 1.953125, ""dc_exclude_hz"": 5000.0, ""edge_exclude_hz"": 10000.0, ""novelty_enabled"": true, ""novelty_freq_tol_hz"": 5000.0, ""novelty_cooldown_s"": 3.0, ""novelty_score_delta"": 0.15, ""min_snr_db"": 8.0, ""min_prominence_db"": 6.0, ""local_window_bins"": 5, ""neighbor_support_db"": 3.0, ""method"": ""periodogram:hann+interp+dc_notch+edge_notch+guards+novelty+prominence""}"
486b8115-fcf1-46e4-8180-5059938b2c8d,2025-08-25T18:11:46.107565,98198222.6974999,amplitude,1.0,critical,"Peak at 98.198223 MHz, SNR=44.4 dB, score=1.00",lite,55bbd4ab-cc64-4486-b8bb-59727055f63d,"{""peak_power"": 113163152.0, ""baseline_power"": 4136.0458984375, ""bin_index"": 625778, ""fft_size"": 1048576, ""interp_delta_bins"": 0.02111995097093439, ""freq_bin_hz"": 1.953125, ""dc_exclude_hz"": 5000.0, ""edge_exclude_hz"": 10000.0, ""novelty_enabled"": true, ""novelty_freq_tol_hz"": 5000.0, ""novelty_cooldown_s"": 3.0, ""novelty_score_delta"": 0.15, ""min_snr_db"": 8.0, ""min_prominence_db"": 6.0, ""local_window_bins"": 5, ""neighbor_support_db"": 3.0, ""method"": ""periodogram:hann+interp+dc_notch+edge_notch+guards+novelty+prominence""}"
2179f0cc-beb7-4c9e-92a3-dd9866bae88e,2025-08-25T18:12:06.089030,98186263.80439545,amplitude,1.0,critical,"Peak at 98.186264 MHz, SNR=45.6 dB, score=1.00",lite,ca2a5df2-0a38-4d73-bbbb-78dd73942efa,"{""peak_power"": 148412736.0, ""baseline_power"": 4050.875732421875, ""bin_index"": 619655, ""fft_size"": 1048576, ""interp_delta_bins"": 0.06785047415023097, ""freq_bin_hz"": 1.953125, ""dc_exclude_hz"": 5000.0, ""edge_exclude_hz"": 10000.0, ""novelty_enabled"": true, ""novelty_freq_tol_hz"": 5000.0, ""novelty_cooldown_s"": 3.0, ""novelty_score_delta"": 0.15, ""min_snr_db"": 8.0, ""min_prominence_db"": 6.0, ""local_window_bins"": 5, ""neighbor_support_db"": 3.0, ""method"": ""periodogram:hann+interp+dc_notch+edge_notch+guards+novelty+prominence""}"
351d84a4-a6b7-42c4-9885-a72512b2b29e,2025-08-25T18:12:19.547495,98186244.48319581,amplitude,1.0,critical,"Peak at 98.186244 MHz, SNR=44.0 dB, score=1.00",lite,83a136e8-178b-4536-9d13-f23716d8af56,"{""peak_power"": 106645040.0, ""baseline_power"": 4228.5146484375, ""bin_index"": 619645, ""fft_size"": 1048576, ""interp_delta_bins"": 0.17539625200007755, ""freq_bin_hz"": 1.953125, ""dc_exclude_hz"": 5000.0, ""edge_exclude_hz"": 10000.0, ""novelty_enabled"": true, ""novelty_freq_tol_hz"": 5000.0, ""novelty_cooldown_s"": 3.0, ""novelty_score_delta"": 0.15, ""min_snr_db"": 8.0, ""min_prominence_db"": 6.0, ""local_window_bins"": 5, ""neighbor_support_db"": 3.0, ""method"": ""periodogram:hann+interp+dc_notch+edge_notch+guards+novelty+prominence""}"
350f11aa-9681-4ae8-84cf-b2035ea7d498,2025-08-25T18:12:33.027184,98189292.62355837,amplitude,1.0,critical,"Peak at 98.189293 MHz, SNR=43.2 dB, score=1.00",lite,6e3477a2-522d-478a-b4b6-e958b2918f1f,"{""peak_power"": 94553336.0, ""baseline_power"": 4527.47119140625, ""bin_index"": 621206, ""fft_size"": 1048576, ""interp_delta_bins"": -0.17673811456255603, ""freq_bin_hz"": 1.953125, ""dc_exclude_hz"": 5000.0, ""edge_exclude_hz"": 10000.0, ""novelty_enabled"": true, ""novelty_freq_tol_hz"": 5000.0, ""novelty_cooldown_s"": 3.0, ""novelty_score_delta"": 0.15, ""min_snr_db"": 8.0, ""min_prominence_db"": 6.0, ""local_window_bins"": 5, ""neighbor_support_db"": 3.0, ""method"": ""periodogram:hann+interp+dc_notch+edge_notch+guards+novelty+prominence""}"
2079dc29-5df9-42b5-81b1-61d45b781972,2025-08-25T18:12:46.106370,98188932.36682968,amplitude,1.0,critical,"Peak at 98.188932 MHz, SNR=43.4 dB, score=1.00",lite,d7348386-3f43-4618-8990-832d5160ef93,"{""peak_power"": 94073352.0, ""baseline_power"": 4339.833984375, ""bin_index"": 621021, ""fft_size"": 1048576, ""interp_delta_bins"": 0.37181679734153417, ""freq_bin_hz"": 1.953125, ""dc_exclude_hz"": 5000.0, ""edge_exclude_hz"": 10000.0, ""novelty_enabled"": true, ""novelty_freq_tol_hz"": 5000.0, ""novelty_cooldown_s"": 3.0, ""novelty_score_delta"": 0.15, ""min_snr_db"": 8.0, ""min_prominence_db"": 6.0, ""local_window_bins"": 5, ""neighbor_support_db"": 3.0, ""method"": ""periodogram:hann+interp+dc_notch+edge_notch+guards+novelty+prominence""}"
d9c948bb-3402-43bf-b733-b29354a00abe,2025-08-25T18:12:59.556356,98182070.7007112,amplitude,1.0,critical,"Peak at 98.182071 MHz, SNR=44.7 dB, score=1.00",lite,32ebd8b6-43a8-4085-a530-6274fa1b97fe,"{""peak_power"": 122573648.0, ""baseline_power"": 4126.1689453125, ""bin_index"": 617508, ""fft_size"": 1048576, ""interp_delta_bins"": 0.19876413934505857, ""freq_bin_hz"": 1.953125, ""dc_exclude_hz"": 5000.0, ""edge_exclude_hz"": 10000.0, ""novelty_enabled"": true, ""novelty_freq_tol_hz"": 5000.0, ""novelty_cooldown_s"": 3.0, ""novelty_score_delta"": 0.15, ""min_snr_db"": 8.0, ""min_prominence_db"": 6.0, ""local_window_bins"": 5, ""neighbor_support_db"": 3.0, ""method"": ""periodogram:hann+interp+dc_notch+edge_notch+guards+novelty+prominence""}"
eaf3c942-8493-485b-8252-cf64e666b4d5,2025-08-25T18:13:06.091035,98195859.36074074,amplitude,1.0,critical,"Peak at 98.195859 MHz, SNR=44.3 dB, score=1.00",lite,cadef9b6-25f1-43e0-b883-ecc4b19f074d,"{""peak_power"": 115967256.0, ""baseline_power"": 4297.96142578125, ""bin_index"": 624568, ""fft_size"": 1048576, ""interp_delta_bins"": -0.007300739894004522, ""freq_bin_hz"": 1.953125, ""dc_exclude_hz"": 5000.0, ""edge_exclude_hz"": 10000.0, ""novelty_enabled"": true, ""novelty_freq_tol_hz"": 5000.0, ""novelty_cooldown_s"": 3.0, ""novelty_score_delta"": 0.15, ""min_snr_db"": 8.0, ""min_prominence_db"": 6.0, ""local_window_bins"": 5, ""neighbor_support_db"": 3.0, ""method"": ""periodogram:hann+interp+dc_notch+edge_notch+guards+novelty+prominence""}"
180fda80-084a-4f8d-aee9-53633650215b,2025-08-25T18:13:13.010582,98180813.53736873,amplitude,1.0,critical,"Peak at 98.180814 MHz, SNR=46.1 dB, score=1.00",lite,254c214d-a8b3-4df4-ac39-fe25d5afacaf,"{""peak_power"": 177931536.0, ""baseline_power"": 4339.11376953125, ""bin_index"": 616865, ""fft_size"": 1048576, ""interp_delta_bins"": -0.4688672125995858, ""freq_bin_hz"": 1.953125, ""dc_exclude_hz"": 5000.0, ""edge_exclude_hz"": 10000.0, ""novelty_enabled"": true, ""novelty_freq_tol_hz"": 5000.0, ""novelty_cooldown_s"": 3.0, ""novelty_score_delta"": 0.15, ""min_snr_db"": 8.0, ""min_prominence_db"": 6.0, ""local_window_bins"": 5, ""neighbor_support_db"": 3.0, ""method"": ""periodogram:hann+interp+dc_notch+edge_notch+guards+novelty+prominence""}"
034e9ecf-f55f-4ce1-b36f-90c1e20fc5eb,2025-08-25T18:13:19.550305,98193478.56184717,amplitude,1.0,critical,"Peak at 98.193479 MHz, SNR=44.6 dB, score=1.00",lite,cef74133-72ed-42fc-bd4f-e005f38a1787,"{""peak_power"": 131666944.0, ""baseline_power"": 4596.45751953125, ""bin_index"": 623349, ""fft_size"": 1048576, ""interp_delta_bins"": 0.023665749491866724, ""freq_bin_hz"": 1.953125, ""dc_exclude_hz"": 5000.0, ""edge_exclude_hz"": 10000.0, ""novelty_enabled"": true, ""novelty_freq_tol_hz"": 5000.0, ""novelty_cooldown_s"": 3.0, ""novelty_score_delta"": 0.15, ""min_snr_db"": 8.0, ""min_prominence_db"": 6.0, ""local_window_bins"": 5, ""neighbor_support_db"": 3.0, ""method"": ""periodogram:hann+interp+dc_notch+edge_notch+guards+novelty+prominence""}"
6435f4a1-2d63-4ef0-b099-c2630eee19c4,2025-08-25T18:13:26.099040,98190445.21286596,amplitude,1.0,critical,"Peak at 98.190445 MHz, SNR=45.7 dB, score=1.00",lite,d399ac45-3f17-45a2-a112-c481dd06f254,"{""peak_power"": 166703616.0, ""baseline_power"": 4487.0380859375, ""bin_index"": 621796, ""fft_size"": 1048576, ""interp_delta_bins"": -0.051012628027564455, ""freq_bin_hz"": 1.953125, ""dc_exclude_hz"": 5000.0, ""edge_exclude_hz"": 10000.0, ""novelty_enabled"": true, ""novelty_freq_tol_hz"": 5000.0, ""novelty_cooldown_s"": 3.0, ""novelty_score_delta"": 0.15, ""min_snr_db"": 8.0, ""min_prominence_db"": 6.0, ""local_window_bins"": 5, ""neighbor_support_db"": 3.0, ""method"": ""periodogram:hann+interp+dc_notch+edge_notch+guards+novelty+prominence""}"
da32c6b3-6025-48e5-80b7-00c23e7af12c,2025-08-25T18:13:46.104953,98193332.57167259,amplitude,1.0,critical,"Peak at 98.193333 MHz, SNR=44.2 dB, score=1.00",lite,1cf50622-b317-4a38-80ae-72946cd8e84f,"{""peak_power"": 112644152.0, ""baseline_power"": 4276.82958984375, ""bin_index"": 623274, ""fft_size"": 1048576, ""interp_delta_bins"": 0.2766963662568473, ""freq_bin_hz"": 1.953125, ""dc_exclude_hz"": 5000.0, ""edge_exclude_hz"": 10000.0, ""novelty_enabled"": true, ""novelty_freq_tol_hz"": 5000.0, ""novelty_cooldown_s"": 3.0, ""novelty_score_delta"": 0.15, ""min_snr_db"": 8.0, ""min_prominence_db"": 6.0, ""local_window_bins"": 5, ""neighbor_support_db"": 3.0, ""method"": ""periodogram:hann+interp+dc_notch+edge_notch+guards+novelty+prominence""}"
c3838044-c85d-4b41-a40f-15e4b316c5b3,2025-08-25T18:13:53.021331,98202925.80357672,amplitude,1.0,critical,"Peak at 98.202926 MHz, SNR=43.8 dB, score=1.00",lite,b85b1f37-00a2-4a0c-b90c-b812b2b19f0c,"{""peak_power"": 101949424.0, ""baseline_power"": 4296.6953125, ""bin_index"": 628186, ""fft_size"": 1048576, ""interp_delta_bins"": 0.011431279940656406, ""freq_bin_hz"": 1.953125, ""dc_exclude_hz"": 5000.0, ""edge_exclude_hz"": 10000.0, ""novelty_enabled"": true, ""novelty_freq_tol_hz"": 5000.0, ""novelty_cooldown_s"": 3.0, ""novelty_score_delta"": 0.15, ""min_snr_db"": 8.0, ""min_prominence_db"": 6.0, ""local_window_bins"": 5, ""neighbor_support_db"": 3.0, ""method"": ""periodogram:hann+interp+dc_notch+edge_notch+guards+novelty+prominence""}"
2c015152-8832-4415-acbb-7fd1ed2f6978,2025-08-25T18:13:59.556301,98191290.32068259,amplitude,1.0,critical,"Peak at 98.191290 MHz, SNR=44.5 dB, score=1.00",lite,0e67b304-d049-4bef-a752-9d1379aa6e4d,"{""peak_power"": 120699136.0, ""baseline_power"": 4291.5810546875, ""bin_index"": 622229, ""fft_size"": 1048576, ""interp_delta_bins"": -0.35581051470311564, ""freq_bin_hz"": 1.953125, ""dc_exclude_hz"": 5000.0, ""edge_exclude_hz"": 10000.0, ""novelty_enabled"": true, ""novelty_freq_tol_hz"": 5000.0, ""novelty_cooldown_s"": 3.0, ""novelty_score_delta"": 0.15, ""min_snr_db"": 8.0, ""min_prominence_db"": 6.0, ""local_window_bins"": 5, ""neighbor_support_db"": 3.0, ""method"": ""periodogram:hann+interp+dc_notch+edge_notch+guards+novelty+prominence""}"
a2c5d6d3-3e34-4a4e-9e6d-1e7d69924e18,2025-08-25T18:14:13.009304,98203556.83652735,amplitude,1.0,critical,"Peak at 98.203557 MHz, SNR=44.6 dB, score=1.00",lite,bd1d51a0-2fce-4238-ba27-5c57f3137b95,"{""peak_power"": 127720672.0, ""baseline_power"": 4477.3486328125, ""bin_index"": 628509, ""fft_size"": 1048576, ""interp_delta_bins"": 0.10030199837281474, ""freq_bin_hz"": 1.953125, ""dc_exclude_hz"": 5000.0, ""edge_exclude_hz"": 10000.0, ""novelty_enabled"": true, ""novelty_freq_tol_hz"": 5000.0, ""novelty_cooldown_s"": 3.0, ""novelty_score_delta"": 0.15, ""min_snr_db"": 8.0, ""min_prominence_db"": 6.0, ""local_window_bins"": 5, ""neighbor_support_db"": 3.0, ""method"": ""periodogram:hann+interp+dc_notch+edge_notch+guards+novelty+prominence""}"
eac6d99f-f2ff-4438-a9de-6ac46ef3012e,2025-08-25T18:14:19.559808,98186925.12830538,amplitude,1.0,critical,"Peak at 98.186925 MHz, SNR=46.8 dB, score=1.00",lite,ca85c8f4-cdfb-45c7-8fe1-4c698e612589,"{""peak_power"": 175950784.0, ""baseline_power"": 3642.2041015625, ""bin_index"": 619994, ""fft_size"": 1048576, ""interp_delta_bins"": -0.3343076451605075, ""freq_bin_hz"": 1.953125, ""dc_exclude_hz"": 5000.0, ""edge_exclude_hz"": 10000.0, ""novelty_enabled"": true, ""novelty_freq_tol_hz"": 5000.0, ""novelty_cooldown_s"": 3.0, ""novelty_score_delta"": 0.15, ""min_snr_db"": 8.0, ""min_prominence_db"": 6.0, ""local_window_bins"": 5, ""neighbor_support_db"": 3.0, ""method"": ""periodogram:hann+interp+dc_notch+edge_notch+guards+novelty+prominence""}"
44ec25af-1497-497d-ac94-3823bbdcc081,2025-08-25T18:14:39.564846,98185671.18252023,amplitude,1.0,critical,"Peak at 98.185671 MHz, SNR=43.6 dB, score=1.00",lite,717e04f1-4ef0-44d8-84cf-005b99ae0ffb,"{""peak_power"": 100645616.0, ""baseline_power"": 4345.34814453125, ""bin_index"": 619352, ""fft_size"": 1048576, ""interp_delta_bins"": -0.3545496460134641, ""freq_bin_hz"": 1.953125, ""dc_exclude_hz"": 5000.0, ""edge_exclude_hz"": 10000.0, ""novelty_enabled"": true, ""novelty_freq_tol_hz"": 5000.0, ""novelty_cooldown_s"": 3.0, ""novelty_score_delta"": 0.15, ""min_snr_db"": 8.0, ""min_prominence_db"": 6.0, ""local_window_bins"": 5, ""neighbor_support_db"": 3.0, ""method"": ""periodogram:hann+interp+dc_notch+edge_notch+guards+novelty+prominence""}"
1c38f0de-5ea9-437b-9ad4-9bfc12bd8b71,2025-08-25T18:14:46.115091,98206937.90512374,amplitude,1.0,critical,"Peak at 98.206938 MHz, SNR=42.7 dB, score=1.00",lite,8728d96f-6583-4a8a-a85f-3f0985edff63,"{""peak_power"": 84277584.0, ""baseline_power"": 4544.3544921875, ""bin_index"": 630240, ""fft_size"": 1048576, ""interp_delta_bins"": 0.20742335348317378, ""freq_bin_hz"": 1.953125, ""dc_exclude_hz"": 5000.0, ""edge_exclude_hz"": 10000.0, ""novelty_enabled"": true, ""novelty_freq_tol_hz"": 5000.0, ""novelty_cooldown_s"": 3.0, ""novelty_score_delta"": 0.15, ""min_snr_db"": 8.0, ""min_prominence_db"": 6.0, ""local_window_bins"": 5, ""neighbor_support_db"": 3.0, ""method"": ""periodogram:hann+interp+dc_notch+edge_notch+guards+novelty+prominence""}"
5ce50ff1-a7c9-420d-8070-5b22d69fef6f,2025-08-25T18:14:59.539619,98183165.10886091,amplitude,1.0,critical,"Peak at 98.183165 MHz, SNR=44.5 dB, score=1.00",lite,4df06224-9777-436a-a3e9-aca4d1567acd,"{""peak_power"": 121868920.0, ""baseline_power"": 4309.3115234375, ""bin_index"": 618069, ""fft_size"": 1048576, ""interp_delta_bins"": -0.46426321765538126, ""freq_bin_hz"": 1.953125, ""dc_exclude_hz"": 5000.0, ""edge_exclude_hz"": 10000.0, ""novelty_enabled"": true, ""novelty_freq_tol_hz"": 5000.0, ""novelty_cooldown_s"": 3.0, ""novelty_score_delta"": 0.15, ""min_snr_db"": 8.0, ""min_prominence_db"": 6.0, ""local_window_bins"": 5, ""neighbor_support_db"": 3.0, ""method"": ""periodogram:hann+interp+dc_notch+edge_notch+guards+novelty+prominence""}"
da54c96a-02b6-4a79-bbf8-a99eaec11b1b,2025-08-25T18:15:19.545545,98186773.43657583,amplitude,1.0,critical,"Peak at 98.186773 MHz, SNR=44.3 dB, score=1.00",lite,732ef279-f311-4be3-9e3b-3d48e938ea19,"{""peak_power"": 117769488.0, ""baseline_power"": 4349.31494140625, ""bin_index"": 619916, ""fft_size"": 1048576, ""interp_delta_bins"": -0.000473174858270663, ""freq_bin_hz"": 1.953125, ""dc_exclude_hz"": 5000.0, ""edge_exclude_hz"": 10000.0, ""novelty_enabled"": true, ""novelty_freq_tol_hz"": 5000.0, ""novelty_cooldown_s"": 3.0, ""novelty_score_delta"": 0.15, ""min_snr_db"": 8.0, ""min_prominence_db"": 6.0, ""local_window_bins"": 5, ""neighbor_support_db"": 3.0, ""method"": ""periodogram:hann+interp+dc_notch+edge_notch+guards+novelty+prominence""}"
0a725f7e-b66a-4dbe-92bc-ef48cf9c0903,2025-08-25T18:15:26.092965,98200548.8302976,amplitude,1.0,critical,"Peak at 98.200549 MHz, SNR=47.1 dB, score=1.00",lite,3cf27957-3084-4d00-8ec5-73d2d766d7b8,"{""peak_power"": 193151936.0, ""baseline_power"": 3757.0263671875, ""bin_index"": 626969, ""fft_size"": 1048576, ""interp_delta_bins"": 0.001112374407393914, ""freq_bin_hz"": 1.953125, ""dc_exclude_hz"": 5000.0, ""edge_exclude_hz"": 10000.0, ""novelty_enabled"": true, ""novelty_freq_tol_hz"": 5000.0, ""novelty_cooldown_s"": 3.0, ""novelty_score_delta"": 0.15, ""min_snr_db"": 8.0, ""min_prominence_db"": 6.0, ""local_window_bins"": 5, ""neighbor_support_db"": 3.0, ""method"": ""periodogram:hann+interp+dc_notch+edge_notch+guards+novelty+prominence""}"
1d4d6fe9-7fa7-4145-9e9e-c6ded606d1f3,2025-08-25T18:15:33.013137,98194396.91598596,amplitude,1.0,critical,"Peak at 98.194397 MHz, SNR=46.3 dB, score=1.00",lite,a6003813-a0b7-42f1-b621-5b8d24ef526d,"{""peak_power"": 183870560.0, ""baseline_power"": 4304.638671875, ""bin_index"": 623819, ""fft_size"": 1048576, ""interp_delta_bins"": 0.22098480609220642, ""freq_bin_hz"": 1.953125, ""dc_exclude_hz"": 5000.0, ""edge_exclude_hz"": 10000.0, ""novelty_enabled"": true, ""novelty_freq_tol_hz"": 5000.0, ""novelty_cooldown_s"": 3.0, ""novelty_score_delta"": 0.15, ""min_snr_db"": 8.0, ""min_prominence_db"": 6.0, ""local_window_bins"": 5, ""neighbor_support_db"": 3.0, ""method"": ""periodogram:hann+interp+dc_notch+edge_notch+guards+novelty+prominence""}"
b643b6a3-b44d-4537-8e38-dda20ca23c42,2025-08-25T18:15:39.555667,98190199.3231093,amplitude,1.0,critical,"Peak at 98.190199 MHz, SNR=50.4 dB, score=1.00",lite,a2c7608a-891e-441d-9b74-2e14aead597d,"{""peak_power"": 418012352.0, ""baseline_power"": 3834.629638671875, ""bin_index"": 621670, ""fft_size"": 1048576, ""interp_delta_bins"": 0.05343196479563023, ""freq_bin_hz"": 1.953125, ""dc_exclude_hz"": 5000.0, ""edge_exclude_hz"": 10000.0, ""novelty_enabled"": true, ""novelty_freq_tol_hz"": 5000.0, ""novelty_cooldown_s"": 3.0, ""novelty_score_delta"": 0.15, ""min_snr_db"": 8.0, ""min_prominence_db"": 6.0, ""local_window_bins"": 5, ""neighbor_support_db"": 3.0, ""method"": ""periodogram:hann+interp+dc_notch+edge_notch+guards+novelty+prominence""}"
770ec121-2358-455d-99c4-be60eb1873de,2025-08-25T18:15:46.090283,98190451.028358,amplitude,1.0,critical,"Peak at 98.190451 MHz, SNR=49.5 dB, score=1.00",lite,8c1e4105-3b98-48fd-bffc-7854c9ae6824,"{""peak_power"": 317643808.0, ""baseline_power"": 3524.489501953125, ""bin_index"": 621799, ""fft_size"": 1048576, ""interp_delta_bins"": -0.07348070210002032, ""freq_bin_hz"": 1.953125, ""dc_exclude_hz"": 5000.0, ""edge_exclude_hz"": 10000.0, ""novelty_enabled"": true, ""novelty_freq_tol_hz"": 5000.0, ""novelty_cooldown_s"": 3.0, ""novelty_score_delta"": 0.15, ""min_snr_db"": 8.0, ""min_prominence_db"": 6.0, ""local_window_bins"": 5, ""neighbor_support_db"": 3.0, ""method"": ""periodogram:hann+interp+dc_notch+edge_notch+guards+novelty+prominence""}"
081cdcfc-06ba-422d-8427-69288f0e8240,2025-08-25T18:15:59.544271,98187904.77965553,amplitude,1.0,critical,"Peak at 98.187905 MHz, SNR=44.9 dB, score=1.00",lite,179521b6-8e33-4d73-992e-97436162b8d1,"{""peak_power"": 125785184.0, ""baseline_power"": 4056.75341796875, ""bin_index"": 620495, ""fft_size"": 1048576, ""interp_delta_bins"": 0.24718363523353243, ""freq_bin_hz"": 1.953125, ""dc_exclude_hz"": 5000.0, ""edge_exclude_hz"": 10000.0, ""novelty_enabled"": true, ""novelty_freq_tol_hz"": 5000.0, ""novelty_cooldown_s"": 3.0, ""novelty_score_delta"": 0.15, ""min_snr_db"": 8.0, ""min_prominence_db"": 6.0, ""local_window_bins"": 5, ""neighbor_support_db"": 3.0, ""method"": ""periodogram:hann+interp+dc_notch+edge_notch+guards+novelty+prominence""}"
db58a01d-5c19-4d99-9fa2-1bf8f339bc03,2025-08-25T18:16:06.088067,98168753.06185043,amplitude,1.0,critical,"Peak at 98.168753 MHz, SNR=43.0 dB, score=1.00",lite,cf7e2700-c7b6-4793-86b2-cbb1029c3191,"{""peak_power"": 85778368.0, ""baseline_power"": 4333.7451171875, ""bin_index"": 610690, ""fft_size"": 1048576, ""interp_delta_bins"": -0.43233257684739296, ""freq_bin_hz"": 1.953125, ""dc_exclude_hz"": 5000.0, ""edge_exclude_hz"": 10000.0, ""novelty_enabled"": true, ""novelty_freq_tol_hz"": 5000.0, ""novelty_cooldown_s"": 3.0, ""novelty_score_delta"": 0.15, ""min_snr_db"": 8.0, ""min_prominence_db"": 6.0, ""local_window_bins"": 5, ""neighbor_support_db"": 3.0, ""method"": ""periodogram:hann+interp+dc_notch+edge_notch+guards+novelty+prominence""}"
5c8dd1cf-9835-4fc2-ae52-5ea18650ac30,2025-08-25T18:16:46.100378,98182835.83398554,amplitude,1.0,critical,"Peak at 98.182836 MHz, SNR=44.4 dB, score=1.00",lite,ec8bef9c-b14f-4023-84cd-0cc1249d9d3c,"{""peak_power"": 121374784.0, ""baseline_power"": 4406.1904296875, ""bin_index"": 617900, ""fft_size"": 1048576, ""interp_delta_bins"": -0.05299940268911181, ""freq_bin_hz"": 1.953125, ""dc_exclude_hz"": 5000.0, ""edge_exclude_hz"": 10000.0, ""novelty_enabled"": true, ""novelty_freq_tol_hz"": 5000.0, ""novelty_cooldown_s"": 3.0, ""novelty_score_delta"": 0.15, ""min_snr_db"": 8.0, ""min_prominence_db"": 6.0, ""local_window_bins"": 5, ""neighbor_support_db"": 3.0, ""method"": ""periodogram:hann+interp+dc_notch+edge_notch+guards+novelty+prominence""}"
4e224719-bde7-4aac-ad9e-493bbc124f01,2025-08-25T18:16:53.006606,98203514.10041308,amplitude,1.0,critical,"Peak at 98.203514 MHz, SNR=43.3 dB, score=1.00",lite,9bc7c543-63c2-410a-b9d2-61690be8880d,"{""peak_power"": 96946704.0, ""baseline_power"": 4499.7607421875, ""bin_index"": 628487, ""fft_size"": 1048576, ""interp_delta_bins"": 0.21941149707515353, ""freq_bin_hz"": 1.953125, ""dc_exclude_hz"": 5000.0, ""edge_exclude_hz"": 10000.0, ""novelty_enabled"": true, ""novelty_freq_tol_hz"": 5000.0, ""novelty_cooldown_s"": 3.0, ""novelty_score_delta"": 0.15, ""min_snr_db"": 8.0, ""min_prominence_db"": 6.0, ""local_window_bins"": 5, ""neighbor_support_db"": 3.0, ""method"": ""periodogram:hann+interp+dc_notch+edge_notch+guards+novelty+prominence""}"
e4590502-bcd0-4226-aaec-19b4112535f7,2025-08-25T18:17:06.073667,98193983.29092574,amplitude,1.0,critical,"Peak at 98.193983 MHz, SNR=44.2 dB, score=1.00",lite,f8ee7eff-7ca2-4b8a-bbb7-994f90cdc439,"{""peak_power"": 118145616.0, ""baseline_power"": 4454.48486328125, ""bin_index"": 623607, ""fft_size"": 1048576, ""interp_delta_bins"": 0.44495398056283575, ""freq_bin_hz"": 1.953125, ""dc_exclude_hz"": 5000.0, ""edge_exclude_hz"": 10000.0, ""novelty_enabled"": true, ""novelty_freq_tol_hz"": 5000.0, ""novelty_cooldown_s"": 3.0, ""novelty_score_delta"": 0.15, ""min_snr_db"": 8.0, ""min_prominence_db"": 6.0, ""local_window_bins"": 5, ""neighbor_support_db"": 3.0, ""method"": ""periodogram:hann+interp+dc_notch+edge_notch+guards+novelty+prominence""}"
724ad214-51a2-4a06-b3e1-b8c7b17c83f1,2025-08-25T18:17:13.014589,98197272.07089761,amplitude,1.0,critical,"Peak at 98.197272 MHz, SNR=44.7 dB, score=1.00",lite,5a7e10f4-1665-49e4-8cb8-43a8a2d3cdcf,"{""peak_power"": 121684800.0, ""baseline_power"": 4097.4365234375, ""bin_index"": 625291, ""fft_size"": 1048576, ""interp_delta_bins"": 0.3002995720605414, ""freq_bin_hz"": 1.953125, ""dc_exclude_hz"": 5000.0, ""edge_exclude_hz"": 10000.0, ""novelty_enabled"": true, ""novelty_freq_tol_hz"": 5000.0, ""novelty_cooldown_s"": 3.0, ""novelty_score_delta"": 0.15, ""min_snr_db"": 8.0, ""min_prominence_db"": 6.0, ""local_window_bins"": 5, ""neighbor_support_db"": 3.0, ""method"": ""periodogram:hann+interp+dc_notch+edge_notch+guards+novelty+prominence""}"
9aefec25-88bb-41e9-9d17-80f8730dadf5,2025-08-25T18:17:19.547461,98201340.05146968,amplitude,1.0,critical,"Peak at 98.201340 MHz, SNR=47.9 dB, score=1.00",lite,457b4c1a-ae57-4ae5-a757-37d9884e6a8e,"{""peak_power"": 231793376.0, ""baseline_power"": 3791.1611328125, ""bin_index"": 627374, ""fft_size"": 1048576, ""interp_delta_bins"": 0.10635248059641245, ""freq_bin_hz"": 1.953125, ""dc_exclude_hz"": 5000.0, ""edge_exclude_hz"": 10000.0, ""novelty_enabled"": true, ""novelty_freq_tol_hz"": 5000.0, ""novelty_cooldown_s"": 3.0, ""novelty_score_delta"": 0.15, ""min_snr_db"": 8.0, ""min_prominence_db"": 6.0, ""local_window_bins"": 5, ""neighbor_support_db"": 3.0, ""method"": ""periodogram:hann+interp+dc_notch+edge_notch+guards+novelty+prominence""}"
ca3145b0-7d1d-4a02-b714-f790c2b33498,2025-08-25T18:17:33.023661,98188759.67843513,amplitude,1.0,critical,"Peak at 98.188760 MHz, SNR=43.4 dB, score=1.00",lite,d77b9681-e92d-451e-bcea-49fa35301ef0,"{""peak_power"": 98746616.0, ""baseline_power"": 4474.32763671875, ""bin_index"": 620933, ""fft_size"": 1048576, ""interp_delta_bins"": -0.04464121210557928, ""freq_bin_hz"": 1.953125, ""dc_exclude_hz"": 5000.0, ""edge_exclude_hz"": 10000.0, ""novelty_enabled"": true, ""novelty_freq_tol_hz"": 5000.0, ""novelty_cooldown_s"": 3.0, ""novelty_score_delta"": 0.15, ""min_snr_db"": 8.0, ""min_prominence_db"": 6.0, ""local_window_bins"": 5, ""neighbor_support_db"": 3.0, ""method"": ""periodogram:hann+interp+dc_notch+edge_notch+guards+novelty+prominence""}"
0e0223fd-c1fd-4a97-a8fa-eb78fd248347,2025-08-25T18:17:39.567569,98185201.21774243,amplitude,1.0,critical,"Peak at 98.185201 MHz, SNR=44.8 dB, score=1.00",lite,edda4df1-5d0c-4442-9636-c9fc6c815d44,"{""peak_power"": 122119608.0, ""baseline_power"": 4063.33251953125, ""bin_index"": 619111, ""fft_size"": 1048576, ""interp_delta_bins"": 0.023484123237841412, ""freq_bin_hz"": 1.953125, ""dc_exclude_hz"": 5000.0, ""edge_exclude_hz"": 10000.0, ""novelty_enabled"": true, ""novelty_freq_tol_hz"": 5000.0, ""novelty_cooldown_s"": 3.0, ""novelty_score_delta"": 0.15, ""min_snr_db"": 8.0, ""min_prominence_db"": 6.0, ""local_window_bins"": 5, ""neighbor_support_db"": 3.0, ""method"": ""periodogram:hann+interp+dc_notch+edge_notch+guards+novelty+prominence""}"
6e226ddf-c849-456a-b3bf-c012574ef3a3,2025-08-25T18:17:53.008533,98185792.09677374,amplitude,1.0,critical,"Peak at 98.185792 MHz, SNR=42.7 dB, score=1.00",lite,d4f44b23-396c-4751-98e4-9349bd739411,"{""peak_power"": 84906032.0, ""baseline_power"": 4566.48974609375, ""bin_index"": 619414, ""fft_size"": 1048576, ""interp_delta_bins"": -0.4464518436368586, ""freq_bin_hz"": 1.953125, ""dc_exclude_hz"": 5000.0, ""edge_exclude_hz"": 10000.0, ""novelty_enabled"": true, ""novelty_freq_tol_hz"": 5000.0, ""novelty_cooldown_s"": 3.0, ""novelty_score_delta"": 0.15, ""min_snr_db"": 8.0, ""min_prominence_db"": 6.0, ""local_window_bins"": 5, ""neighbor_support_db"": 3.0, ""method"": ""periodogram:hann+interp+dc_notch+edge_notch+guards+novelty+prominence""}"
4b8314b8-1b45-48fe-875c-6f2b4356240e,2025-08-25T18:17:59.541130,98177023.93501745,amplitude,1.0,critical,"Peak at 98.177024 MHz, SNR=42.3 dB, score=1.00",lite,7751c5d0-6f0b-49d8-8f1d-aec9d5b52305,"{""peak_power"": 73632608.0, ""baseline_power"": 4331.71484375, ""bin_index"": 614924, ""fft_size"": 1048576, ""interp_delta_bins"": 0.2547289356736184, ""freq_bin_hz"": 1.953125, ""dc_exclude_hz"": 5000.0, ""edge_exclude_hz"": 10000.0, ""novelty_enabled"": true, ""novelty_freq_tol_hz"": 5000.0, ""novelty_cooldown_s"": 3.0, ""novelty_score_delta"": 0.15, ""min_snr_db"": 8.0, ""min_prominence_db"": 6.0, ""local_window_bins"": 5, ""neighbor_support_db"": 3.0, ""method"": ""periodogram:hann+interp+dc_notch+edge_notch+guards+novelty+prominence""}"
aca87431-5014-40ef-9e6f-aa15eef0f505,2025-08-25T18:18:13.002410,98179351.18329808,amplitude,1.0,critical,"Peak at 98.179351 MHz, SNR=43.9 dB, score=1.00",lite,918fefee-1bed-4416-8c6a-c990b71deff7,"{""peak_power"": 109556320.0, ""baseline_power"": 4415.2333984375, ""bin_index"": 616116, ""fft_size"": 1048576, ""interp_delta_bins"": -0.1941513843593297, ""freq_bin_hz"": 1.953125, ""dc_exclude_hz"": 5000.0, ""edge_exclude_hz"": 10000.0, ""novelty_enabled"": true, ""novelty_freq_tol_hz"": 5000.0, ""novelty_cooldown_s"": 3.0, ""novelty_score_delta"": 0.15, ""min_snr_db"": 8.0, ""min_prominence_db"": 6.0, ""local_window_bins"": 5, ""neighbor_support_db"": 3.0, ""method"": ""periodogram:hann+interp+dc_notch+edge_notch+guards+novelty+prominence""}"
5061122a-520d-47a9-888c-746d6084cfad,2025-08-25T18:18:19.550303,98194279.79766585,amplitude,1.0,critical,"Peak at 98.194280 MHz, SNR=45.7 dB, score=1.00",lite,4c098982-3c86-433b-a973-b55c7add2433,"{""peak_power"": 151206352.0, ""baseline_power"": 4060.177734375, ""bin_index"": 623759, ""fft_size"": 1048576, ""interp_delta_bins"": 0.25640491763522555, ""freq_bin_hz"": 1.953125, ""dc_exclude_hz"": 5000.0, ""edge_exclude_hz"": 10000.0, ""novelty_enabled"": true, ""novelty_freq_tol_hz"": 5000.0, ""novelty_cooldown_s"": 3.0, ""novelty_score_delta"": 0.15, ""min_snr_db"": 8.0, ""min_prominence_db"": 6.0, ""local_window_bins"": 5, ""neighbor_support_db"": 3.0, ""method"": ""periodogram:hann+interp+dc_notch+edge_notch+guards+novelty+prominence""}"
5707a4e1-64fe-4804-9b63-329c12f3a909,2025-08-25T18:18:39.585310,98196141.92557146,amplitude,1.0,critical,"Peak at 98.196142 MHz, SNR=45.2 dB, score=1.00",lite,eecb0646-58b4-4feb-94b0-ae4204c3db35,"{""peak_power"": 132025920.0, ""baseline_power"": 3955.79541015625, ""bin_index"": 624713, ""fft_size"": 1048576, ""interp_delta_bins"": -0.3341074113550585, ""freq_bin_hz"": 1.953125, ""dc_exclude_hz"": 5000.0, ""edge_exclude_hz"": 10000.0, ""novelty_enabled"": true, ""novelty_freq_tol_hz"": 5000.0, ""novelty_cooldown_s"": 3.0, ""novelty_score_delta"": 0.15, ""min_snr_db"": 8.0, ""min_prominence_db"": 6.0, ""local_window_bins"": 5, ""neighbor_support_db"": 3.0, ""method"": ""periodogram:hann+interp+dc_notch+edge_notch+guards+novelty+prominence""}"
40dcacc8-aeb8-4e49-9106-f049a916cd81,2025-08-25T18:18:53.012308,98183622.7595734,amplitude,1.0,critical,"Peak at 98.183623 MHz, SNR=44.1 dB, score=1.00",lite,56c9fced-aba2-43a8-a2d3-f0eb01e56ddf,"{""peak_power"": 116609696.0, ""baseline_power"": 4536.71826171875, ""bin_index"": 618303, ""fft_size"": 1048576, ""interp_delta_bins"": -0.14709842050277352, ""freq_bin_hz"": 1.953125, ""dc_exclude_hz"": 5000.0, ""edge_exclude_hz"": 10000.0, ""novelty_enabled"": true, ""novelty_freq_tol_hz"": 5000.0, ""novelty_cooldown_s"": 3.0, ""novelty_score_delta"": 0.15, ""min_snr_db"": 8.0, ""min_prominence_db"": 6.0, ""local_window_bins"": 5, ""neighbor_support_db"": 3.0, ""method"": ""periodogram:hann+interp+dc_notch+edge_notch+guards+novelty+prominence""}"
8f9f95d1-ac76-4f44-8410-0235c35d607a,2025-08-25T18:18:59.556571,98200768.7840242,amplitude,1.0,critical,"Peak at 98.200769 MHz, SNR=44.2 dB, score=1.00",lite,d33fc0eb-18c8-4dfe-8a0f-6043c22c675c,"{""peak_power"": 105712584.0, ""baseline_power"": 4007.70947265625, ""bin_index"": 627082, ""fft_size"": 1048576, ""interp_delta_bins"": -0.3825796127624997, ""freq_bin_hz"": 1.953125, ""dc_exclude_hz"": 5000.0, ""edge_exclude_hz"": 10000.0, ""novelty_enabled"": true, ""novelty_freq_tol_hz"": 5000.0, ""novelty_cooldown_s"": 3.0, ""novelty_score_delta"": 0.15, ""min_snr_db"": 8.0, ""min_prominence_db"": 6.0, ""local_window_bins"": 5, ""neighbor_support_db"": 3.0, ""method"": ""periodogram:hann+interp+dc_notch+edge_notch+guards+novelty+prominence""}"
80ea2765-93b5-43e1-a881-76448c76290d,2025-08-25T18:19:33.018083,98190124.75457358,amplitude,1.0,critical,"Peak at 98.190125 MHz, SNR=45.8 dB, score=1.00",lite,404d304c-5bce-45ca-9360-7d8321801b2c,"{""peak_power"": 153161232.0, ""baseline_power"": 4057.563232421875, ""bin_index"": 621632, ""fft_size"": 1048576, ""interp_delta_bins"": -0.1256583219869808, ""freq_bin_hz"": 1.953125, ""dc_exclude_hz"": 5000.0, ""edge_exclude_hz"": 10000.0, ""novelty_enabled"": true, ""novelty_freq_tol_hz"": 5000.0, ""novelty_cooldown_s"": 3.0, ""novelty_score_delta"": 0.15, ""min_snr_db"": 8.0, ""min_prominence_db"": 6.0, ""local_window_bins"": 5, ""neighbor_support_db"": 3.0, ""method"": ""periodogram:hann+interp+dc_notch+edge_notch+guards+novelty+prominence""}"
0a170ec8-5dbe-4bbf-85fe-a9c6b337fa51,2025-08-25T18:19:53.019941,98192700.14332972,amplitude,1.0,critical,"Peak at 98.192700 MHz, SNR=47.5 dB, score=1.00",lite,806558cf-4f66-47eb-8f16-a130c9292dcf,"{""peak_power"": 212247152.0, ""baseline_power"": 3813.95068359375, ""bin_index"": 622950, ""fft_size"": 1048576, ""interp_delta_bins"": 0.47338481774997615, ""freq_bin_hz"": 1.953125, ""dc_exclude_hz"": 5000.0, ""edge_exclude_hz"": 10000.0, ""novelty_enabled"": true, ""novelty_freq_tol_hz"": 5000.0, ""novelty_cooldown_s"": 3.0, ""novelty_score_delta"": 0.15, ""min_snr_db"": 8.0, ""min_prominence_db"": 6.0, ""local_window_bins"": 5, ""neighbor_support_db"": 3.0, ""method"": ""periodogram:hann+interp+dc_notch+edge_notch+guards+novelty+prominence""}"
3fab08a8-c9d7-4fce-b78e-3fdef426ddeb,2025-08-25T18:19:59.557690,98180217.21733463,amplitude,1.0,critical,"Peak at 98.180217 MHz, SNR=43.4 dB, score=1.00",lite,c68c3a9c-a641-42bd-b926-2911869fde5e,"{""peak_power"": 96246320.0, ""baseline_power"": 4422.921875, ""bin_index"": 616559, ""fft_size"": 1048576, ""interp_delta_bins"": 0.21527532821268988, ""freq_bin_hz"": 1.953125, ""dc_exclude_hz"": 5000.0, ""edge_exclude_hz"": 10000.0, ""novelty_enabled"": true, ""novelty_freq_tol_hz"": 5000.0, ""novelty_cooldown_s"": 3.0, ""novelty_score_delta"": 0.15, ""min_snr_db"": 8.0, ""min_prominence_db"": 6.0, ""local_window_bins"": 5, ""neighbor_support_db"": 3.0, ""method"": ""periodogram:hann+interp+dc_notch+edge_notch+guards+novelty+prominence""}"
0fb9e858-1a23-477b-821e-f2bf1047a48c,2025-08-25T18:20:06.105571,98200471.02260052,amplitude,1.0,critical,"Peak at 98.200471 MHz, SNR=44.1 dB, score=1.00",lite,5685f2fd-289f-490f-96ef-9341ca1c1a85,"{""peak_power"": 113637680.0, ""baseline_power"": 4400.23828125, ""bin_index"": 626929, ""fft_size"": 1048576, ""interp_delta_bins"": 0.16357146089624838, ""freq_bin_hz"": 1.953125, ""dc_exclude_hz"": 5000.0, ""edge_exclude_hz"": 10000.0, ""novelty_enabled"": true, ""novelty_freq_tol_hz"": 5000.0, ""novelty_cooldown_s"": 3.0, ""novelty_score_delta"": 0.15, ""min_snr_db"": 8.0, ""min_prominence_db"": 6.0, ""local_window_bins"": 5, ""neighbor_support_db"": 3.0, ""method"": ""periodogram:hann+interp+dc_notch+edge_notch+guards+novelty+prominence""}"
11ecfc09-012c-4629-8ea0-178add23e9f1,2025-08-25T18:20:26.082670,98181134.23030697,amplitude,1.0,critical,"Peak at 98.181134 MHz, SNR=43.0 dB, score=1.00",lite,ee1214ad-ae21-4993-9c71-1896868b057f,"{""peak_power"": 87876992.0, ""baseline_power"": 4445.576171875, ""bin_index"": 617029, ""fft_size"": 1048576, ""interp_delta_bins"": -0.27408282982949844, ""freq_bin_hz"": 1.953125, ""dc_exclude_hz"": 5000.0, ""edge_exclude_hz"": 10000.0, ""novelty_enabled"": true, ""novelty_freq_tol_hz"": 5000.0, ""novelty_cooldown_s"": 3.0, ""novelty_score_delta"": 0.15, ""min_snr_db"": 8.0, ""min_prominence_db"": 6.0, ""local_window_bins"": 5, ""neighbor_support_db"": 3.0, ""method"": ""periodogram:hann+interp+dc_notch+edge_notch+guards+novelty+prominence""}"
ed822481-2507-403a-9238-630e6ab8c2ab,2025-08-25T18:20:33.037335,98183590.22426155,amplitude,1.0,critical,"Peak at 98.183590 MHz, SNR=43.4 dB, score=1.00",lite,af659b06-cdd7-4c32-89de-ac109062b1a6,"{""peak_power"": 97164928.0, ""baseline_power"": 4415.85595703125, ""bin_index"": 618286, ""fft_size"": 1048576, ""interp_delta_bins"": 0.19482191613950153, ""freq_bin_hz"": 1.953125, ""dc_exclude_hz"": 5000.0, ""edge_exclude_hz"": 10000.0, ""novelty_enabled"": true, ""novelty_freq_tol_hz"": 5000.0, ""novelty_cooldown_s"": 3.0, ""novelty_score_delta"": 0.15, ""min_snr_db"": 8.0, ""min_prominence_db"": 6.0, ""local_window_bins"": 5, ""neighbor_support_db"": 3.0, ""method"": ""periodogram:hann+interp+dc_notch+edge_notch+guards+novelty+prominence""}"
3859efbd-5ca7-4085-b95a-851da8fdb679,2025-08-25T18:20:46.120066,98184077.02567019,amplitude,1.0,critical,"Peak at 98.184077 MHz, SNR=44.0 dB, score=1.00",lite,43cff273-7676-4c17-af5a-fdffeca424b2,"{""peak_power"": 107142512.0, ""baseline_power"": 4242.18017578125, ""bin_index"": 618535, ""fft_size"": 1048576, ""interp_delta_bins"": 0.4371431317647809, ""freq_bin_hz"": 1.953125, ""dc_exclude_hz"": 5000.0, ""edge_exclude_hz"": 10000.0, ""novelty_enabled"": true, ""novelty_freq_tol_hz"": 5000.0, ""novelty_cooldown_s"": 3.0, ""novelty_score_delta"": 0.15, ""min_snr_db"": 8.0, ""min_prominence_db"": 6.0, ""local_window_bins"": 5, ""neighbor_support_db"": 3.0, ""method"": ""periodogram:hann+interp+dc_notch+edge_notch+guards+novelty+prominence""}"
32935001-ff2c-4226-b9d7-2ef79da665f7,2025-08-25T18:20:53.007399,98187957.48195195,amplitude,1.0,critical,"Peak at 98.187957 MHz, SNR=44.7 dB, score=1.00",lite,ecc88892-1a99-453d-9151-49c487d455f9,"{""peak_power"": 121853344.0, ""baseline_power"": 4119.4052734375, ""bin_index"": 620522, ""fft_size"": 1048576, ""interp_delta_bins"": 0.23075939612621435, ""freq_bin_hz"": 1.953125, ""dc_exclude_hz"": 5000.0, ""edge_exclude_hz"": 10000.0, ""novelty_enabled"": true, ""novelty_freq_tol_hz"": 5000.0, ""novelty_cooldown_s"": 3.0, ""novelty_score_delta"": 0.15, ""min_snr_db"": 8.0, ""min_prominence_db"": 6.0, ""local_window_bins"": 5, ""neighbor_support_db"": 3.0, ""method"": ""periodogram:hann+interp+dc_notch+edge_notch+guards+novelty+prominence""}"
55ccb568-821b-41b6-a608-611d5efe6f23,2025-08-25T18:20:59.547926,98205033.66421443,amplitude,1.0,critical,"Peak at 98.205034 MHz, SNR=45.5 dB, score=1.00",lite,c8456bca-d063-4031-8c30-1df25c448fae,"{""peak_power"": 134797216.0, ""baseline_power"": 3783.294921875, ""bin_index"": 629265, ""fft_size"": 1048576, ""interp_delta_bins"": 0.2360777912624117, ""freq_bin_hz"": 1.953125, ""dc_exclude_hz"": 5000.0, ""edge_exclude_hz"": 10000.0, ""novelty_enabled"": true, ""novelty_freq_tol_hz"": 5000.0, ""novelty_cooldown_s"": 3.0, ""novelty_score_delta"": 0.15, ""min_snr_db"": 8.0, ""min_prominence_db"": 6.0, ""local_window_bins"": 5, ""neighbor_support_db"": 3.0, ""method"": ""periodogram:hann+interp+dc_notch+edge_notch+guards+novelty+prominence""}"
588b012e-0751-471c-986f-05fe7d02a5c8,2025-08-25T18:21:13.017143,98200850.33781652,amplitude,1.0,critical,"Peak at 98.200850 MHz, SNR=43.0 dB, score=1.00",lite,a34ac662-bf01-49de-9db7-43d1bd534117,"{""peak_power"": 85683096.0, ""baseline_power"": 4320.7509765625, ""bin_index"": 627123, ""fft_size"": 1048576, ""interp_delta_bins"": 0.37296206109968233, ""freq_bin_hz"": 1.953125, ""dc_exclude_hz"": 5000.0, ""edge_exclude_hz"": 10000.0, ""novelty_enabled"": true, ""novelty_freq_tol_hz"": 5000.0, ""novelty_cooldown_s"": 3.0, ""novelty_score_delta"": 0.15, ""min_snr_db"": 8.0, ""min_prominence_db"": 6.0, ""local_window_bins"": 5, ""neighbor_support_db"": 3.0, ""method"": ""periodogram:hann+interp+dc_notch+edge_notch+guards+novelty+prominence""}"
c6394cff-a862-4d5f-b45d-3140317db35c,2025-08-25T18:21:39.570495,98183577.8894983,amplitude,1.0,critical,"Peak at 98.183578 MHz, SNR=44.9 dB, score=1.00",lite,7ccc47ef-b5d0-48c7-8494-50f130cf8852,"{""peak_power"": 127810368.0, ""baseline_power"": 4173.84716796875, ""bin_index"": 618280, ""fft_size"": 1048576, ""interp_delta_bins"": -0.12057687144583573, ""freq_bin_hz"": 1.953125, ""dc_exclude_hz"": 5000.0, ""edge_exclude_hz"": 10000.0, ""novelty_enabled"": true, ""novelty_freq_tol_hz"": 5000.0, ""novelty_cooldown_s"": 3.0, ""novelty_score_delta"": 0.15, ""min_snr_db"": 8.0, ""min_prominence_db"": 6.0, ""local_window_bins"": 5, ""neighbor_support_db"": 3.0, ""method"": ""periodogram:hann+interp+dc_notch+edge_notch+guards+novelty+prominence""}"
67a51747-6dc9-4b67-b0bb-2db4d3865edf,2025-08-25T18:22:06.089434,98193526.55048367,amplitude,1.0,critical,"Peak at 98.193527 MHz, SNR=45.4 dB, score=1.00",lite,cc6b1118-23ae-4cea-985f-19a330124322,"{""peak_power"": 150187952.0, ""baseline_power"": 4322.25439453125, ""bin_index"": 623374, ""fft_size"": 1048576, ""interp_delta_bins"": -0.40615235879777223, ""freq_bin_hz"": 1.953125, ""dc_exclude_hz"": 5000.0, ""edge_exclude_hz"": 10000.0, ""novelty_enabled"": true, ""novelty_freq_tol_hz"": 5000.0, ""novelty_cooldown_s"": 3.0, ""novelty_score_delta"": 0.15, ""min_snr_db"": 8.0, ""min_prominence_db"": 6.0, ""local_window_bins"": 5, ""neighbor_support_db"": 3.0, ""method"": ""periodogram:hann+interp+dc_notch+edge_notch+guards+novelty+prominence""}"
4c9a40f4-c41e-42f8-b75d-1ff7c2dd5d35,2025-08-25T18:22:13.010327,98188047.18147443,amplitude,1.0,critical,"Peak at 98.188047 MHz, SNR=42.8 dB, score=1.00",lite,7d086304-2153-4b1c-8d6e-8cb1a18c72af,"{""peak_power"": 81243776.0, ""baseline_power"": 4287.9677734375, ""bin_index"": 620568, ""fft_size"": 1048576, ""interp_delta_bins"": 0.15691491202654878, ""freq_bin_hz"": 1.953125, ""dc_exclude_hz"": 5000.0, ""edge_exclude_hz"": 10000.0, ""novelty_enabled"": true, ""novelty_freq_tol_hz"": 5000.0, ""novelty_cooldown_s"": 3.0, ""novelty_score_delta"": 0.15, ""min_snr_db"": 8.0, ""min_prominence_db"": 6.0, ""local_window_bins"": 5, ""neighbor_support_db"": 3.0, ""method"": ""periodogram:hann+interp+dc_notch+edge_notch+guards+novelty+prominence""}"
65b0d957-c4c5-42bb-9aeb-745c427fc961,2025-08-25T18:22:26.085118,98210478.11628951,amplitude,1.0,critical,"Peak at 98.210478 MHz, SNR=43.6 dB, score=1.00",lite,07729c21-59e8-437d-9ffb-565f5cbba99f,"{""peak_power"": 94879720.0, ""baseline_power"": 4163.828125, ""bin_index"": 632053, ""fft_size"": 1048576, ""interp_delta_bins"": -0.20445976987550615, ""freq_bin_hz"": 1.953125, ""dc_exclude_hz"": 5000.0, ""edge_exclude_hz"": 10000.0, ""novelty_enabled"": true, ""novelty_freq_tol_hz"": 5000.0, ""novelty_cooldown_s"": 3.0, ""novelty_score_delta"": 0.15, ""min_snr_db"": 8.0, ""min_prominence_db"": 6.0, ""local_window_bins"": 5, ""neighbor_support_db"": 3.0, ""method"": ""periodogram:hann+interp+dc_notch+edge_notch+guards+novelty+prominence""}"
dbc8f439-3d3b-424d-911c-a7ec6aa0390f,2025-08-25T18:22:59.548350,98197497.59811985,amplitude,1.0,critical,"Peak at 98.197498 MHz, SNR=44.8 dB, score=1.00",lite,b404c88e-e443-4984-9fbb-d5ca674629cd,"{""peak_power"": 125998024.0, ""baseline_power"": 4150.677734375, ""bin_index"": 625407, ""fft_size"": 1048576, ""interp_delta_bins"": -0.2297626319478596, ""freq_bin_hz"": 1.953125, ""dc_exclude_hz"": 5000.0, ""edge_exclude_hz"": 10000.0, ""novelty_enabled"": true, ""novelty_freq_tol_hz"": 5000.0, ""novelty_cooldown_s"": 3.0, ""novelty_score_delta"": 0.15, ""min_snr_db"": 8.0, ""min_prominence_db"": 6.0, ""local_window_bins"": 5, ""neighbor_support_db"": 3.0, ""method"": ""periodogram:hann+interp+dc_notch+edge_notch+guards+novelty+prominence""}"
3d1b3764-a7a0-41c0-8605-5f0ea9862285,2025-08-25T18:23:12.997547,98193271.38233063,amplitude,1.0,critical,"Peak at 98.193271 MHz, SNR=45.8 dB, score=1.00",lite,f98b2e5d-fe39-430b-a3c0-08053b13047a,"{""peak_power"": 146934976.0, ""baseline_power"": 3866.7060546875, ""bin_index"": 623243, ""fft_size"": 1048576, ""interp_delta_bins"": -0.05224671682816448, ""freq_bin_hz"": 1.953125, ""dc_exclude_hz"": 5000.0, ""edge_exclude_hz"": 10000.0, ""novelty_enabled"": true, ""novelty_freq_tol_hz"": 5000.0, ""novelty_cooldown_s"": 3.0, ""novelty_score_delta"": 0.15, ""min_snr_db"": 8.0, ""min_prominence_db"": 6.0, ""local_window_bins"": 5, ""neighbor_support_db"": 3.0, ""method"": ""periodogram:hann+interp+dc_notch+edge_notch+guards+novelty+prominence""}"
3630b537-0fc9-4da7-afce-7304f0b052b4,2025-08-25T18:23:19.529165,98204875.03505625,amplitude,1.0,critical,"Peak at 98.204875 MHz, SNR=44.4 dB, score=1.00",lite,5ce90f36-7609-488e-b18d-564d201b4ce0,"{""peak_power"": 115089120.0, ""baseline_power"": 4207.544921875, ""bin_index"": 629184, ""fft_size"": 1048576, ""interp_delta_bins"": 0.0179487981374823, ""freq_bin_hz"": 1.953125, ""dc_exclude_hz"": 5000.0, ""edge_exclude_hz"": 10000.0, ""novelty_enabled"": true, ""novelty_freq_tol_hz"": 5000.0, ""novelty_cooldown_s"": 3.0, ""novelty_score_delta"": 0.15, ""min_snr_db"": 8.0, ""min_prominence_db"": 6.0, ""local_window_bins"": 5, ""neighbor_support_db"": 3.0, ""method"": ""periodogram:hann+interp+dc_notch+edge_notch+guards+novelty+prominence""}"
8932d2ed-5487-4c57-b6fe-88cfa0dad853,2025-08-25T18:23:26.072994,98186352.65539013,amplitude,1.0,critical,"Peak at 98.186353 MHz, SNR=43.8 dB, score=1.00",lite,b89fea86-7fe4-47e7-909a-28890e660ad1,"{""peak_power"": 106017744.0, ""baseline_power"": 4413.19287109375, ""bin_index"": 619701, ""fft_size"": 1048576, ""interp_delta_bins"": -0.440440251831823, ""freq_bin_hz"": 1.953125, ""dc_exclude_hz"": 5000.0, ""edge_exclude_hz"": 10000.0, ""novelty_enabled"": true, ""novelty_freq_tol_hz"": 5000.0, ""novelty_cooldown_s"": 3.0, ""novelty_score_delta"": 0.15, ""min_snr_db"": 8.0, ""min_prominence_db"": 6.0, ""local_window_bins"": 5, ""neighbor_support_db"": 3.0, ""method"": ""periodogram:hann+interp+dc_notch+edge_notch+guards+novelty+prominence""}"
581d21c4-797c-408a-bde4-0762e3631aec,2025-08-25T18:23:33.017666,98192655.26136772,amplitude,1.0,critical,"Peak at 98.192655 MHz, SNR=44.7 dB, score=1.00",lite,eac4b783-90bd-4ae1-a58c-7467340f001d,"{""peak_power"": 128727712.0, ""baseline_power"": 4364.2705078125, ""bin_index"": 622927, ""fft_size"": 1048576, ""interp_delta_bins"": 0.49382027315036137, ""freq_bin_hz"": 1.953125, ""dc_exclude_hz"": 5000.0, ""edge_exclude_hz"": 10000.0, ""novelty_enabled"": true, ""novelty_freq_tol_hz"": 5000.0, ""novelty_cooldown_s"": 3.0, ""novelty_score_delta"": 0.15, ""min_snr_db"": 8.0, ""min_prominence_db"": 6.0, ""local_window_bins"": 5, ""neighbor_support_db"": 3.0, ""method"": ""periodogram:hann+interp+dc_notch+edge_notch+guards+novelty+prominence""}"
354527ec-ddb7-46f6-8418-ade98f9d546a,2025-08-25T18:23:46.090569,98192891.17470725,amplitude,1.0,critical,"Peak at 98.192891 MHz, SNR=44.4 dB, score=1.00",lite,79fee8d1-6820-4ce1-a445-479b6246eaa2,"{""peak_power"": 114452160.0, ""baseline_power"": 4116.5400390625, ""bin_index"": 623048, ""fft_size"": 1048576, ""interp_delta_bins"": 0.2814501147895785, ""freq_bin_hz"": 1.953125, ""dc_exclude_hz"": 5000.0, ""edge_exclude_hz"": 10000.0, ""novelty_enabled"": true, ""novelty_freq_tol_hz"": 5000.0, ""novelty_cooldown_s"": 3.0, ""novelty_score_delta"": 0.15, ""min_snr_db"": 8.0, ""min_prominence_db"": 6.0, ""local_window_bins"": 5, ""neighbor_support_db"": 3.0, ""method"": ""periodogram:hann+interp+dc_notch+edge_notch+guards+novelty+prominence""}"
9ac57bc7-4371-4173-819b-8213a92c3753,2025-08-25T18:23:59.557696,98192494.91356479,amplitude,1.0,critical,"Peak at 98.192495 MHz, SNR=44.0 dB, score=1.00",lite,409e8923-340b-4077-96a3-068c94be8b5b,"{""peak_power"": 100972272.0, ""baseline_power"": 4040.194580078125, ""bin_index"": 622845, ""fft_size"": 1048576, ""interp_delta_bins"": 0.3957451687986824, ""freq_bin_hz"": 1.953125, ""dc_exclude_hz"": 5000.0, ""edge_exclude_hz"": 10000.0, ""novelty_enabled"": true, ""novelty_freq_tol_hz"": 5000.0, ""novelty_cooldown_s"": 3.0, ""novelty_score_delta"": 0.15, ""min_snr_db"": 8.0, ""min_prominence_db"": 6.0, ""local_window_bins"": 5, ""neighbor_support_db"": 3.0, ""method"": ""periodogram:hann+interp+dc_notch+edge_notch+guards+novelty+prominence""}"
7c4b3b7c-3005-4e0e-97a8-23f52d6a16a3,2025-08-25T18:47:03.262018,98197181.97694011,amplitude,1.0,critical,"Peak at 98.197182 MHz, SNR=43.3 dB, score=1.00",lite,d55811d9-3e2d-4a04-bbf7-76d683c3d52c,"{""peak_power"": 92321048.0, ""baseline_power"": 4288.228515625, ""bin_index"": 625245, ""fft_size"": 1048576, ""interp_delta_bins"": 0.17219333937905565, ""freq_bin_hz"": 1.953125, ""dc_exclude_hz"": 5000.0, ""edge_exclude_hz"": 10000.0, ""novelty_enabled"": true, ""novelty_freq_tol_hz"": 5000.0, ""novelty_cooldown_s"": 3.0, ""novelty_score_delta"": 0.15, ""min_snr_db"": 8.0, ""min_prominence_db"": 6.0, ""local_window_bins"": 5, ""neighbor_support_db"": 3.0, ""method"": ""periodogram:hann+interp+dc_notch+edge_notch+guards+novelty+prominence""}"
b482fccf-76e8-45e8-822f-53ce47047dd0,2025-08-25T19:29:30.112649,98200433.83539057,amplitude,1.0,critical,"Peak at 98.200434 MHz, SNR=43.9 dB, score=1.00",lite,767c045f-68cf-4004-ac4b-a937c13e1a26,"{""peak_power"": 102795760.0, ""baseline_power"": 4205.52783203125, ""bin_index"": 626910, ""fft_size"": 1048576, ""interp_delta_bins"": 0.12371997233172723, ""freq_bin_hz"": 1.953125, ""dc_exclude_hz"": 5000.0, ""edge_exclude_hz"": 10000.0, ""novelty_enabled"": true, ""novelty_freq_tol_hz"": 5000.0, ""novelty_cooldown_s"": 3.0, ""novelty_score_delta"": 0.15, ""min_snr_db"": 8.0, ""min_prominence_db"": 6.0, ""local_window_bins"": 5, ""neighbor_support_db"": 3.0, ""method"": ""periodogram:hann+interp+dc_notch+edge_notch+guards+novelty+prominence""}"
5d15f6ab-e7ce-44e9-a75b-2b173d2c6e2e,2025-08-25T19:29:44.179349,98190550.75980593,amplitude,1.0,critical,"Peak at 98.190551 MHz, SNR=44.1 dB, score=1.00",lite,5c82fb6c-6d8b-43c7-a9c8-9d56c524e4d7,"{""peak_power"": 109485536.0, ""baseline_power"": 4223.318359375, ""bin_index"": 621850, ""fft_size"": 1048576, ""interp_delta_bins"": -0.010979362946407886, ""freq_bin_hz"": 1.953125, ""dc_exclude_hz"": 5000.0, ""edge_exclude_hz"": 10000.0, ""novelty_enabled"": true, ""novelty_freq_tol_hz"": 5000.0, ""novelty_cooldown_s"": 3.0, ""novelty_score_delta"": 0.15, ""min_snr_db"": 8.0, ""min_prominence_db"": 6.0, ""local_window_bins"": 5, ""neighbor_support_db"": 3.0, ""method"": ""periodogram:hann+interp+dc_notch+edge_notch+guards+novelty+prominence""}"
580ca1af-5d12-480e-b610-53058e136284,2025-08-25T19:29:57.668222,98189338.33982919,amplitude,1.0,critical,"Peak at 98.189338 MHz, SNR=44.5 dB, score=1.00",lite,b8a18139-7885-4254-807c-5e04339ee957,"{""peak_power"": 116284080.0, ""baseline_power"": 4089.827880859375, ""bin_index"": 621229, ""fft_size"": 1048576, ""interp_delta_bins"": 0.22999254373473524, ""freq_bin_hz"": 1.953125, ""dc_exclude_hz"": 5000.0, ""edge_exclude_hz"": 10000.0, ""novelty_enabled"": true, ""novelty_freq_tol_hz"": 5000.0, ""novelty_cooldown_s"": 3.0, ""novelty_score_delta"": 0.15, ""min_snr_db"": 8.0, ""min_prominence_db"": 6.0, ""local_window_bins"": 5, ""neighbor_support_db"": 3.0, ""method"": ""periodogram:hann+interp+dc_notch+edge_notch+guards+novelty+prominence""}"
de96d7dc-33ce-4a74-bf07-b19525bb7e16,2025-08-25T19:30:10.767918,98193457.39083113,amplitude,1.0,critical,"Peak at 98.193457 MHz, SNR=46.0 dB, score=1.00",lite,ec7d5886-6cb3-408a-b9fc-4f511e396a82,"{""peak_power"": 162913792.0, ""baseline_power"": 4085.81396484375, ""bin_index"": 623338, ""fft_size"": 1048576, ""interp_delta_bins"": 0.18410553796104479, ""freq_bin_hz"": 1.953125, ""dc_exclude_hz"": 5000.0, ""edge_exclude_hz"": 10000.0, ""novelty_enabled"": true, ""novelty_freq_tol_hz"": 5000.0, ""novelty_cooldown_s"": 3.0, ""novelty_score_delta"": 0.15, ""min_snr_db"": 8.0, ""min_prominence_db"": 6.0, ""local_window_bins"": 5, ""neighbor_support_db"": 3.0, ""method"": ""periodogram:hann+interp+dc_notch+edge_notch+guards+novelty+prominence""}"
b56554d7-9602-4a37-8736-02a86ce6c637,2025-08-25T19:30:17.641671,98192303.02957854,amplitude,1.0,critical,"Peak at 98.192303 MHz, SNR=59.8 dB, score=1.00",lite,4efe904d-cdb7-4fe4-822c-3be99dd48855,"{""peak_power"": 2518894080.0, ""baseline_power"": 2664.485107421875, ""bin_index"": 622747, ""fft_size"": 1048576, ""interp_delta_bins"": 0.15114420735329362, ""freq_bin_hz"": 1.953125, ""dc_exclude_hz"": 5000.0, ""edge_exclude_hz"": 10000.0, ""novelty_enabled"": true, ""novelty_freq_tol_hz"": 5000.0, ""novelty_cooldown_s"": 3.0, ""novelty_score_delta"": 0.15, ""min_snr_db"": 8.0, ""min_prominence_db"": 6.0, ""local_window_bins"": 5, ""neighbor_support_db"": 3.0, ""method"": ""periodogram:hann+interp+dc_notch+edge_notch+guards+novelty+prominence""}"
124d2540-f648-4f15-8bb5-6ee358bde140,2025-08-25T20:19:49.457596,98195056.304211,amplitude,1.0,critical,"Peak at 98.195056 MHz, SNR=43.0 dB, score=1.00",lite,a0f728e6-a74a-4779-8187-f75a1bce648a,"{""peak_power"": 89659920.0, ""baseline_power"": 4486.7236328125, ""bin_index"": 624157, ""fft_size"": 1048576, ""interp_delta_bins"": -0.17224396303887698, ""freq_bin_hz"": 1.953125, ""dc_exclude_hz"": 5000.0, ""edge_exclude_hz"": 10000.0, ""novelty_enabled"": true, ""novelty_freq_tol_hz"": 5000.0, ""novelty_cooldown_s"": 3.0, ""novelty_score_delta"": 0.15, ""min_snr_db"": 8.0, ""min_prominence_db"": 6.0, ""local_window_bins"": 5, ""neighbor_support_db"": 3.0, ""method"": ""periodogram:hann+interp+dc_notch+edge_notch+guards+novelty+prominence""}"
df04f0c0-4704-45fc-9557-47c13a538b7b,2025-08-25T20:20:22.335659,98204862.86098336,amplitude,1.0,critical,"Peak at 98.204863 MHz, SNR=43.0 dB, score=1.00",lite,563067a4-7eaf-4d6c-a3d8-b8288a769ad7,"{""peak_power"": 88885392.0, ""baseline_power"": 4449.771484375, ""bin_index"": 629178, ""fft_size"": 1048576, ""interp_delta_bins"": -0.21517652059036083, ""freq_bin_hz"": 1.953125, ""dc_exclude_hz"": 5000.0, ""edge_exclude_hz"": 10000.0, ""novelty_enabled"": true, ""novelty_freq_tol_hz"": 5000.0, ""novelty_cooldown_s"": 3.0, ""novelty_score_delta"": 0.15, ""min_snr_db"": 8.0, ""min_prominence_db"": 6.0, ""local_window_bins"": 5, ""neighbor_support_db"": 3.0, ""method"": ""periodogram:hann+interp+dc_notch+edge_notch+guards+novelty+prominence""}"
5bd55be3-0daa-4875-bbae-8433577cf1f7,2025-08-25T20:20:35.523741,98217030.63419473,amplitude,1.0,critical,"Peak at 98.217031 MHz, SNR=42.9 dB, score=1.00",lite,c3c1bb6f-1228-4572-9f46-7749e05b7565,"{""peak_power"": 89193208.0, ""baseline_power"": 4522.2080078125, ""bin_index"": 635408, ""fft_size"": 1048576, ""interp_delta_bins"": -0.3152922936332856, ""freq_bin_hz"": 1.953125, ""dc_exclude_hz"": 5000.0, ""edge_exclude_hz"": 10000.0, ""novelty_enabled"": true, ""novelty_freq_tol_hz"": 5000.0, ""novelty_cooldown_s"": 3.0, ""novelty_score_delta"": 0.15, ""min_snr_db"": 8.0, ""min_prominence_db"": 6.0, ""local_window_bins"": 5, ""neighbor_support_db"": 3.0, ""method"": ""periodogram:hann+interp+dc_notch+edge_notch+guards+novelty+prominence""}"
ccd2d3ed-501d-45ac-87ee-3d7e507fdd70,2025-08-25T20:20:42.108796,98188428.19302575,amplitude,1.0,critical,"Peak at 98.188428 MHz, SNR=45.7 dB, score=1.00",lite,af7ef0c9-d7c4-46cf-81d0-14617b2f6a4d,"{""peak_power"": 157505056.0, ""baseline_power"": 4285.24755859375, ""bin_index"": 620763, ""fft_size"": 1048576, ""interp_delta_bins"": 0.23482918194972435, ""freq_bin_hz"": 1.953125, ""dc_exclude_hz"": 5000.0, ""edge_exclude_hz"": 10000.0, ""novelty_enabled"": true, ""novelty_freq_tol_hz"": 5000.0, ""novelty_cooldown_s"": 3.0, ""novelty_score_delta"": 0.15, ""min_snr_db"": 8.0, ""min_prominence_db"": 6.0, ""local_window_bins"": 5, ""neighbor_support_db"": 3.0, ""method"": ""periodogram:hann+interp+dc_notch+edge_notch+guards+novelty+prominence""}"
dfd856d9-eddb-41be-beb0-52a360a0eac1,2025-08-25T20:20:55.261884,98210420.62953295,amplitude,1.0,critical,"Peak at 98.210421 MHz, SNR=43.8 dB, score=1.00",lite,e3b7d12c-8001-4e1a-a878-a8441eefb70f,"{""peak_power"": 105646464.0, ""baseline_power"": 4382.3056640625, ""bin_index"": 632023, ""fft_size"": 1048576, ""interp_delta_bins"": 0.36232086997785085, ""freq_bin_hz"": 1.953125, ""dc_exclude_hz"": 5000.0, ""edge_exclude_hz"": 10000.0, ""novelty_enabled"": true, ""novelty_freq_tol_hz"": 5000.0, ""novelty_cooldown_s"": 3.0, ""novelty_score_delta"": 0.15, ""min_snr_db"": 8.0, ""min_prominence_db"": 6.0, ""local_window_bins"": 5, ""neighbor_support_db"": 3.0, ""method"": ""periodogram:hann+interp+dc_notch+edge_notch+guards+novelty+prominence""}"
addaf71e-fb02-49b4-a10a-6a5520ce2b58,2025-08-25T20:21:08.428415,98202944.13576671,amplitude,1.0,critical,"Peak at 98.202944 MHz, SNR=43.8 dB, score=1.00",lite,6635f0ea-c327-4b14-90a7-010015b7130f,"{""peak_power"": 107068672.0, ""baseline_power"": 4418.4169921875, ""bin_index"": 628195, ""fft_size"": 1048576, ""interp_delta_bins"": 0.3975125604957405, ""freq_bin_hz"": 1.953125, ""dc_exclude_hz"": 5000.0, ""edge_exclude_hz"": 10000.0, ""novelty_enabled"": true, ""novelty_freq_tol_hz"": 5000.0, ""novelty_cooldown_s"": 3.0, ""novelty_score_delta"": 0.15, ""min_snr_db"": 8.0, ""min_prominence_db"": 6.0, ""local_window_bins"": 5, ""neighbor_support_db"": 3.0, ""method"": ""periodogram:hann+interp+dc_notch+edge_notch+guards+novelty+prominence""}"
15f51bcf-136c-4aa9-a3c2-6723a80fec89,2025-08-25T20:21:28.177214,98197654.9423475,amplitude,1.0,critical,"Peak at 98.197655 MHz, SNR=44.2 dB, score=1.00",lite,81c0b00e-627d-415d-9709-7e86f855167d,"{""peak_power"": 115679856.0, ""baseline_power"": 4432.30517578125, ""bin_index"": 625487, ""fft_size"": 1048576, ""interp_delta_bins"": 0.330481920795725, ""freq_bin_hz"": 1.953125, ""dc_exclude_hz"": 5000.0, ""edge_exclude_hz"": 10000.0, ""novelty_enabled"": true, ""novelty_freq_tol_hz"": 5000.0, ""novelty_cooldown_s"": 3.0, ""novelty_score_delta"": 0.15, ""min_snr_db"": 8.0, ""min_prominence_db"": 6.0, ""local_window_bins"": 5, ""neighbor_support_db"": 3.0, ""method"": ""periodogram:hann+interp+dc_notch+edge_notch+guards+novelty+prominence""}"
d9763fbc-4406-494c-b36c-47f40abc0b40,2025-08-25T20:21:34.761821,98189706.67909357,amplitude,1.0,critical,"Peak at 98.189707 MHz, SNR=43.4 dB, score=1.00",lite,d18cc059-8ec1-4f28-9050-31bd1dbdf87b,"{""peak_power"": 103155704.0, ""baseline_power"": 4679.076171875, ""bin_index"": 621418, ""fft_size"": 1048576, ""interp_delta_bins"": -0.18030409505069964, ""freq_bin_hz"": 1.953125, ""dc_exclude_hz"": 5000.0, ""edge_exclude_hz"": 10000.0, ""novelty_enabled"": true, ""novelty_freq_tol_hz"": 5000.0, ""novelty_cooldown_s"": 3.0, ""novelty_score_delta"": 0.15, ""min_snr_db"": 8.0, ""min_prominence_db"": 6.0, ""local_window_bins"": 5, ""neighbor_support_db"": 3.0, ""method"": ""periodogram:hann+interp+dc_notch+edge_notch+guards+novelty+prominence""}"
82e76761-c350-40c9-89d6-df6fc3270261,2025-08-25T20:21:41.328353,98183900.51149593,amplitude,1.0,critical,"Peak at 98.183901 MHz, SNR=44.2 dB, score=1.00",lite,768fc6b1-29f8-42f1-9674-daaab120cd82,"{""peak_power"": 115236944.0, ""baseline_power"": 4419.52880859375, ""bin_index"": 618445, ""fft_size"": 1048576, ""interp_delta_bins"": 0.06188591498698313, ""freq_bin_hz"": 1.953125, ""dc_exclude_hz"": 5000.0, ""edge_exclude_hz"": 10000.0, ""novelty_enabled"": true, ""novelty_freq_tol_hz"": 5000.0, ""novelty_cooldown_s"": 3.0, ""novelty_score_delta"": 0.15, ""min_snr_db"": 8.0, ""min_prominence_db"": 6.0, ""local_window_bins"": 5, ""neighbor_support_db"": 3.0, ""method"": ""periodogram:hann+interp+dc_notch+edge_notch+guards+novelty+prominence""}"
b7b3defb-8dd3-4376-b97b-6cc07dd22fb0,2025-08-25T20:21:47.901592,98174830.23549314,amplitude,1.0,critical,"Peak at 98.174830 MHz, SNR=43.3 dB, score=1.00",lite,8f51bb21-aeb0-4490-98e0-d99b40326ac2,"{""peak_power"": 96708176.0, ""baseline_power"": 4570.51611328125, ""bin_index"": 613801, ""fft_size"": 1048576, ""interp_delta_bins"": 0.08057248711303222, ""freq_bin_hz"": 1.953125, ""dc_exclude_hz"": 5000.0, ""edge_exclude_hz"": 10000.0, ""novelty_enabled"": true, ""novelty_freq_tol_hz"": 5000.0, ""novelty_cooldown_s"": 3.0, ""novelty_score_delta"": 0.15, ""min_snr_db"": 8.0, ""min_prominence_db"": 6.0, ""local_window_bins"": 5, ""neighbor_support_db"": 3.0, ""method"": ""periodogram:hann+interp+dc_notch+edge_notch+guards+novelty+prominence""}"
c31642c6-9d12-4607-84af-e746aceef710,2025-08-25T20:22:07.658449,98215425.77280791,amplitude,1.0,critical,"Peak at 98.215426 MHz, SNR=44.4 dB, score=1.00",lite,5a323325-127a-4b44-9940-a7514449c9e5,"{""peak_power"": 121936384.0, ""baseline_power"": 4378.98291015625, ""bin_index"": 634586, ""fft_size"": 1048576, ""interp_delta_bins"": -0.004322350330674722, ""freq_bin_hz"": 1.953125, ""dc_exclude_hz"": 5000.0, ""edge_exclude_hz"": 10000.0, ""novelty_enabled"": true, ""novelty_freq_tol_hz"": 5000.0, ""novelty_cooldown_s"": 3.0, ""novelty_score_delta"": 0.15, ""min_snr_db"": 8.0, ""min_prominence_db"": 6.0, ""local_window_bins"": 5, ""neighbor_support_db"": 3.0, ""method"": ""periodogram:hann+interp+dc_notch+edge_notch+guards+novelty+prominence""}"
1da717f0-0420-4f55-af91-86ab7653621d,2025-08-25T20:22:27.389082,98191150.59338792,amplitude,1.0,critical,"Peak at 98.191151 MHz, SNR=48.9 dB, score=1.00",lite,3197d0c4-2c2b-4152-98b5-7aa913d28be8,"{""peak_power"": 287779104.0, ""baseline_power"": 3699.77099609375, ""bin_index"": 622157, ""fft_size"": 1048576, ""interp_delta_bins"": 0.10381461081727636, ""freq_bin_hz"": 1.953125, ""dc_exclude_hz"": 5000.0, ""edge_exclude_hz"": 10000.0, ""novelty_enabled"": true, ""novelty_freq_tol_hz"": 5000.0, ""novelty_cooldown_s"": 3.0, ""novelty_score_delta"": 0.15, ""min_snr_db"": 8.0, ""min_prominence_db"": 6.0, ""local_window_bins"": 5, ""neighbor_support_db"": 3.0, ""method"": ""periodogram:hann+interp+dc_notch+edge_notch+guards+novelty+prominence""}"
e33e9450-bfd8-4606-8cb4-72bd71fec954,2025-08-25T20:22:33.969085,98205766.34754506,amplitude,1.0,critical,"Peak at 98.205766 MHz, SNR=43.5 dB, score=1.00",lite,ea472e10-d768-4eab-aafc-47e34a612f7c,"{""peak_power"": 105407560.0, ""baseline_power"": 4762.5625, ""bin_index"": 629640, ""fft_size"": 1048576, ""interp_delta_bins"": 0.3699430699286888, ""freq_bin_hz"": 1.953125, ""dc_exclude_hz"": 5000.0, ""edge_exclude_hz"": 10000.0, ""novelty_enabled"": true, ""novelty_freq_tol_hz"": 5000.0, ""novelty_cooldown_s"": 3.0, ""novelty_score_delta"": 0.15, ""min_snr_db"": 8.0, ""min_prominence_db"": 6.0, ""local_window_bins"": 5, ""neighbor_support_db"": 3.0, ""method"": ""periodogram:hann+interp+dc_notch+edge_notch+guards+novelty+prominence""}"
d46d05ba-ffe6-4799-810f-1d0519d9f883,2025-08-25T20:22:40.553158,98200046.50549911,amplitude,1.0,critical,"Peak at 98.200047 MHz, SNR=44.6 dB, score=1.00",lite,c4fc37e4-6450-4627-aeab-f242538e16a7,"{""peak_power"": 130520952.0, ""baseline_power"": 4493.9892578125, ""bin_index"": 626712, ""fft_size"": 1048576, ""interp_delta_bins"": -0.1891844581739078, ""freq_bin_hz"": 1.953125, ""dc_exclude_hz"": 5000.0, ""edge_exclude_hz"": 10000.0, ""novelty_enabled"": true, ""novelty_freq_tol_hz"": 5000.0, ""novelty_cooldown_s"": 3.0, ""novelty_score_delta"": 0.15, ""min_snr_db"": 8.0, ""min_prominence_db"": 6.0, ""local_window_bins"": 5, ""neighbor_support_db"": 3.0, ""method"": ""periodogram:hann+interp+dc_notch+edge_notch+guards+novelty+prominence""}"
c71a2b5e-f252-4204-9aee-ead389218b7b,2025-08-25T20:22:47.126347,98206770.67371479,amplitude,1.0,critical,"Peak at 98.206771 MHz, SNR=43.1 dB, score=1.00",lite,6800d812-934c-4362-8bba-3ada8353d7e6,"{""peak_power"": 87464096.0, ""baseline_power"": 4319.158203125, ""bin_index"": 630155, ""fft_size"": 1048576, ""interp_delta_bins"": -0.4150580301923665, ""freq_bin_hz"": 1.953125, ""dc_exclude_hz"": 5000.0, ""edge_exclude_hz"": 10000.0, ""novelty_enabled"": true, ""novelty_freq_tol_hz"": 5000.0, ""novelty_cooldown_s"": 3.0, ""novelty_score_delta"": 0.15, ""min_snr_db"": 8.0, ""min_prominence_db"": 6.0, ""local_window_bins"": 5, ""neighbor_support_db"": 3.0, ""method"": ""periodogram:hann+interp+dc_notch+edge_notch+guards+novelty+prominence""}"
19d58eff-fea1-4c15-892f-239deff48610,2025-08-25T20:22:53.693695,98189091.40154581,amplitude,1.0,critical,"Peak at 98.189091 MHz, SNR=43.4 dB, score=1.00",lite,8e565aac-1deb-4df9-ae1f-935bd456f136,"{""peak_power"": 95550384.0, ""baseline_power"": 4417.43994140625, ""bin_index"": 621103, ""fft_size"": 1048576, ""interp_delta_bins"": -0.2024085434039023, ""freq_bin_hz"": 1.953125, ""dc_exclude_hz"": 5000.0, ""edge_exclude_hz"": 10000.0, ""novelty_enabled"": true, ""novelty_freq_tol_hz"": 5000.0, ""novelty_cooldown_s"": 3.0, ""novelty_score_delta"": 0.15, ""min_snr_db"": 8.0, ""min_prominence_db"": 6.0, ""local_window_bins"": 5, ""neighbor_support_db"": 3.0, ""method"": ""periodogram:hann+interp+dc_notch+edge_notch+guards+novelty+prominence""}"
6066ce86-82e6-4558-84ae-473987778473,2025-08-25T20:23:00.284913,98186122.07802151,amplitude,1.0,critical,"Peak at 98.186122 MHz, SNR=45.1 dB, score=1.00",lite,397f0ade-e9bb-43f6-a898-07a7e367ea63,"{""peak_power"": 134240192.0, ""baseline_power"": 4171.76123046875, ""bin_index"": 619583, ""fft_size"": 1048576, ""interp_delta_bins"": -0.49605298705175566, ""freq_bin_hz"": 1.953125, ""dc_exclude_hz"": 5000.0, ""edge_exclude_hz"": 10000.0, ""novelty_enabled"": true, ""novelty_freq_tol_hz"": 5000.0, ""novelty_cooldown_s"": 3.0, ""novelty_score_delta"": 0.15, ""min_snr_db"": 8.0, ""min_prominence_db"": 6.0, ""local_window_bins"": 5, ""neighbor_support_db"": 3.0, ""method"": ""periodogram:hann+interp+dc_notch+edge_notch+guards+novelty+prominence""}"
6e787df3-536f-48c5-8413-00b36c2f7b19,2025-08-25T20:23:13.420064,98190987.187252,amplitude,1.0,critical,"Peak at 98.190987 MHz, SNR=44.8 dB, score=1.00",lite,3f7976c4-50f4-4e3e-adfa-ce1d957fa382,"{""peak_power"": 126654416.0, ""baseline_power"": 4179.54150390625, ""bin_index"": 622073, ""fft_size"": 1048576, ""interp_delta_bins"": 0.43987302439950543, ""freq_bin_hz"": 1.953125, ""dc_exclude_hz"": 5000.0, ""edge_exclude_hz"": 10000.0, ""novelty_enabled"": true, ""novelty_freq_tol_hz"": 5000.0, ""novelty_cooldown_s"": 3.0, ""novelty_score_delta"": 0.15, ""min_snr_db"": 8.0, ""min_prominence_db"": 6.0, ""local_window_bins"": 5, ""neighbor_support_db"": 3.0, ""method"": ""periodogram:hann+interp+dc_notch+edge_notch+guards+novelty+prominence""}"
fe00e55d-7e19-40bb-a2d5-dfdd8b77acca,2025-08-25T20:23:26.569982,98188557.81209698,amplitude,1.0,critical,"Peak at 98.188558 MHz, SNR=43.1 dB, score=1.00",lite,5a35db7d-b467-4556-b9ec-2bc38ec4eab9,"{""peak_power"": 89264320.0, ""baseline_power"": 4352.177734375, ""bin_index"": 620830, ""fft_size"": 1048576, ""interp_delta_bins"": -0.4002063472489073, ""freq_bin_hz"": 1.953125, ""dc_exclude_hz"": 5000.0, ""edge_exclude_hz"": 10000.0, ""novelty_enabled"": true, ""novelty_freq_tol_hz"": 5000.0, ""novelty_cooldown_s"": 3.0, ""novelty_score_delta"": 0.15, ""min_snr_db"": 8.0, ""min_prominence_db"": 6.0, ""local_window_bins"": 5, ""neighbor_support_db"": 3.0, ""method"": ""periodogram:hann+interp+dc_notch+edge_notch+guards+novelty+prominence""}"
85461d94-9dfd-4597-b7b6-7088f908c673,2025-08-25T20:23:33.130328,98185160.48200563,amplitude,1.0,critical,"Peak at 98.185160 MHz, SNR=43.3 dB, score=1.00",lite,cf4ae223-cca1-4f8c-b49f-a469cbb346eb,"{""peak_power"": 98943600.0, ""baseline_power"": 4608.40966796875, ""bin_index"": 619090, ""fft_size"": 1048576, ""interp_delta_bins"": 0.16678687989197652, ""freq_bin_hz"": 1.953125, ""dc_exclude_hz"": 5000.0, ""edge_exclude_hz"": 10000.0, ""novelty_enabled"": true, ""novelty_freq_tol_hz"": 5000.0, ""novelty_cooldown_s"": 3.0, ""novelty_score_delta"": 0.15, ""min_snr_db"": 8.0, ""min_prominence_db"": 6.0, ""local_window_bins"": 5, ""neighbor_support_db"": 3.0, ""method"": ""periodogram:hann+interp+dc_notch+edge_notch+guards+novelty+prominence""}"
0e5b9727-a113-4bd7-a74c-1dac9fad188a,2025-08-25T20:23:39.705185,98186808.43390222,amplitude,1.0,critical,"Peak at 98.186808 MHz, SNR=43.7 dB, score=1.00",lite,213d7945-c5b4-4b82-95a2-dac4faa6ea24,"{""peak_power"": 101943080.0, ""baseline_power"": 4365.8369140625, ""bin_index"": 619934, ""fft_size"": 1048576, ""interp_delta_bins"": -0.08184206653424253, ""freq_bin_hz"": 1.953125, ""dc_exclude_hz"": 5000.0, ""edge_exclude_hz"": 10000.0, ""novelty_enabled"": true, ""novelty_freq_tol_hz"": 5000.0, ""novelty_cooldown_s"": 3.0, ""novelty_score_delta"": 0.15, ""min_snr_db"": 8.0, ""min_prominence_db"": 6.0, ""local_window_bins"": 5, ""neighbor_support_db"": 3.0, ""method"": ""periodogram:hann+interp+dc_notch+edge_notch+guards+novelty+prominence""}"
91686a37-e7a2-48be-b151-e4c9d4c6076e,2025-08-25T20:23:46.279465,98193454.02492794,amplitude,1.0,critical,"Peak at 98.193454 MHz, SNR=43.3 dB, score=1.00",lite,8c865b45-5c98-44a6-9211-0f10a9a2cfd9,"{""peak_power"": 92430704.0, ""baseline_power"": 4356.04638671875, ""bin_index"": 623336, ""fft_size"": 1048576, ""interp_delta_bins"": 0.46076310927566727, ""freq_bin_hz"": 1.953125, ""dc_exclude_hz"": 5000.0, ""edge_exclude_hz"": 10000.0, ""novelty_enabled"": true, ""novelty_freq_tol_hz"": 5000.0, ""novelty_cooldown_s"": 3.0, ""novelty_score_delta"": 0.15, ""min_snr_db"": 8.0, ""min_prominence_db"": 6.0, ""local_window_bins"": 5, ""neighbor_support_db"": 3.0, ""method"": ""periodogram:hann+interp+dc_notch+edge_notch+guards+novelty+prominence""}"
77aa65ae-9b90-4312-8bd4-079d2cbf2e39,2025-08-25T20:24:05.989481,98197760.02732863,amplitude,1.0,critical,"Peak at 98.197760 MHz, SNR=47.4 dB, score=1.00",lite,077dab82-83b1-4e74-a771-fd5afd79b0a4,"{""peak_power"": 203045776.0, ""baseline_power"": 3683.47412109375, ""bin_index"": 625541, ""fft_size"": 1048576, ""interp_delta_bins"": 0.13399225458279398, ""freq_bin_hz"": 1.953125, ""dc_exclude_hz"": 5000.0, ""edge_exclude_hz"": 10000.0, ""novelty_enabled"": true, ""novelty_freq_tol_hz"": 5000.0, ""novelty_cooldown_s"": 3.0, ""novelty_score_delta"": 0.15, ""min_snr_db"": 8.0, ""min_prominence_db"": 6.0, ""local_window_bins"": 5, ""neighbor_support_db"": 3.0, ""method"": ""periodogram:hann+interp+dc_notch+edge_notch+guards+novelty+prominence""}"
fdcc4484-6706-48b6-a8e9-5f993fd532c9,2025-08-25T20:24:12.557227,98191181.29664515,amplitude,1.0,critical,"Peak at 98.191181 MHz, SNR=44.4 dB, score=1.00",lite,de971ab6-978e-4cb3-998e-4ad2362e96f3,"{""peak_power"": 110664608.0, ""baseline_power"": 4021.821533203125, ""bin_index"": 622173, ""fft_size"": 1048576, ""interp_delta_bins"": -0.1761176843918582, ""freq_bin_hz"": 1.953125, ""dc_exclude_hz"": 5000.0, ""edge_exclude_hz"": 10000.0, ""novelty_enabled"": true, ""novelty_freq_tol_hz"": 5000.0, ""novelty_cooldown_s"": 3.0, ""novelty_score_delta"": 0.15, ""min_snr_db"": 8.0, ""min_prominence_db"": 6.0, ""local_window_bins"": 5, ""neighbor_support_db"": 3.0, ""method"": ""periodogram:hann+interp+dc_notch+edge_notch+guards+novelty+prominence""}"
08f3b1a0-f474-47b9-b205-416704aa31c8,2025-08-25T20:24:25.700649,98178474.62945332,amplitude,1.0,critical,"Peak at 98.178475 MHz, SNR=42.7 dB, score=1.00",lite,e578214b-0fb5-4226-bc77-639fdb28dfcc,"{""peak_power"": 80412440.0, ""baseline_power"": 4272.21240234375, ""bin_index"": 615667, ""fft_size"": 1048576, ""interp_delta_bins"": 0.010280094410775972, ""freq_bin_hz"": 1.953125, ""dc_exclude_hz"": 5000.0, ""edge_exclude_hz"": 10000.0, ""novelty_enabled"": true, ""novelty_freq_tol_hz"": 5000.0, ""novelty_cooldown_s"": 3.0, ""novelty_score_delta"": 0.15, ""min_snr_db"": 8.0, ""min_prominence_db"": 6.0, ""local_window_bins"": 5, ""neighbor_support_db"": 3.0, ""method"": ""periodogram:hann+interp+dc_notch+edge_notch+guards+novelty+prominence""}"
144b48d1-c691-47eb-9fa3-9f945e6ef19d,2025-08-25T20:24:38.838690,98177179.13020171,amplitude,1.0,critical,"Peak at 98.177179 MHz, SNR=44.2 dB, score=1.00",lite,bde9bfc8-3b26-41bc-969b-44c5479d9a8e,"{""peak_power"": 107506840.0, ""baseline_power"": 4049.779296875, ""bin_index"": 615004, ""fft_size"": 1048576, ""interp_delta_bins"": -0.28533672225465767, ""freq_bin_hz"": 1.953125, ""dc_exclude_hz"": 5000.0, ""edge_exclude_hz"": 10000.0, ""novelty_enabled"": true, ""novelty_freq_tol_hz"": 5000.0, ""novelty_cooldown_s"": 3.0, ""novelty_score_delta"": 0.15, ""min_snr_db"": 8.0, ""min_prominence_db"": 6.0, ""local_window_bins"": 5, ""neighbor_support_db"": 3.0, ""method"": ""periodogram:hann+interp+dc_notch+edge_notch+guards+novelty+prominence""}"
ee2bd17e-331e-4162-87b5-6cb9b47fd8b2,2025-08-25T20:24:45.424746,98188165.27711074,amplitude,1.0,critical,"Peak at 98.188165 MHz, SNR=44.7 dB, score=1.00",lite,c304fd44-2449-43df-881a-6a44726c449f,"{""peak_power"": 119628624.0, ""baseline_power"": 4058.861328125, ""bin_index"": 620629, ""fft_size"": 1048576, ""interp_delta_bins"": -0.37811930160741064, ""freq_bin_hz"": 1.953125, ""dc_exclude_hz"": 5000.0, ""edge_exclude_hz"": 10000.0, ""novelty_enabled"": true, ""novelty_freq_tol_hz"": 5000.0, ""novelty_cooldown_s"": 3.0, ""novelty_score_delta"": 0.15, ""min_snr_db"": 8.0, ""min_prominence_db"": 6.0, ""local_window_bins"": 5, ""neighbor_support_db"": 3.0, ""method"": ""periodogram:hann+interp+dc_notch+edge_notch+guards+novelty+prominence""}"
4c9522fe-2c74-4961-b445-1d8c2fdc0eaa,2025-08-25T20:24:51.995313,98208297.46813403,amplitude,1.0,critical,"Peak at 98.208297 MHz, SNR=45.7 dB, score=1.00",lite,31c59cbb-9760-4278-a5ed-9eed688e1009,"{""peak_power"": 152084448.0, ""baseline_power"": 4083.3046875, ""bin_index"": 630936, ""fft_size"": 1048576, ""interp_delta_bins"": 0.3036846273630383, ""freq_bin_hz"": 1.953125, ""dc_exclude_hz"": 5000.0, ""edge_exclude_hz"": 10000.0, ""novelty_enabled"": true, ""novelty_freq_tol_hz"": 5000.0, ""novelty_cooldown_s"": 3.0, ""novelty_score_delta"": 0.15, ""min_snr_db"": 8.0, ""min_prominence_db"": 6.0, ""local_window_bins"": 5, ""neighbor_support_db"": 3.0, ""method"": ""periodogram:hann+interp+dc_notch+edge_notch+guards+novelty+prominence""}"
26e15c3b-0593-4e23-96dc-e0ddee89ea5f,2025-08-25T20:24:58.571294,98203471.1062052,amplitude,1.0,critical,"Peak at 98.203471 MHz, SNR=44.2 dB, score=1.00",lite,2d294e47-8685-4995-b5c1-b43cc8b7075c,"{""peak_power"": 113645528.0, ""baseline_power"": 4273.9521484375, ""bin_index"": 628465, ""fft_size"": 1048576, ""interp_delta_bins"": 0.20637705662975667, ""freq_bin_hz"": 1.953125, ""dc_exclude_hz"": 5000.0, ""edge_exclude_hz"": 10000.0, ""novelty_enabled"": true, ""novelty_freq_tol_hz"": 5000.0, ""novelty_cooldown_s"": 3.0, ""novelty_score_delta"": 0.15, ""min_snr_db"": 8.0, ""min_prominence_db"": 6.0, ""local_window_bins"": 5, ""neighbor_support_db"": 3.0, ""method"": ""periodogram:hann+interp+dc_notch+edge_notch+guards+novelty+prominence""}"
a30c9d72-e1c2-41ce-b1a0-b0359859cace,2025-08-25T20:25:05.133433,98209724.87809837,amplitude,1.0,critical,"Peak at 98.209725 MHz, SNR=43.1 dB, score=1.00",lite,e053795e-f4f6-4dbd-a6cc-58167f327dfa,"{""peak_power"": 85908936.0, ""baseline_power"": 4230.302734375, ""bin_index"": 631667, ""fft_size"": 1048576, ""interp_delta_bins"": 0.1375863617228182, ""freq_bin_hz"": 1.953125, ""dc_exclude_hz"": 5000.0, ""edge_exclude_hz"": 10000.0, ""novelty_enabled"": true, ""novelty_freq_tol_hz"": 5000.0, ""novelty_cooldown_s"": 3.0, ""novelty_score_delta"": 0.15, ""min_snr_db"": 8.0, ""min_prominence_db"": 6.0, ""local_window_bins"": 5, ""neighbor_support_db"": 3.0, ""method"": ""periodogram:hann+interp+dc_notch+edge_notch+guards+novelty+prominence""}"
cae14d5f-53f4-42e8-8fd3-b75f9227dbcf,2025-08-25T20:25:11.707214,98196956.86945966,amplitude,1.0,critical,"Peak at 98.196957 MHz, SNR=43.8 dB, score=1.00",lite,08b01a64-ad81-428c-b051-248feed85887,"{""peak_power"": 102339656.0, ""baseline_power"": 4259.69091796875, ""bin_index"": 625130, ""fft_size"": 1048576, ""interp_delta_bins"": -0.0828366540645138, ""freq_bin_hz"": 1.953125, ""dc_exclude_hz"": 5000.0, ""edge_exclude_hz"": 10000.0, ""novelty_enabled"": true, ""novelty_freq_tol_hz"": 5000.0, ""novelty_cooldown_s"": 3.0, ""novelty_score_delta"": 0.15, ""min_snr_db"": 8.0, ""min_prominence_db"": 6.0, ""local_window_bins"": 5, ""neighbor_support_db"": 3.0, ""method"": ""periodogram:hann+interp+dc_notch+edge_notch+guards+novelty+prominence""}"
4f16e63b-cbc3-4091-8a19-3783af29f18d,2025-08-25T20:25:18.271839,98196192.23362692,amplitude,1.0,critical,"Peak at 98.196192 MHz, SNR=44.6 dB, score=1.00",lite,5e357024-7a2a-4623-94f9-640bb7afe7f4,"{""peak_power"": 125399968.0, ""baseline_power"": 4359.82373046875, ""bin_index"": 624738, ""fft_size"": 1048576, ""interp_delta_bins"": 0.42361698323806396, ""freq_bin_hz"": 1.953125, ""dc_exclude_hz"": 5000.0, ""edge_exclude_hz"": 10000.0, ""novelty_enabled"": true, ""novelty_freq_tol_hz"": 5000.0, ""novelty_cooldown_s"": 3.0, ""novelty_score_delta"": 0.15, ""min_snr_db"": 8.0, ""min_prominence_db"": 6.0, ""local_window_bins"": 5, ""neighbor_support_db"": 3.0, ""method"": ""periodogram:hann+interp+dc_notch+edge_notch+guards+novelty+prominence""}"
623007c8-013c-4a7c-8098-f36c87ff9d0d,2025-08-25T20:25:31.406577,98203362.99397509,amplitude,1.0,critical,"Peak at 98.203363 MHz, SNR=46.2 dB, score=1.00",lite,1b70c25d-1c06-402c-8a06-5d5f6b74e9de,"{""peak_power"": 162097536.0, ""baseline_power"": 3925.07177734375, ""bin_index"": 628410, ""fft_size"": 1048576, ""interp_delta_bins"": -0.14708475694140447, ""freq_bin_hz"": 1.953125, ""dc_exclude_hz"": 5000.0, ""edge_exclude_hz"": 10000.0, ""novelty_enabled"": true, ""novelty_freq_tol_hz"": 5000.0, ""novelty_cooldown_s"": 3.0, ""novelty_score_delta"": 0.15, ""min_snr_db"": 8.0, ""min_prominence_db"": 6.0, ""local_window_bins"": 5, ""neighbor_support_db"": 3.0, ""method"": ""periodogram:hann+interp+dc_notch+edge_notch+guards+novelty+prominence""}"
2dea1641-28ff-4de2-97b1-a622e3dd6ec3,2025-08-25T20:26:04.282028,98184609.3765769,amplitude,1.0,critical,"Peak at 98.184609 MHz, SNR=44.1 dB, score=1.00",lite,99d903a7-f96b-4d67-b592-256cddbf7c4e,"{""peak_power"": 112962384.0, ""baseline_power"": 4351.3115234375, ""bin_index"": 618808, ""fft_size"": 1048576, ""interp_delta_bins"": 0.0008073709756251945, ""freq_bin_hz"": 1.953125, ""dc_exclude_hz"": 5000.0, ""edge_exclude_hz"": 10000.0, ""novelty_enabled"": true, ""novelty_freq_tol_hz"": 5000.0, ""novelty_cooldown_s"": 3.0, ""novelty_score_delta"": 0.15, ""min_snr_db"": 8.0, ""min_prominence_db"": 6.0, ""local_window_bins"": 5, ""neighbor_support_db"": 3.0, ""method"": ""periodogram:hann+interp+dc_notch+edge_notch+guards+novelty+prominence""}"
572390fe-9eed-4be8-87d4-f5b3f00be81f,2025-08-25T20:26:23.996742,98191313.98889656,amplitude,1.0,critical,"Peak at 98.191314 MHz, SNR=44.1 dB, score=1.00",lite,193ba8c6-f887-4b70-a82e-dcdf986b0bd8,"{""peak_power"": 110562752.0, ""baseline_power"": 4338.1806640625, ""bin_index"": 622241, ""fft_size"": 1048576, ""interp_delta_bins"": -0.23768496267498837, ""freq_bin_hz"": 1.953125, ""dc_exclude_hz"": 5000.0, ""edge_exclude_hz"": 10000.0, ""novelty_enabled"": true, ""novelty_freq_tol_hz"": 5000.0, ""novelty_cooldown_s"": 3.0, ""novelty_score_delta"": 0.15, ""min_snr_db"": 8.0, ""min_prominence_db"": 6.0, ""local_window_bins"": 5, ""neighbor_support_db"": 3.0, ""method"": ""periodogram:hann+interp+dc_notch+edge_notch+guards+novelty+prominence""}"
14bfa779-42bf-42d4-b01e-0c266fb2ca59,2025-08-25T20:26:37.118839,98171132.83955148,amplitude,1.0,critical,"Peak at 98.171133 MHz, SNR=44.3 dB, score=1.00",lite,3b7b33e8-cd96-4edf-8d4a-54e747134f19,"{""peak_power"": 114994848.0, ""baseline_power"": 4278.521484375, ""bin_index"": 611908, ""fft_size"": 1048576, ""interp_delta_bins"": 0.013850359750848813, ""freq_bin_hz"": 1.953125, ""dc_exclude_hz"": 5000.0, ""edge_exclude_hz"": 10000.0, ""novelty_enabled"": true, ""novelty_freq_tol_hz"": 5000.0, ""novelty_cooldown_s"": 3.0, ""novelty_score_delta"": 0.15, ""min_snr_db"": 8.0, ""min_prominence_db"": 6.0, ""local_window_bins"": 5, ""neighbor_support_db"": 3.0, ""method"": ""periodogram:hann+interp+dc_notch+edge_notch+guards+novelty+prominence""}"
22a82787-3ff0-432b-b719-0bea2b831f21,2025-08-25T20:26:43.691411,98213914.36935723,amplitude,1.0,critical,"Peak at 98.213914 MHz, SNR=43.4 dB, score=1.00",lite,f9bbdf6f-93dd-4f56-9df6-5bb7d0338c2a,"{""peak_power"": 92832344.0, ""baseline_power"": 4242.4111328125, ""bin_index"": 633812, ""fft_size"": 1048576, ""interp_delta_bins"": 0.15711090207407455, ""freq_bin_hz"": 1.953125, ""dc_exclude_hz"": 5000.0, ""edge_exclude_hz"": 10000.0, ""novelty_enabled"": true, ""novelty_freq_tol_hz"": 5000.0, ""novelty_cooldown_s"": 3.0, ""novelty_score_delta"": 0.15, ""min_snr_db"": 8.0, ""min_prominence_db"": 6.0, ""local_window_bins"": 5, ""neighbor_support_db"": 3.0, ""method"": ""periodogram:hann+interp+dc_notch+edge_notch+guards+novelty+prominence""}"
dc27b990-6ef9-4d35-b5bb-1869d9924cfb,2025-08-25T20:26:50.251893,98189933.05187279,amplitude,1.0,critical,"Peak at 98.189933 MHz, SNR=45.8 dB, score=1.00",lite,ba8b13cd-43d5-4200-ab19-f08d706e89c2,"{""peak_power"": 157173744.0, ""baseline_power"": 4115.77783203125, ""bin_index"": 621534, ""fft_size"": 1048576, ""interp_delta_bins"": -0.27744113475573945, ""freq_bin_hz"": 1.953125, ""dc_exclude_hz"": 5000.0, ""edge_exclude_hz"": 10000.0, ""novelty_enabled"": true, ""novelty_freq_tol_hz"": 5000.0, ""novelty_cooldown_s"": 3.0, ""novelty_score_delta"": 0.15, ""min_snr_db"": 8.0, ""min_prominence_db"": 6.0, ""local_window_bins"": 5, ""neighbor_support_db"": 3.0, ""method"": ""periodogram:hann+interp+dc_notch+edge_notch+guards+novelty+prominence""}"
9780841f-bdec-4538-b774-8a6a88ce9c16,2025-08-25T20:26:56.816160,98207510.66995987,amplitude,1.0,critical,"Peak at 98.207511 MHz, SNR=44.0 dB, score=1.00",lite,712f0049-5fea-42ee-98cd-38e44e8953f0,"{""peak_power"": 110190704.0, ""baseline_power"": 4364.9658203125, ""bin_index"": 630533, ""fft_size"": 1048576, ""interp_delta_bins"": 0.46301945258452365, ""freq_bin_hz"": 1.953125, ""dc_exclude_hz"": 5000.0, ""edge_exclude_hz"": 10000.0, ""novelty_enabled"": true, ""novelty_freq_tol_hz"": 5000.0, ""novelty_cooldown_s"": 3.0, ""novelty_score_delta"": 0.15, ""min_snr_db"": 8.0, ""min_prominence_db"": 6.0, ""local_window_bins"": 5, ""neighbor_support_db"": 3.0, ""method"": ""periodogram:hann+interp+dc_notch+edge_notch+guards+novelty+prominence""}"
5f1b3a41-22ba-456e-bd9f-3ccac015ed1c,2025-08-25T20:27:03.390951,98187424.98103741,amplitude,1.0,critical,"Peak at 98.187425 MHz, SNR=43.4 dB, score=1.00",lite,98a61bb4-88b1-42f0-8174-82d3a9749981,"{""peak_power"": 96079936.0, ""baseline_power"": 4401.935546875, ""bin_index"": 620250, ""fft_size"": 1048576, ""interp_delta_bins"": -0.4097088451164807, ""freq_bin_hz"": 1.953125, ""dc_exclude_hz"": 5000.0, ""edge_exclude_hz"": 10000.0, ""novelty_enabled"": true, ""novelty_freq_tol_hz"": 5000.0, ""novelty_cooldown_s"": 3.0, ""novelty_score_delta"": 0.15, ""min_snr_db"": 8.0, ""min_prominence_db"": 6.0, ""local_window_bins"": 5, ""neighbor_support_db"": 3.0, ""method"": ""periodogram:hann+interp+dc_notch+edge_notch+guards+novelty+prominence""}"
7d67683a-172e-41c8-888c-f0e18c2bb641,2025-08-25T20:27:16.528526,98196132.00302611,amplitude,1.0,critical,"Peak at 98.196132 MHz, SNR=43.4 dB, score=1.00",lite,3244927a-9bdd-4921-870e-3c384bfed435,"{""peak_power"": 94261040.0, ""baseline_power"": 4309.7568359375, ""bin_index"": 624708, ""fft_size"": 1048576, ""interp_delta_bins"": -0.4144506269958473, ""freq_bin_hz"": 1.953125, ""dc_exclude_hz"": 5000.0, ""edge_exclude_hz"": 10000.0, ""novelty_enabled"": true, ""novelty_freq_tol_hz"": 5000.0, ""novelty_cooldown_s"": 3.0, ""novelty_score_delta"": 0.15, ""min_snr_db"": 8.0, ""min_prominence_db"": 6.0, ""local_window_bins"": 5, ""neighbor_support_db"": 3.0, ""method"": ""periodogram:hann+interp+dc_notch+edge_notch+guards+novelty+prominence""}"
1d418f07-7d57-4265-8580-64f9577c59dc,2025-08-25T20:27:23.093003,98183136.62497637,amplitude,1.0,critical,"Peak at 98.183137 MHz, SNR=43.5 dB, score=1.00",lite,d16cc612-932d-4ffa-8798-77bba0a3d51f,"{""peak_power"": 97490440.0, ""baseline_power"": 4316.99951171875, ""bin_index"": 618054, ""fft_size"": 1048576, ""interp_delta_bins"": -0.048012097068703456, ""freq_bin_hz"": 1.953125, ""dc_exclude_hz"": 5000.0, ""edge_exclude_hz"": 10000.0, ""novelty_enabled"": true, ""novelty_freq_tol_hz"": 5000.0, ""novelty_cooldown_s"": 3.0, ""novelty_score_delta"": 0.15, ""min_snr_db"": 8.0, ""min_prominence_db"": 6.0, ""local_window_bins"": 5, ""neighbor_support_db"": 3.0, ""method"": ""periodogram:hann+interp+dc_notch+edge_notch+guards+novelty+prominence""}"
574e62f5-0a7a-4661-9eb8-169c5f001844,2025-08-25T20:27:29.657002,98183578.2539396,amplitude,1.0,critical,"Peak at 98.183578 MHz, SNR=44.1 dB, score=1.00",lite,51f72fbd-283b-4178-9707-ceb66178b565,"{""peak_power"": 110338688.0, ""baseline_power"": 4254.98828125, ""bin_index"": 618280, ""fft_size"": 1048576, ""interp_delta_bins"": 0.06601707106825415, ""freq_bin_hz"": 1.953125, ""dc_exclude_hz"": 5000.0, ""edge_exclude_hz"": 10000.0, ""novelty_enabled"": true, ""novelty_freq_tol_hz"": 5000.0, ""novelty_cooldown_s"": 3.0, ""novelty_score_delta"": 0.15, ""min_snr_db"": 8.0, ""min_prominence_db"": 6.0, ""local_window_bins"": 5, ""neighbor_support_db"": 3.0, ""method"": ""periodogram:hann+interp+dc_notch+edge_notch+guards+novelty+prominence""}"
2c8da664-eac8-44b9-b06d-f4e46ab7cdc3,2025-08-25T20:27:42.784519,98228114.84641391,amplitude,1.0,critical,"Peak at 98.228115 MHz, SNR=42.5 dB, score=1.00",lite,d2217f84-c7ee-4cc8-8101-99e94af1cff7,"{""peak_power"": 76090776.0, ""baseline_power"": 4322.24658203125, ""bin_index"": 641083, ""fft_size"": 1048576, ""interp_delta_bins"": -0.19863607830908858, ""freq_bin_hz"": 1.953125, ""dc_exclude_hz"": 5000.0, ""edge_exclude_hz"": 10000.0, ""novelty_enabled"": true, ""novelty_freq_tol_hz"": 5000.0, ""novelty_cooldown_s"": 3.0, ""novelty_score_delta"": 0.15, ""min_snr_db"": 8.0, ""min_prominence_db"": 6.0, ""local_window_bins"": 5, ""neighbor_support_db"": 3.0, ""method"": ""periodogram:hann+interp+dc_notch+edge_notch+guards+novelty+prominence""}"
695e154a-72a9-4f55-8b06-3266d2d365ff,2025-08-25T20:27:49.343446,98189847.21248662,amplitude,1.0,critical,"Peak at 98.189847 MHz, SNR=44.7 dB, score=1.00",lite,bcad6ee9-4f71-4c2e-b312-a8eab5bd533b,"{""peak_power"": 120883008.0, ""baseline_power"": 4082.019287109375, ""bin_index"": 621490, ""fft_size"": 1048576, ""interp_delta_bins"": -0.22720684882695752, ""freq_bin_hz"": 1.953125, ""dc_exclude_hz"": 5000.0, ""edge_exclude_hz"": 10000.0, ""novelty_enabled"": true, ""novelty_freq_tol_hz"": 5000.0, ""novelty_cooldown_s"": 3.0, ""novelty_score_delta"": 0.15, ""min_snr_db"": 8.0, ""min_prominence_db"": 6.0, ""local_window_bins"": 5, ""neighbor_support_db"": 3.0, ""method"": ""periodogram:hann+interp+dc_notch+edge_notch+guards+novelty+prominence""}"
3b83e086-f399-4db6-8b37-82bad1e69997,2025-08-25T20:28:09.028431,98192958.76875995,amplitude,1.0,critical,"Peak at 98.192959 MHz, SNR=49.4 dB, score=1.00",lite,71f4f808-9002-430e-b342-08fe9b92c4bb,"{""peak_power"": 236413760.0, ""baseline_power"": 2686.92822265625, ""bin_index"": 623083, ""fft_size"": 1048576, ""interp_delta_bins"": -0.11039490478519301, ""freq_bin_hz"": 1.953125, ""dc_exclude_hz"": 5000.0, ""edge_exclude_hz"": 10000.0, ""novelty_enabled"": true, ""novelty_freq_tol_hz"": 5000.0, ""novelty_cooldown_s"": 3.0, ""novelty_score_delta"": 0.15, ""min_snr_db"": 8.0, ""min_prominence_db"": 6.0, ""local_window_bins"": 5, ""neighbor_support_db"": 3.0, ""method"": ""periodogram:hann+interp+dc_notch+edge_notch+guards+novelty+prominence""}"
7edc14ac-388a-436e-af8f-08da2812c3fd,2025-08-25T20:28:15.597746,98216128.11756451,amplitude,1.0,critical,"Peak at 98.216128 MHz, SNR=43.5 dB, score=1.00",lite,48c62a57-cdaf-48fd-bca9-08a5db383500,"{""peak_power"": 97592016.0, ""baseline_power"": 4336.0185546875, ""bin_index"": 634946, ""fft_size"": 1048576, ""interp_delta_bins"": -0.40380697233161444, ""freq_bin_hz"": 1.953125, ""dc_exclude_hz"": 5000.0, ""edge_exclude_hz"": 10000.0, ""novelty_enabled"": true, ""novelty_freq_tol_hz"": 5000.0, ""novelty_cooldown_s"": 3.0, ""novelty_score_delta"": 0.15, ""min_snr_db"": 8.0, ""min_prominence_db"": 6.0, ""local_window_bins"": 5, ""neighbor_support_db"": 3.0, ""method"": ""periodogram:hann+interp+dc_notch+edge_notch+guards+novelty+prominence""}"
3b512a6c-a7fb-41d7-94f4-6829a2a55fd1,2025-08-25T20:28:28.739959,98193057.75155884,amplitude,1.0,critical,"Peak at 98.193058 MHz, SNR=44.8 dB, score=1.00",lite,c5dc5e84-f48f-41b2-a257-82589ceb2bed,"{""peak_power"": 124032200.0, ""baseline_power"": 4100.4638671875, ""bin_index"": 623134, ""fft_size"": 1048576, ""interp_delta_bins"": -0.43120187379714003, ""freq_bin_hz"": 1.953125, ""dc_exclude_hz"": 5000.0, ""edge_exclude_hz"": 10000.0, ""novelty_enabled"": true, ""novelty_freq_tol_hz"": 5000.0, ""novelty_cooldown_s"": 3.0, ""novelty_score_delta"": 0.15, ""min_snr_db"": 8.0, ""min_prominence_db"": 6.0, ""local_window_bins"": 5, ""neighbor_support_db"": 3.0, ""method"": ""periodogram:hann+interp+dc_notch+edge_notch+guards+novelty+prominence""}"
b4663893-7fba-4da0-aefa-ea0e479e82cc,2025-08-25T20:28:48.440214,98202496.59853491,amplitude,1.0,critical,"Peak at 98.202497 MHz, SNR=43.7 dB, score=1.00",lite,20eec19a-91aa-4af6-8ff1-8394005656e0,"{""peak_power"": 94151264.0, ""baseline_power"": 4028.94970703125, ""bin_index"": 627966, ""fft_size"": 1048576, ""interp_delta_bins"": 0.25844987216328996, ""freq_bin_hz"": 1.953125, ""dc_exclude_hz"": 5000.0, ""edge_exclude_hz"": 10000.0, ""novelty_enabled"": true, ""novelty_freq_tol_hz"": 5000.0, ""novelty_cooldown_s"": 3.0, ""novelty_score_delta"": 0.15, ""min_snr_db"": 8.0, ""min_prominence_db"": 6.0, ""local_window_bins"": 5, ""neighbor_support_db"": 3.0, ""method"": ""periodogram:hann+interp+dc_notch+edge_notch+guards+novelty+prominence""}"
eb4acc3e-7020-4460-bf5a-6f4c5fb0f91e,2025-08-25T20:28:55.018528,98203255.62028193,amplitude,1.0,critical,"Peak at 98.203256 MHz, SNR=43.1 dB, score=1.00",lite,8c0930d5-c9fd-4c7f-9c75-76af247923db,"{""peak_power"": 87064648.0, ""baseline_power"": 4224.71533203125, ""bin_index"": 628355, ""fft_size"": 1048576, ""interp_delta_bins"": -0.12241564686543623, ""freq_bin_hz"": 1.953125, ""dc_exclude_hz"": 5000.0, ""edge_exclude_hz"": 10000.0, ""novelty_enabled"": true, ""novelty_freq_tol_hz"": 5000.0, ""novelty_cooldown_s"": 3.0, ""novelty_score_delta"": 0.15, ""min_snr_db"": 8.0, ""min_prominence_db"": 6.0, ""local_window_bins"": 5, ""neighbor_support_db"": 3.0, ""method"": ""periodogram:hann+interp+dc_notch+edge_notch+guards+novelty+prominence""}"
e9a11405-4722-425a-a6b8-872cb617ec1f,2025-08-25T20:29:08.135156,98190590.81468076,amplitude,1.0,critical,"Peak at 98.190591 MHz, SNR=45.3 dB, score=1.00",lite,a1db964e-24e7-4b00-a06a-ab59e2bdd303,"{""peak_power"": 132256352.0, ""baseline_power"": 3946.62158203125, ""bin_index"": 621870, ""fft_size"": 1048576, ""interp_delta_bins"": 0.4971165483444262, ""freq_bin_hz"": 1.953125, ""dc_exclude_hz"": 5000.0, ""edge_exclude_hz"": 10000.0, ""novelty_enabled"": true, ""novelty_freq_tol_hz"": 5000.0, ""novelty_cooldown_s"": 3.0, ""novelty_score_delta"": 0.15, ""min_snr_db"": 8.0, ""min_prominence_db"": 6.0, ""local_window_bins"": 5, ""neighbor_support_db"": 3.0, ""method"": ""periodogram:hann+interp+dc_notch+edge_notch+guards+novelty+prominence""}"
22808359-6610-4a31-8eb3-c09897394a3f,2025-08-25T20:29:14.692211,98196688.94437169,amplitude,1.0,critical,"Peak at 98.196689 MHz, SNR=44.0 dB, score=1.00",lite,3bfcfdea-43a8-4564-be49-4a225d44e2dd,"{""peak_power"": 105473152.0, ""baseline_power"": 4188.2958984375, ""bin_index"": 624993, ""fft_size"": 1048576, ""interp_delta_bins"": -0.2604816975655985, ""freq_bin_hz"": 1.953125, ""dc_exclude_hz"": 5000.0, ""edge_exclude_hz"": 10000.0, ""novelty_enabled"": true, ""novelty_freq_tol_hz"": 5000.0, ""novelty_cooldown_s"": 3.0, ""novelty_score_delta"": 0.15, ""min_snr_db"": 8.0, ""min_prominence_db"": 6.0, ""local_window_bins"": 5, ""neighbor_support_db"": 3.0, ""method"": ""periodogram:hann+interp+dc_notch+edge_notch+guards+novelty+prominence""}"
333ab8ef-ed44-4a73-bc63-3dc1871456d7,2025-08-25T20:29:34.392890,98196758.93173276,amplitude,1.0,critical,"Peak at 98.196759 MHz, SNR=44.5 dB, score=1.00",lite,0f8bfab3-24b3-4e37-869a-d17fcc606034,"{""peak_power"": 102074616.0, ""baseline_power"": 3663.5634765625, ""bin_index"": 625029, ""fft_size"": 1048576, ""interp_delta_bins"": -0.42695282952209485, ""freq_bin_hz"": 1.953125, ""dc_exclude_hz"": 5000.0, ""edge_exclude_hz"": 10000.0, ""novelty_enabled"": true, ""novelty_freq_tol_hz"": 5000.0, ""novelty_cooldown_s"": 3.0, ""novelty_score_delta"": 0.15, ""min_snr_db"": 8.0, ""min_prominence_db"": 6.0, ""local_window_bins"": 5, ""neighbor_support_db"": 3.0, ""method"": ""periodogram:hann+interp+dc_notch+edge_notch+guards+novelty+prominence""}"
c8c420de-b6f0-4737-b187-37c984f1ddb6,2025-08-25T20:29:47.523906,98201279.33168305,amplitude,1.0,critical,"Peak at 98.201279 MHz, SNR=42.8 dB, score=1.00",lite,dae3a44e-24df-4570-abf0-beded41e09c9,"{""peak_power"": 78174320.0, ""baseline_power"": 4127.20166015625, ""bin_index"": 627343, ""fft_size"": 1048576, ""interp_delta_bins"": 0.01782172323138002, ""freq_bin_hz"": 1.953125, ""dc_exclude_hz"": 5000.0, ""edge_exclude_hz"": 10000.0, ""novelty_enabled"": true, ""novelty_freq_tol_hz"": 5000.0, ""novelty_cooldown_s"": 3.0, ""novelty_score_delta"": 0.15, ""min_snr_db"": 8.0, ""min_prominence_db"": 6.0, ""local_window_bins"": 5, ""neighbor_support_db"": 3.0, ""method"": ""periodogram:hann+interp+dc_notch+edge_notch+guards+novelty+prominence""}"
b57cb47d-dddc-4f15-9da7-d5b33a6018de,2025-08-25T20:29:54.094331,98188437.18947081,amplitude,1.0,critical,"Peak at 98.188437 MHz, SNR=43.9 dB, score=1.00",lite,7b628ed1-84a5-4900-bddc-ca70d7341d87,"{""peak_power"": 98924664.0, ""baseline_power"": 3984.41845703125, ""bin_index"": 620768, ""fft_size"": 1048576, ""interp_delta_bins"": -0.15899094537434258, ""freq_bin_hz"": 1.953125, ""dc_exclude_hz"": 5000.0, ""edge_exclude_hz"": 10000.0, ""novelty_enabled"": true, ""novelty_freq_tol_hz"": 5000.0, ""novelty_cooldown_s"": 3.0, ""novelty_score_delta"": 0.15, ""min_snr_db"": 8.0, ""min_prominence_db"": 6.0, ""local_window_bins"": 5, ""neighbor_support_db"": 3.0, ""method"": ""periodogram:hann+interp+dc_notch+edge_notch+guards+novelty+prominence""}"
c073e75b-e5eb-4e62-986c-d6744146b34a,2025-08-25T20:30:00.695456,98197360.04500586,amplitude,1.0,critical,"Peak at 98.197360 MHz, SNR=43.8 dB, score=1.00",lite,cd17123e-54e5-4d9d-b44c-7099e53f1a95,"{""peak_power"": 100503168.0, ""baseline_power"": 4150.533203125, ""bin_index"": 625336, ""fft_size"": 1048576, ""interp_delta_bins"": 0.34304299848707737, ""freq_bin_hz"": 1.953125, ""dc_exclude_hz"": 5000.0, ""edge_exclude_hz"": 10000.0, ""novelty_enabled"": true, ""novelty_freq_tol_hz"": 5000.0, ""novelty_cooldown_s"": 3.0, ""novelty_score_delta"": 0.15, ""min_snr_db"": 8.0, ""min_prominence_db"": 6.0, ""local_window_bins"": 5, ""neighbor_support_db"": 3.0, ""method"": ""periodogram:hann+interp+dc_notch+edge_notch+guards+novelty+prominence""}"
a787f10f-7ce7-4ecf-8717-f2e3102120ff,2025-08-25T20:30:07.239457,98196261.89138134,amplitude,1.0,critical,"Peak at 98.196262 MHz, SNR=44.3 dB, score=1.00",lite,cc55355a-8846-4723-80f5-880009b74265,"{""peak_power"": 114350792.0, ""baseline_power"": 4257.4931640625, ""bin_index"": 624774, ""fft_size"": 1048576, ""interp_delta_bins"": 0.08838724489854238, ""freq_bin_hz"": 1.953125, ""dc_exclude_hz"": 5000.0, ""edge_exclude_hz"": 10000.0, ""novelty_enabled"": true, ""novelty_freq_tol_hz"": 5000.0, ""novelty_cooldown_s"": 3.0, ""novelty_score_delta"": 0.15, ""min_snr_db"": 8.0, ""min_prominence_db"": 6.0, ""local_window_bins"": 5, ""neighbor_support_db"": 3.0, ""method"": ""periodogram:hann+interp+dc_notch+edge_notch+guards+novelty+prominence""}"
b82150ab-ee11-463f-935c-8d0afe4022ab,2025-08-25T20:30:13.790371,98186059.58254096,amplitude,1.0,critical,"Peak at 98.186060 MHz, SNR=43.5 dB, score=1.00",lite,eb43c4d6-53a1-4eed-aa28-46c51ed99b40,"{""peak_power"": 93794232.0, ""baseline_power"": 4153.220703125, ""bin_index"": 619551, ""fft_size"": 1048576, ""interp_delta_bins"": -0.49373902793885366, ""freq_bin_hz"": 1.953125, ""dc_exclude_hz"": 5000.0, ""edge_exclude_hz"": 10000.0, ""novelty_enabled"": true, ""novelty_freq_tol_hz"": 5000.0, ""novelty_cooldown_s"": 3.0, ""novelty_score_delta"": 0.15, ""min_snr_db"": 8.0, ""min_prominence_db"": 6.0, ""local_window_bins"": 5, ""neighbor_support_db"": 3.0, ""method"": ""periodogram:hann+interp+dc_notch+edge_notch+guards+novelty+prominence""}"
5a644e48-dcda-426b-9fbf-2484d0aa1782,2025-08-25T20:30:33.456440,98193736.53261401,amplitude,1.0,critical,"Peak at 98.193737 MHz, SNR=44.6 dB, score=1.00",lite,66f21f2e-d859-4352-9e3a-892b4f81a0bc,"{""peak_power"": 115573760.0, ""baseline_power"": 4021.23974609375, ""bin_index"": 623481, ""fft_size"": 1048576, ""interp_delta_bins"": 0.10469837485389843, ""freq_bin_hz"": 1.953125, ""dc_exclude_hz"": 5000.0, ""edge_exclude_hz"": 10000.0, ""novelty_enabled"": true, ""novelty_freq_tol_hz"": 5000.0, ""novelty_cooldown_s"": 3.0, ""novelty_score_delta"": 0.15, ""min_snr_db"": 8.0, ""min_prominence_db"": 6.0, ""local_window_bins"": 5, ""neighbor_support_db"": 3.0, ""method"": ""periodogram:hann+interp+dc_notch+edge_notch+guards+novelty+prominence""}"
bbc4a375-200a-40df-a6df-8c728c05da6d,2025-08-25T20:30:40.029333,98203203.44581805,amplitude,1.0,critical,"Peak at 98.203203 MHz, SNR=43.2 dB, score=1.00",lite,956cfa69-5a5a-4449-8cfa-3b9dc0c75238,"{""peak_power"": 85841536.0, ""baseline_power"": 4140.10400390625, ""bin_index"": 628328, ""fft_size"": 1048576, ""interp_delta_bins"": 0.16425883953424747, ""freq_bin_hz"": 1.953125, ""dc_exclude_hz"": 5000.0, ""edge_exclude_hz"": 10000.0, ""novelty_enabled"": true, ""novelty_freq_tol_hz"": 5000.0, ""novelty_cooldown_s"": 3.0, ""novelty_score_delta"": 0.15, ""min_snr_db"": 8.0, ""min_prominence_db"": 6.0, ""local_window_bins"": 5, ""neighbor_support_db"": 3.0, ""method"": ""periodogram:hann+interp+dc_notch+edge_notch+guards+novelty+prominence""}"
791b3694-6a25-4a65-b8e7-722cbb65ae52,2025-08-25T20:30:46.589859,98193515.55700263,amplitude,1.0,critical,"Peak at 98.193516 MHz, SNR=45.5 dB, score=1.00",lite,544fd30d-12ff-449c-90ad-eabeb3ecbab4,"{""peak_power"": 139218320.0, ""baseline_power"": 3967.060791015625, ""bin_index"": 623368, ""fft_size"": 1048576, ""interp_delta_bins"": -0.034814651664695356, ""freq_bin_hz"": 1.953125, ""dc_exclude_hz"": 5000.0, ""edge_exclude_hz"": 10000.0, ""novelty_enabled"": true, ""novelty_freq_tol_hz"": 5000.0, ""novelty_cooldown_s"": 3.0, ""novelty_score_delta"": 0.15, ""min_snr_db"": 8.0, ""min_prominence_db"": 6.0, ""local_window_bins"": 5, ""neighbor_support_db"": 3.0, ""method"": ""periodogram:hann+interp+dc_notch+edge_notch+guards+novelty+prominence""}"
3b90bdab-9166-4b2a-a2a1-cbe7a1f4b67b,2025-08-25T20:30:59.706299,98175267.61985792,amplitude,1.0,critical,"Peak at 98.175268 MHz, SNR=43.4 dB, score=1.00",lite,85ea6856-0f73-444e-985d-d3d1adf7c075,"{""peak_power"": 86477232.0, ""baseline_power"": 3976.9638671875, ""bin_index"": 614025, ""fft_size"": 1048576, ""interp_delta_bins"": 0.0213672580342328, ""freq_bin_hz"": 1.953125, ""dc_exclude_hz"": 5000.0, ""edge_exclude_hz"": 10000.0, ""novelty_enabled"": true, ""novelty_freq_tol_hz"": 5000.0, ""novelty_cooldown_s"": 3.0, ""novelty_score_delta"": 0.15, ""min_snr_db"": 8.0, ""min_prominence_db"": 6.0, ""local_window_bins"": 5, ""neighbor_support_db"": 3.0, ""method"": ""periodogram:hann+interp+dc_notch+edge_notch+guards+novelty+prominence""}"
ec69c416-d5fe-4f3e-bf50-440824c134b1,2025-08-25T20:31:19.376057,98202659.53006925,amplitude,1.0,critical,"Peak at 98.202660 MHz, SNR=46.0 dB, score=1.00",lite,8bb57331-2752-4790-8604-e53f71bd3162,"{""peak_power"": 156342688.0, ""baseline_power"": 3930.021484375, ""bin_index"": 628050, ""fft_size"": 1048576, ""interp_delta_bins"": -0.32060454671403343, ""freq_bin_hz"": 1.953125, ""dc_exclude_hz"": 5000.0, ""edge_exclude_hz"": 10000.0, ""novelty_enabled"": true, ""novelty_freq_tol_hz"": 5000.0, ""novelty_cooldown_s"": 3.0, ""novelty_score_delta"": 0.15, ""min_snr_db"": 8.0, ""min_prominence_db"": 6.0, ""local_window_bins"": 5, ""neighbor_support_db"": 3.0, ""method"": ""periodogram:hann+interp+dc_notch+edge_notch+guards+novelty+prominence""}"
610e52ca-2f0a-48ab-bb2c-09eb26300e3d,2025-08-25T20:31:25.941715,98194852.44151749,amplitude,1.0,critical,"Peak at 98.194852 MHz, SNR=44.2 dB, score=1.00",lite,d37b93a6-c578-4827-8098-d3766f1c3639,"{""peak_power"": 108110720.0, ""baseline_power"": 4081.264892578125, ""bin_index"": 624052, ""fft_size"": 1048576, ""interp_delta_bins"": 0.45005695447662186, ""freq_bin_hz"": 1.953125, ""dc_exclude_hz"": 5000.0, ""edge_exclude_hz"": 10000.0, ""novelty_enabled"": true, ""novelty_freq_tol_hz"": 5000.0, ""novelty_cooldown_s"": 3.0, ""novelty_score_delta"": 0.15, ""min_snr_db"": 8.0, ""min_prominence_db"": 6.0, ""local_window_bins"": 5, ""neighbor_support_db"": 3.0, ""method"": ""periodogram:hann+interp+dc_notch+edge_notch+guards+novelty+prominence""}"
034042d4-c176-4963-9718-422b3b003dde,2025-08-25T20:31:32.520546,98195829.58684312,amplitude,1.0,critical,"Peak at 98.195830 MHz, SNR=43.6 dB, score=1.00",lite,af29d3e7-151a-4fa3-888a-39a6a9f75c9a,"{""peak_power"": 94208592.0, ""baseline_power"": 4104.3310546875, ""bin_index"": 624553, ""fft_size"": 1048576, ""interp_delta_bins"": -0.25153632574184615, ""freq_bin_hz"": 1.953125, ""dc_exclude_hz"": 5000.0, ""edge_exclude_hz"": 10000.0, ""novelty_enabled"": true, ""novelty_freq_tol_hz"": 5000.0, ""novelty_cooldown_s"": 3.0, ""novelty_score_delta"": 0.15, ""min_snr_db"": 8.0, ""min_prominence_db"": 6.0, ""local_window_bins"": 5, ""neighbor_support_db"": 3.0, ""method"": ""periodogram:hann+interp+dc_notch+edge_notch+guards+novelty+prominence""}"
